clip,recorder,datetime,ref_top1,ref_conf,rms,fp32_raw_top1,fp32_raw_conf,fp32_allow_top1,fp32_allow_conf,fp32_conf_for_ref,fp32_raw_match,fp32_allow_match,fp32_conf_match,fp32_det_set,fp32_det_n,fp16_raw_top1,fp16_raw_conf,fp16_allow_top1,fp16_allow_conf,fp16_conf_for_ref,fp16_raw_match,fp16_allow_match,fp16_conf_match,fp16_det_set,fp16_det_n,det_sets_identical
Audio_Moth_6_20250321_062605.wav,Audio_Moth_6,2025-03-21 06:00:00,Threnetes ruckeri_Band-tailed Barbthroat,0.3666633,0.026894252747297287,Threnetes ruckeri_Band-tailed Barbthroat,0.3666633665561676,Threnetes ruckeri_Band-tailed Barbthroat,0.3666633665561676,0.3666633665561676,True,True,True,Threnetes ruckeri_Band-tailed Barbthroat,1,Threnetes ruckeri_Band-tailed Barbthroat,0.37290915846824646,Threnetes ruckeri_Band-tailed Barbthroat,0.37290915846824646,0.37290915846824646,True,True,False,Threnetes ruckeri_Band-tailed Barbthroat,1,True
Audio_Moth_6_20250321_062614.wav,Audio_Moth_6,2025-03-21 06:00:00,Myiothlypis fulvicauda_Buff-rumped Warbler,0.99675983,0.028175292536616325,Myiothlypis fulvicauda_Buff-rumped Warbler,0.996759831905365,Myiothlypis fulvicauda_Buff-rumped Warbler,0.996759831905365,0.996759831905365,True,True,True,Myiothlypis fulvicauda_Buff-rumped Warbler,1,Myiothlypis fulvicauda_Buff-rumped Warbler,0.9967114925384521,Myiothlypis fulvicauda_Buff-rumped Warbler,0.9967114925384521,0.9967114925384521,True,True,True,Myiothlypis fulvicauda_Buff-rumped Warbler,1,True
Audio_Moth_6_20250321_062617.wav,Audio_Moth_6,2025-03-21 06:00:00,Myiothlypis fulvicauda_Buff-rumped Warbler,0.99494165,0.03575999662280083,Myiothlypis fulvicauda_Buff-rumped Warbler,0.9949416518211365,Myiothlypis fulvicauda_Buff-rumped Warbler,0.9949416518211365,0.9949416518211365,True,True,True,Myiothlypis fulvicauda_Buff-rumped Warbler,1,Myiothlypis fulvicauda_Buff-rumped Warbler,0.9949448704719543,Myiothlypis fulvicauda_Buff-rumped Warbler,0.9949448704719543,0.9949448704719543,True,True,True,Myiothlypis fulvicauda_Buff-rumped Warbler,1,True
Audio_Moth_6_20250321_062623.wav,Audio_Moth_6,2025-03-21 06:00:00,Myiothlypis fulvicauda_Buff-rumped Warbler,0.99746275,0.030909540131688118,Myiothlypis fulvicauda_Buff-rumped Warbler,0.9974627494812012,Myiothlypis fulvicauda_Buff-rumped Warbler,0.9974627494812012,0.9974627494812012,True,True,True,Myiothlypis fulvicauda_Buff-rumped Warbler,1,Myiothlypis fulvicauda_Buff-rumped Warbler,0.9974669218063354,Myiothlypis fulvicauda_Buff-rumped Warbler,0.9974669218063354,0.9974669218063354,True,True,True,Myiothlypis fulvicauda_Buff-rumped Warbler,1,True
Audio_Moth_6_20250321_062626.wav,Audio_Moth_6,2025-03-21 06:00:00,Myiothlypis fulvicauda_Buff-rumped Warbler,0.9938413,0.04043298959732056,Myiothlypis fulvicauda_Buff-rumped Warbler,0.993841290473938,Myiothlypis fulvicauda_Buff-rumped Warbler,0.993841290473938,0.993841290473938,True,True,True,Myiothlypis fulvicauda_Buff-rumped Warbler,1,Myiothlypis fulvicauda_Buff-rumped Warbler,0.9938079714775085,Myiothlypis fulvicauda_Buff-rumped Warbler,0.9938079714775085,0.9938079714775085,True,True,True,Myiothlypis fulvicauda_Buff-rumped Warbler,1,True
Audio_Moth_6_20250321_062629.wav,Audio_Moth_6,2025-03-21 06:00:00,Arremon aurantiirostris_Orange-billed Sparrow,0.62615573,0.03233936429023743,Arremon aurantiirostris_Orange-billed Sparrow,0.6261534690856934,Arremon aurantiirostris_Orange-billed Sparrow,0.6261534690856934,0.6261534690856934,True,True,True,Arremon aurantiirostris_Orange-billed Sparrow,1,Arremon aurantiirostris_Orange-billed Sparrow,0.6295539140701294,Arremon aurantiirostris_Orange-billed Sparrow,0.6295539140701294,0.6295539140701294,True,True,False,Arremon aurantiirostris_Orange-billed Sparrow,1,True
Audio_Moth_6_20250321_062638.wav,Audio_Moth_6,2025-03-21 06:00:00,Myiothlypis fulvicauda_Buff-rumped Warbler,0.31088883,0.03285389393568039,Myiothlypis fulvicauda_Buff-rumped Warbler,0.3108881413936615,Myiothlypis fulvicauda_Buff-rumped Warbler,0.3108881413936615,0.3108881413936615,True,True,True,Myiothlypis fulvicauda_Buff-rumped Warbler,1,Myiothlypis fulvicauda_Buff-rumped Warbler,0.31040287017822266,Myiothlypis fulvicauda_Buff-rumped Warbler,0.31040287017822266,0.31040287017822266,True,True,True,Myiothlypis fulvicauda_Buff-rumped Warbler,1,True
Audio_Moth_6_20250321_062641.wav,Audio_Moth_6,2025-03-21 06:00:00,Habia atrimaxillaris_Black-cheeked Ant-Tanager,0.9840994,0.03593430295586586,Habia atrimaxillaris_Black-cheeked Ant-Tanager,0.9840989708900452,Habia atrimaxillaris_Black-cheeked Ant-Tanager,0.9840989708900452,0.9840989708900452,True,True,True,Habia atrimaxillaris_Black-cheeked Ant-Tanager,1,Habia atrimaxillaris_Black-cheeked Ant-Tanager,0.983709454536438,Habia atrimaxillaris_Black-cheeked Ant-Tanager,0.983709454536438,0.983709454536438,True,True,True,Habia atrimaxillaris_Black-cheeked Ant-Tanager,1,True
Audio_Moth_6_20250321_062644.wav,Audio_Moth_6,2025-03-21 06:00:00,Habia atrimaxillaris_Black-cheeked Ant-Tanager,0.8337681,0.030333030968904495,Habia atrimaxillaris_Black-cheeked Ant-Tanager,0.8337698578834534,Habia atrimaxillaris_Black-cheeked Ant-Tanager,0.8337698578834534,0.8337698578834534,True,True,True,Habia atrimaxillaris_Black-cheeked Ant-Tanager;Habia fuscicauda_Red-throated Ant-Tanager;Myiothlypis fulvicauda_Buff-rumped Warbler,3,Habia atrimaxillaris_Black-cheeked Ant-Tanager,0.8309944272041321,Habia atrimaxillaris_Black-cheeked Ant-Tanager,0.8309944272041321,0.8309944272041321,True,True,False,Habia atrimaxillaris_Black-cheeked Ant-Tanager;Habia fuscicauda_Red-throated Ant-Tanager;Myiothlypis fulvicauda_Buff-rumped Warbler,3,True
Audio_Moth_6_20250321_062647.wav,Audio_Moth_6,2025-03-21 06:00:00,Myiothlypis fulvicauda_Buff-rumped Warbler,0.6571788,0.02867085300385952,Myiothlypis fulvicauda_Buff-rumped Warbler,0.6571791768074036,Myiothlypis fulvicauda_Buff-rumped Warbler,0.6571791768074036,0.6571791768074036,True,True,True,Myiothlypis fulvicauda_Buff-rumped Warbler,1,Myiothlypis fulvicauda_Buff-rumped Warbler,0.6589714884757996,Myiothlypis fulvicauda_Buff-rumped Warbler,0.6589714884757996,0.6589714884757996,True,True,False,Myiothlypis fulvicauda_Buff-rumped Warbler,1,True
Audio_Moth_6_20250321_062659.wav,Audio_Moth_6,2025-03-21 06:00:00,Habia atrimaxillaris_Black-cheeked Ant-Tanager,0.9876144,0.031954843550920486,Habia atrimaxillaris_Black-cheeked Ant-Tanager,0.9876145124435425,Habia atrimaxillaris_Black-cheeked Ant-Tanager,0.9876145124435425,0.9876145124435425,True,True,True,Habia atrimaxillaris_Black-cheeked Ant-Tanager;Habia fuscicauda_Red-throated Ant-Tanager,2,Habia atrimaxillaris_Black-cheeked Ant-Tanager,0.9876741766929626,Habia atrimaxillaris_Black-cheeked Ant-Tanager,0.9876741766929626,0.9876741766929626,True,True,True,Habia atrimaxillaris_Black-cheeked Ant-Tanager;Habia fuscicauda_Red-throated Ant-Tanager,2,True
Audio_Moth_6_20250321_062744.wav,Audio_Moth_6,2025-03-21 06:00:00,Habia atrimaxillaris_Black-cheeked Ant-Tanager,0.9948997,0.027789469808340073,Habia atrimaxillaris_Black-cheeked Ant-Tanager,0.9948996901512146,Habia atrimaxillaris_Black-cheeked Ant-Tanager,0.9948996901512146,0.9948996901512146,True,True,True,Habia atrimaxillaris_Black-cheeked Ant-Tanager,1,Habia atrimaxillaris_Black-cheeked Ant-Tanager,0.9948605895042419,Habia atrimaxillaris_Black-cheeked Ant-Tanager,0.9948605895042419,0.9948605895042419,True,True,True,Habia atrimaxillaris_Black-cheeked Ant-Tanager,1,True
Audio_Moth_6_20250321_062753.wav,Audio_Moth_6,2025-03-21 06:00:00,Myiothlypis fulvicauda_Buff-rumped Warbler,0.38452655,0.021944092586636543,Myiothlypis fulvicauda_Buff-rumped Warbler,0.3845287263393402,Myiothlypis fulvicauda_Buff-rumped Warbler,0.3845287263393402,0.3845287263393402,True,True,True,Myiothlypis fulvicauda_Buff-rumped Warbler,1,Myiothlypis fulvicauda_Buff-rumped Warbler,0.3873431980609894,Myiothlypis fulvicauda_Buff-rumped Warbler,0.3873431980609894,0.3873431980609894,True,True,False,Myiothlypis fulvicauda_Buff-rumped Warbler,1,True
Audio_Moth_6_20250321_062756.wav,Audio_Moth_6,2025-03-21 06:00:00,Myiothlypis fulvicauda_Buff-rumped Warbler,0.2509862,0.023242678493261337,Myiothlypis fulvicauda_Buff-rumped Warbler,0.25098758935928345,Myiothlypis fulvicauda_Buff-rumped Warbler,0.25098758935928345,0.25098758935928345,True,True,True,Myiothlypis fulvicauda_Buff-rumped Warbler,1,Myiothlypis fulvicauda_Buff-rumped Warbler,0.25097501277923584,Myiothlypis fulvicauda_Buff-rumped Warbler,0.25097501277923584,0.25097501277923584,True,True,True,Myiothlypis fulvicauda_Buff-rumped Warbler,1,True
Audio_Moth_6_20250321_062808.wav,Audio_Moth_6,2025-03-21 06:00:00,Myiothlypis fulvicauda_Buff-rumped Warbler,0.9954816,0.024184083566069603,Myiothlypis fulvicauda_Buff-rumped Warbler,0.9954817295074463,Myiothlypis fulvicauda_Buff-rumped Warbler,0.9954817295074463,0.9954817295074463,True,True,True,Myiothlypis fulvicauda_Buff-rumped Warbler,1,Myiothlypis fulvicauda_Buff-rumped Warbler,0.9955006241798401,Myiothlypis fulvicauda_Buff-rumped Warbler,0.9955006241798401,0.9955006241798401,True,True,True,Myiothlypis fulvicauda_Buff-rumped Warbler,1,True
Audio_Moth_6_20250321_062811.wav,Audio_Moth_6,2025-03-21 06:00:00,Myiothlypis fulvicauda_Buff-rumped Warbler,0.9881931,0.028652135282754898,Myiothlypis fulvicauda_Buff-rumped Warbler,0.9881930947303772,Myiothlypis fulvicauda_Buff-rumped Warbler,0.9881930947303772,0.9881930947303772,True,True,True,Myiothlypis fulvicauda_Buff-rumped Warbler,1,Myiothlypis fulvicauda_Buff-rumped Warbler,0.9880280494689941,Myiothlypis fulvicauda_Buff-rumped Warbler,0.9880280494689941,0.9880280494689941,True,True,True,Myiothlypis fulvicauda_Buff-rumped Warbler,1,True
Audio_Moth_6_20250321_062826.wav,Audio_Moth_6,2025-03-21 06:00:00,Threnetes ruckeri_Band-tailed Barbthroat,0.251891,0.01938987895846367,Threnetes ruckeri_Band-tailed Barbthroat,0.2518908977508545,Threnetes ruckeri_Band-tailed Barbthroat,0.2518908977508545,0.2518908977508545,True,True,True,Threnetes ruckeri_Band-tailed Barbthroat,1,Threnetes ruckeri_Band-tailed Barbthroat,0.2632736563682556,Threnetes ruckeri_Band-tailed Barbthroat,0.2632736563682556,0.2632736563682556,True,True,False,Threnetes ruckeri_Band-tailed Barbthroat,1,True
Audio_Moth_6_20250321_062847.wav,Audio_Moth_6,2025-03-21 06:00:00,Myiothlypis fulvicauda_Buff-rumped Warbler,0.39029396,0.026007097214460373,Myiothlypis fulvicauda_Buff-rumped Warbler,0.39029639959335327,Myiothlypis fulvicauda_Buff-rumped Warbler,0.39029639959335327,0.39029639959335327,True,True,True,Myiothlypis fulvicauda_Buff-rumped Warbler,1,Myiothlypis fulvicauda_Buff-rumped Warbler,0.38914936780929565,Myiothlypis fulvicauda_Buff-rumped Warbler,0.38914936780929565,0.38914936780929565,True,True,False,Myiothlypis fulvicauda_Buff-rumped Warbler,1,True
Audio_Moth_6_20250321_062850.wav,Audio_Moth_6,2025-03-21 06:00:00,Myiothlypis fulvicauda_Buff-rumped Warbler,0.9961437,0.03342822566628456,Myiothlypis fulvicauda_Buff-rumped Warbler,0.9961435794830322,Myiothlypis fulvicauda_Buff-rumped Warbler,0.9961435794830322,0.9961435794830322,True,True,True,Myiothlypis fulvicauda_Buff-rumped Warbler,1,Myiothlypis fulvicauda_Buff-rumped Warbler,0.9961264729499817,Myiothlypis fulvicauda_Buff-rumped Warbler,0.9961264729499817,0.9961264729499817,True,True,True,Myiothlypis fulvicauda_Buff-rumped Warbler,1,True
Audio_Moth_6_20250321_062853.wav,Audio_Moth_6,2025-03-21 06:00:00,Myiothlypis fulvicauda_Buff-rumped Warbler,0.47487947,0.026150908321142197,Myiothlypis fulvicauda_Buff-rumped Warbler,0.474875271320343,Myiothlypis fulvicauda_Buff-rumped Warbler,0.474875271320343,0.474875271320343,True,True,True,Myiothlypis fulvicauda_Buff-rumped Warbler,1,Myiothlypis fulvicauda_Buff-rumped Warbler,0.47424784302711487,Myiothlypis fulvicauda_Buff-rumped Warbler,0.47424784302711487,0.47424784302711487,True,True,True,Myiothlypis fulvicauda_Buff-rumped Warbler,1,True
Audio_Moth_6_20250321_062914.wav,Audio_Moth_6,2025-03-21 06:00:00,Myiothlypis fulvicauda_Buff-rumped Warbler,0.99079704,0.024089407175779343,Myiothlypis fulvicauda_Buff-rumped Warbler,0.9907969236373901,Myiothlypis fulvicauda_Buff-rumped Warbler,0.9907969236373901,0.9907969236373901,True,True,True,Myiothlypis fulvicauda_Buff-rumped Warbler,1,Myiothlypis fulvicauda_Buff-rumped Warbler,0.9908363819122314,Myiothlypis fulvicauda_Buff-rumped Warbler,0.9908363819122314,0.9908363819122314,True,True,True,Myiothlypis fulvicauda_Buff-rumped Warbler,1,True
Audio_Moth_6_20250321_062917.wav,Audio_Moth_6,2025-03-21 06:00:00,Myiothlypis fulvicauda_Buff-rumped Warbler,0.9926103,0.027908431366086006,Myiothlypis fulvicauda_Buff-rumped Warbler,0.9926102757453918,Myiothlypis fulvicauda_Buff-rumped Warbler,0.9926102757453918,0.9926102757453918,True,True,True,Myiothlypis fulvicauda_Buff-rumped Warbler,1,Myiothlypis fulvicauda_Buff-rumped Warbler,0.9925750494003296,Myiothlypis fulvicauda_Buff-rumped Warbler,0.9925750494003296,0.9925750494003296,True,True,True,Myiothlypis fulvicauda_Buff-rumped Warbler,1,True
Audio_Moth_6_20250321_062941.wav,Audio_Moth_6,2025-03-21 06:00:00,Myiothlypis fulvicauda_Buff-rumped Warbler,0.9800132,0.029643964022397995,Myiothlypis fulvicauda_Buff-rumped Warbler,0.9800130724906921,Myiothlypis fulvicauda_Buff-rumped Warbler,0.9800130724906921,0.9800130724906921,True,True,True,Myiothlypis fulvicauda_Buff-rumped Warbler,1,Myiothlypis fulvicauda_Buff-rumped Warbler,0.9800655245780945,Myiothlypis fulvicauda_Buff-rumped Warbler,0.9800655245780945,0.9800655245780945,True,True,True,Myiothlypis fulvicauda_Buff-rumped Warbler,1,True
Audio_Moth_6_20250321_062944.wav,Audio_Moth_6,2025-03-21 06:00:00,Myiothlypis fulvicauda_Buff-rumped Warbler,0.90040326,0.026003722101449966,Myiothlypis fulvicauda_Buff-rumped Warbler,0.9004024863243103,Myiothlypis fulvicauda_Buff-rumped Warbler,0.9004024863243103,0.9004024863243103,True,True,True,Myiothlypis fulvicauda_Buff-rumped Warbler,1,Myiothlypis fulvicauda_Buff-rumped Warbler,0.9006903171539307,Myiothlypis fulvicauda_Buff-rumped Warbler,0.9006903171539307,0.9006903171539307,True,True,True,Myiothlypis fulvicauda_Buff-rumped Warbler,1,True
Audio_Moth_6_20250321_062947.wav,Audio_Moth_6,2025-03-21 06:00:00,Myiothlypis fulvicauda_Buff-rumped Warbler,0.6149803,0.02655823715031147,Myiothlypis fulvicauda_Buff-rumped Warbler,0.6149783134460449,Myiothlypis fulvicauda_Buff-rumped Warbler,0.6149783134460449,0.6149783134460449,True,True,True,Myiothlypis fulvicauda_Buff-rumped Warbler,1,Myiothlypis fulvicauda_Buff-rumped Warbler,0.6143478751182556,Myiothlypis fulvicauda_Buff-rumped Warbler,0.6143478751182556,0.6143478751182556,True,True,True,Myiothlypis fulvicauda_Buff-rumped Warbler,1,True
Audio_Moth_6_20250321_062950.wav,Audio_Moth_6,2025-03-21 06:00:00,Myiothlypis fulvicauda_Buff-rumped Warbler,0.8622275,0.030033446848392487,Myiothlypis fulvicauda_Buff-rumped Warbler,0.8622274398803711,Myiothlypis fulvicauda_Buff-rumped Warbler,0.8622274398803711,0.8622274398803711,True,True,True,Myiothlypis fulvicauda_Buff-rumped Warbler,1,Myiothlypis fulvicauda_Buff-rumped Warbler,0.8617401719093323,Myiothlypis fulvicauda_Buff-rumped Warbler,0.8617401719093323,0.8617401719093323,True,True,True,Myiothlypis fulvicauda_Buff-rumped Warbler,1,True
Audio_Moth_6_20250321_062959.wav,Audio_Moth_6,2025-03-21 06:00:00,Myiothlypis fulvicauda_Buff-rumped Warbler,0.6779331,0.033720165491104126,Myiothlypis fulvicauda_Buff-rumped Warbler,0.677932858467102,Myiothlypis fulvicauda_Buff-rumped Warbler,0.677932858467102,0.677932858467102,True,True,True,Myiothlypis fulvicauda_Buff-rumped Warbler,1,Myiothlypis fulvicauda_Buff-rumped Warbler,0.6827516555786133,Myiothlypis fulvicauda_Buff-rumped Warbler,0.6827516555786133,0.6827516555786133,True,True,False,Myiothlypis fulvicauda_Buff-rumped Warbler,1,True
Audio_Moth_6_20250321_063002.wav,Audio_Moth_6,2025-03-21 07:00:00,Myiothlypis fulvicauda_Buff-rumped Warbler,0.91228527,0.040593553334474564,Myiothlypis fulvicauda_Buff-rumped Warbler,0.9122854471206665,Myiothlypis fulvicauda_Buff-rumped Warbler,0.9122854471206665,0.9122854471206665,True,True,True,Myiothlypis fulvicauda_Buff-rumped Warbler,1,Myiothlypis fulvicauda_Buff-rumped Warbler,0.9120121002197266,Myiothlypis fulvicauda_Buff-rumped Warbler,0.9120121002197266,0.9120121002197266,True,True,True,Myiothlypis fulvicauda_Buff-rumped Warbler,1,True
Audio_Moth_6_20250321_063008.wav,Audio_Moth_6,2025-03-21 07:00:00,Myiothlypis fulvicauda_Buff-rumped Warbler,0.9506579,0.035810958594083786,Myiothlypis fulvicauda_Buff-rumped Warbler,0.9506584405899048,Myiothlypis fulvicauda_Buff-rumped Warbler,0.9506584405899048,0.9506584405899048,True,True,True,Myiothlypis fulvicauda_Buff-rumped Warbler,1,Myiothlypis fulvicauda_Buff-rumped Warbler,0.9499868154525757,Myiothlypis fulvicauda_Buff-rumped Warbler,0.9499868154525757,0.9499868154525757,True,True,True,Myiothlypis fulvicauda_Buff-rumped Warbler,1,True
Audio_Moth_6_20250321_063011.wav,Audio_Moth_6,2025-03-21 07:00:00,Myiothlypis fulvicauda_Buff-rumped Warbler,0.9777164,0.03639323264360428,Myiothlypis fulvicauda_Buff-rumped Warbler,0.9777165055274963,Myiothlypis fulvicauda_Buff-rumped Warbler,0.9777165055274963,0.9777165055274963,True,True,True,Myiothlypis fulvicauda_Buff-rumped Warbler,1,Myiothlypis fulvicauda_Buff-rumped Warbler,0.9774525165557861,Myiothlypis fulvicauda_Buff-rumped Warbler,0.9774525165557861,0.9774525165557861,True,True,True,Myiothlypis fulvicauda_Buff-rumped Warbler,1,True
Audio_Moth_6_20250321_063017.wav,Audio_Moth_6,2025-03-21 07:00:00,Myiothlypis fulvicauda_Buff-rumped Warbler,0.53935504,0.02669435366988182,Myiothlypis fulvicauda_Buff-rumped Warbler,0.5393581390380859,Myiothlypis fulvicauda_Buff-rumped Warbler,0.5393581390380859,0.5393581390380859,True,True,True,Myiothlypis fulvicauda_Buff-rumped Warbler,1,Myiothlypis fulvicauda_Buff-rumped Warbler,0.5365089774131775,Myiothlypis fulvicauda_Buff-rumped Warbler,0.5365089774131775,0.5365089774131775,True,True,False,Myiothlypis fulvicauda_Buff-rumped Warbler,1,True
Audio_Moth_6_20250321_063020.wav,Audio_Moth_6,2025-03-21 07:00:00,Myiothlypis fulvicauda_Buff-rumped Warbler,0.7854224,0.02534465491771698,Myiothlypis fulvicauda_Buff-rumped Warbler,0.785422682762146,Myiothlypis fulvicauda_Buff-rumped Warbler,0.785422682762146,0.785422682762146,True,True,True,Myiothlypis fulvicauda_Buff-rumped Warbler,1,Myiothlypis fulvicauda_Buff-rumped Warbler,0.7849631905555725,Myiothlypis fulvicauda_Buff-rumped Warbler,0.7849631905555725,0.7849631905555725,True,True,True,Myiothlypis fulvicauda_Buff-rumped Warbler,1,True
Audio_Moth_6_20250321_063032.wav,Audio_Moth_6,2025-03-21 07:00:00,Myiothlypis fulvicauda_Buff-rumped Warbler,0.9735951,0.02190406620502472,Myiothlypis fulvicauda_Buff-rumped Warbler,0.973595380783081,Myiothlypis fulvicauda_Buff-rumped Warbler,0.973595380783081,0.973595380783081,True,True,True,Myiothlypis fulvicauda_Buff-rumped Warbler,1,Myiothlypis fulvicauda_Buff-rumped Warbler,0.9729751944541931,Myiothlypis fulvicauda_Buff-rumped Warbler,0.9729751944541931,0.9729751944541931,True,True,True,Myiothlypis fulvicauda_Buff-rumped Warbler,1,True
Audio_Moth_6_20250321_063035.wav,Audio_Moth_6,2025-03-21 07:00:00,Myiothlypis fulvicauda_Buff-rumped Warbler,0.90994763,0.021327143535017967,Myiothlypis fulvicauda_Buff-rumped Warbler,0.9099500775337219,Myiothlypis fulvicauda_Buff-rumped Warbler,0.9099500775337219,0.9099500775337219,True,True,True,Myiothlypis fulvicauda_Buff-rumped Warbler,1,Myiothlypis fulvicauda_Buff-rumped Warbler,0.9101672172546387,Myiothlypis fulvicauda_Buff-rumped Warbler,0.9101672172546387,0.9101672172546387,True,True,True,Myiothlypis fulvicauda_Buff-rumped Warbler,1,True
Audio_Moth_6_20250321_063044.wav,Audio_Moth_6,2025-03-21 07:00:00,Myiothlypis fulvicauda_Buff-rumped Warbler,0.7679971,0.018786601722240448,Myiothlypis fulvicauda_Buff-rumped Warbler,0.7679980993270874,Myiothlypis fulvicauda_Buff-rumped Warbler,0.7679980993270874,0.7679980993270874,True,True,True,Myiothlypis fulvicauda_Buff-rumped Warbler,1,Myiothlypis fulvicauda_Buff-rumped Warbler,0.7706205248832703,Myiothlypis fulvicauda_Buff-rumped Warbler,0.7706205248832703,0.7706205248832703,True,True,False,Myiothlypis fulvicauda_Buff-rumped Warbler,1,True
Audio_Moth_6_20250321_063047.wav,Audio_Moth_6,2025-03-21 07:00:00,Myiothlypis fulvicauda_Buff-rumped Warbler,0.927012,0.025456419214606285,Myiothlypis fulvicauda_Buff-rumped Warbler,0.9270117282867432,Myiothlypis fulvicauda_Buff-rumped Warbler,0.9270117282867432,0.9270117282867432,True,True,True,Myiothlypis fulvicauda_Buff-rumped Warbler,1,Myiothlypis fulvicauda_Buff-rumped Warbler,0.9266557097434998,Myiothlypis fulvicauda_Buff-rumped Warbler,0.9266557097434998,0.9266557097434998,True,True,True,Myiothlypis fulvicauda_Buff-rumped Warbler,1,True
Audio_Moth_6_20250321_063056.wav,Audio_Moth_6,2025-03-21 07:00:00,Habia atrimaxillaris_Black-cheeked Ant-Tanager,0.5587261,0.01671375147998333,Habia atrimaxillaris_Black-cheeked Ant-Tanager,0.5587303042411804,Habia atrimaxillaris_Black-cheeked Ant-Tanager,0.5587303042411804,0.5587303042411804,True,True,True,Habia atrimaxillaris_Black-cheeked Ant-Tanager,1,Habia atrimaxillaris_Black-cheeked Ant-Tanager,0.5555254817008972,Habia atrimaxillaris_Black-cheeked Ant-Tanager,0.5555254817008972,0.5555254817008972,True,True,False,Habia atrimaxillaris_Black-cheeked Ant-Tanager,1,True
Audio_Moth_6_20250321_063102.wav,Audio_Moth_6,2025-03-21 07:00:00,Ceratopipra mentalis_Red-capped Manakin,0.39993623,0.014786455780267715,Ceratopipra mentalis_Red-capped Manakin,0.39993733167648315,Ceratopipra mentalis_Red-capped Manakin,0.39993733167648315,0.39993733167648315,True,True,True,Ceratopipra mentalis_Red-capped Manakin,1,Ceratopipra mentalis_Red-capped Manakin,0.4015636146068573,Ceratopipra mentalis_Red-capped Manakin,0.4015636146068573,0.4015636146068573,True,True,False,Ceratopipra mentalis_Red-capped Manakin,1,True
Audio_Moth_6_20250321_063129.wav,Audio_Moth_6,2025-03-21 07:00:00,Threnetes ruckeri_Band-tailed Barbthroat,0.3417119,0.016152918338775635,Threnetes ruckeri_Band-tailed Barbthroat,0.3417183756828308,Threnetes ruckeri_Band-tailed Barbthroat,0.3417183756828308,0.3417183756828308,True,True,True,Threnetes ruckeri_Band-tailed Barbthroat,1,Threnetes ruckeri_Band-tailed Barbthroat,0.34558433294296265,Threnetes ruckeri_Band-tailed Barbthroat,0.34558433294296265,0.34558433294296265,True,True,False,Threnetes ruckeri_Band-tailed Barbthroat,1,True
Audio_Moth_6_20250321_063202.wav,Audio_Moth_6,2025-03-21 07:00:00,Myiothlypis fulvicauda_Buff-rumped Warbler,0.7838581,0.01274922862648964,Myiothlypis fulvicauda_Buff-rumped Warbler,0.7838572263717651,Myiothlypis fulvicauda_Buff-rumped Warbler,0.7838572263717651,0.7838572263717651,True,True,True,Myiothlypis fulvicauda_Buff-rumped Warbler,1,Myiothlypis fulvicauda_Buff-rumped Warbler,0.7855280041694641,Myiothlypis fulvicauda_Buff-rumped Warbler,0.7855280041694641,0.7855280041694641,True,True,False,Myiothlypis fulvicauda_Buff-rumped Warbler,1,True
Audio_Moth_6_20250321_063205.wav,Audio_Moth_6,2025-03-21 07:00:00,Myiothlypis fulvicauda_Buff-rumped Warbler,0.71485627,0.01449138019233942,Myiothlypis fulvicauda_Buff-rumped Warbler,0.7148551344871521,Myiothlypis fulvicauda_Buff-rumped Warbler,0.7148551344871521,0.7148551344871521,True,True,True,Myiothlypis fulvicauda_Buff-rumped Warbler,1,Myiothlypis fulvicauda_Buff-rumped Warbler,0.7130025625228882,Myiothlypis fulvicauda_Buff-rumped Warbler,0.7130025625228882,0.7130025625228882,True,True,False,Myiothlypis fulvicauda_Buff-rumped Warbler,1,True
Audio_Moth_6_20250321_063226.wav,Audio_Moth_6,2025-03-21 07:00:00,Myiothlypis fulvicauda_Buff-rumped Warbler,0.981008,0.01929512433707714,Myiothlypis fulvicauda_Buff-rumped Warbler,0.9810081124305725,Myiothlypis fulvicauda_Buff-rumped Warbler,0.9810081124305725,0.9810081124305725,True,True,True,Myiothlypis fulvicauda_Buff-rumped Warbler,1,Myiothlypis fulvicauda_Buff-rumped Warbler,0.9809897541999817,Myiothlypis fulvicauda_Buff-rumped Warbler,0.9809897541999817,0.9809897541999817,True,True,True,Myiothlypis fulvicauda_Buff-rumped Warbler,1,True
Audio_Moth_6_20250321_063229.wav,Audio_Moth_6,2025-03-21 07:00:00,Myiothlypis fulvicauda_Buff-rumped Warbler,0.99570626,0.020998409017920494,Myiothlypis fulvicauda_Buff-rumped Warbler,0.9957062602043152,Myiothlypis fulvicauda_Buff-rumped Warbler,0.9957062602043152,0.9957062602043152,True,True,True,Myiothlypis fulvicauda_Buff-rumped Warbler,1,Myiothlypis fulvicauda_Buff-rumped Warbler,0.9957022070884705,Myiothlypis fulvicauda_Buff-rumped Warbler,0.9957022070884705,0.9957022070884705,True,True,True,Myiothlypis fulvicauda_Buff-rumped Warbler,1,True
Audio_Moth_6_20250321_063241.wav,Audio_Moth_6,2025-03-21 07:00:00,Myiothlypis fulvicauda_Buff-rumped Warbler,0.9946439,0.02154834009706974,Myiothlypis fulvicauda_Buff-rumped Warbler,0.9946438074111938,Myiothlypis fulvicauda_Buff-rumped Warbler,0.9946438074111938,0.9946438074111938,True,True,True,Myiothlypis fulvicauda_Buff-rumped Warbler,1,Myiothlypis fulvicauda_Buff-rumped Warbler,0.9946696162223816,Myiothlypis fulvicauda_Buff-rumped Warbler,0.9946696162223816,0.9946696162223816,True,True,True,Myiothlypis fulvicauda_Buff-rumped Warbler,1,True
Audio_Moth_6_20250321_063244.wav,Audio_Moth_6,2025-03-21 07:00:00,Myiothlypis fulvicauda_Buff-rumped Warbler,0.98113716,0.024027520790696144,Myiothlypis fulvicauda_Buff-rumped Warbler,0.9811372756958008,Myiothlypis fulvicauda_Buff-rumped Warbler,0.9811372756958008,0.9811372756958008,True,True,True,Myiothlypis fulvicauda_Buff-rumped Warbler,1,Myiothlypis fulvicauda_Buff-rumped Warbler,0.9809320569038391,Myiothlypis fulvicauda_Buff-rumped Warbler,0.9809320569038391,0.9809320569038391,True,True,True,Myiothlypis fulvicauda_Buff-rumped Warbler,1,True
Audio_Moth_6_20250321_063253.wav,Audio_Moth_6,2025-03-21 07:00:00,Myiothlypis fulvicauda_Buff-rumped Warbler,0.96525437,0.0340893417596817,Myiothlypis fulvicauda_Buff-rumped Warbler,0.9652547240257263,Myiothlypis fulvicauda_Buff-rumped Warbler,0.9652547240257263,0.9652547240257263,True,True,True,Myiothlypis fulvicauda_Buff-rumped Warbler,1,Myiothlypis fulvicauda_Buff-rumped Warbler,0.9644584655761719,Myiothlypis fulvicauda_Buff-rumped Warbler,0.9644584655761719,0.9644584655761719,True,True,True,Myiothlypis fulvicauda_Buff-rumped Warbler,1,True
Audio_Moth_6_20250321_063256.wav,Audio_Moth_6,2025-03-21 07:00:00,Myiothlypis fulvicauda_Buff-rumped Warbler,0.9806604,0.03976002708077431,Myiothlypis fulvicauda_Buff-rumped Warbler,0.9806607365608215,Myiothlypis fulvicauda_Buff-rumped Warbler,0.9806607365608215,0.9806607365608215,True,True,True,Myiothlypis fulvicauda_Buff-rumped Warbler,1,Myiothlypis fulvicauda_Buff-rumped Warbler,0.9803344011306763,Myiothlypis fulvicauda_Buff-rumped Warbler,0.9803344011306763,0.9803344011306763,True,True,True,Myiothlypis fulvicauda_Buff-rumped Warbler,1,True
Audio_Moth_6_20250321_063308.wav,Audio_Moth_6,2025-03-21 07:00:00,Myiothlypis fulvicauda_Buff-rumped Warbler,0.9942264,0.03960330784320831,Myiothlypis fulvicauda_Buff-rumped Warbler,0.9942262768745422,Myiothlypis fulvicauda_Buff-rumped Warbler,0.9942262768745422,0.9942262768745422,True,True,True,Myiothlypis fulvicauda_Buff-rumped Warbler,1,Myiothlypis fulvicauda_Buff-rumped Warbler,0.9942213296890259,Myiothlypis fulvicauda_Buff-rumped Warbler,0.9942213296890259,0.9942213296890259,True,True,True,Myiothlypis fulvicauda_Buff-rumped Warbler,1,True
Audio_Moth_6_20250321_063311.wav,Audio_Moth_6,2025-03-21 07:00:00,Myiothlypis fulvicauda_Buff-rumped Warbler,0.98434794,0.039631061255931854,Myiothlypis fulvicauda_Buff-rumped Warbler,0.9843482375144958,Myiothlypis fulvicauda_Buff-rumped Warbler,0.9843482375144958,0.9843482375144958,True,True,True,Myiothlypis fulvicauda_Buff-rumped Warbler,1,Myiothlypis fulvicauda_Buff-rumped Warbler,0.9842276573181152,Myiothlypis fulvicauda_Buff-rumped Warbler,0.9842276573181152,0.9842276573181152,True,True,True,Myiothlypis fulvicauda_Buff-rumped Warbler,1,True
Audio_Moth_6_20250321_063359.wav,Audio_Moth_6,2025-03-21 07:00:00,Myiothlypis fulvicauda_Buff-rumped Warbler,0.9325956,0.03571001812815666,Myiothlypis fulvicauda_Buff-rumped Warbler,0.9325997829437256,Myiothlypis fulvicauda_Buff-rumped Warbler,0.9325997829437256,0.9325997829437256,True,True,True,Myiothlypis fulvicauda_Buff-rumped Warbler,1,Myiothlypis fulvicauda_Buff-rumped Warbler,0.9318655729293823,Myiothlypis fulvicauda_Buff-rumped Warbler,0.9318655729293823,0.9318655729293823,True,True,True,Myiothlypis fulvicauda_Buff-rumped Warbler,1,True
Audio_Moth_6_20250321_063411.wav,Audio_Moth_6,2025-03-21 07:00:00,Threnetes ruckeri_Band-tailed Barbthroat,0.45348275,0.03640677034854889,Threnetes ruckeri_Band-tailed Barbthroat,0.4534760117530823,Threnetes ruckeri_Band-tailed Barbthroat,0.4534760117530823,0.4534760117530823,True,True,True,Threnetes ruckeri_Band-tailed Barbthroat,1,Threnetes ruckeri_Band-tailed Barbthroat,0.4545319378376007,Threnetes ruckeri_Band-tailed Barbthroat,0.4545319378376007,0.4545319378376007,True,True,False,Threnetes ruckeri_Band-tailed Barbthroat,1,True
Audio_Moth_6_20250321_063414.wav,Audio_Moth_6,2025-03-21 07:00:00,Myiothlypis fulvicauda_Buff-rumped Warbler,0.32193655,0.030793659389019012,Myiothlypis fulvicauda_Buff-rumped Warbler,0.3219384551048279,Myiothlypis fulvicauda_Buff-rumped Warbler,0.3219384551048279,0.3219384551048279,True,True,True,Myiothlypis fulvicauda_Buff-rumped Warbler,1,Myiothlypis fulvicauda_Buff-rumped Warbler,0.32071444392204285,Myiothlypis fulvicauda_Buff-rumped Warbler,0.32071444392204285,0.32071444392204285,True,True,False,Myiothlypis fulvicauda_Buff-rumped Warbler,1,True
Audio_Moth_6_20250321_063417.wav,Audio_Moth_6,2025-03-21 07:00:00,Myiothlypis fulvicauda_Buff-rumped Warbler,0.37425804,0.028551096096634865,Myiothlypis fulvicauda_Buff-rumped Warbler,0.3742613196372986,Myiothlypis fulvicauda_Buff-rumped Warbler,0.3742613196372986,0.3742613196372986,True,True,True,Myiothlypis fulvicauda_Buff-rumped Warbler,1,Myiothlypis fulvicauda_Buff-rumped Warbler,0.3706531524658203,Myiothlypis fulvicauda_Buff-rumped Warbler,0.3706531524658203,0.3706531524658203,True,True,False,Myiothlypis fulvicauda_Buff-rumped Warbler,1,True
Audio_Moth_6_20250321_063441.wav,Audio_Moth_6,2025-03-21 07:00:00,Arremon aurantiirostris_Orange-billed Sparrow,0.53572136,0.03929929435253143,Arremon aurantiirostris_Orange-billed Sparrow,0.5357189774513245,Arremon aurantiirostris_Orange-billed Sparrow,0.5357189774513245,0.5357189774513245,True,True,True,Arremon aurantiirostris_Orange-billed Sparrow,1,Arremon aurantiirostris_Orange-billed Sparrow,0.535534679889679,Arremon aurantiirostris_Orange-billed Sparrow,0.535534679889679,0.535534679889679,True,True,True,Arremon aurantiirostris_Orange-billed Sparrow,1,True
Audio_Moth_6_20250321_063523.wav,Audio_Moth_6,2025-03-21 07:00:00,Threnetes ruckeri_Band-tailed Barbthroat,0.47397155,0.025024501606822014,Threnetes ruckeri_Band-tailed Barbthroat,0.47394245862960815,Threnetes ruckeri_Band-tailed Barbthroat,0.47394245862960815,0.47394245862960815,True,True,True,Threnetes ruckeri_Band-tailed Barbthroat,1,Threnetes ruckeri_Band-tailed Barbthroat,0.4763062298297882,Threnetes ruckeri_Band-tailed Barbthroat,0.4763062298297882,0.4763062298297882,True,True,False,Threnetes ruckeri_Band-tailed Barbthroat,1,True
Audio_Moth_6_20250321_063547.wav,Audio_Moth_6,2025-03-21 07:00:00,Myiothlypis fulvicauda_Buff-rumped Warbler,0.7945007,0.024679064750671387,Myiothlypis fulvicauda_Buff-rumped Warbler,0.7945011258125305,Myiothlypis fulvicauda_Buff-rumped Warbler,0.7945011258125305,0.7945011258125305,True,True,True,Myiothlypis fulvicauda_Buff-rumped Warbler,1,Myiothlypis fulvicauda_Buff-rumped Warbler,0.7947323322296143,Myiothlypis fulvicauda_Buff-rumped Warbler,0.7947323322296143,0.7947323322296143,True,True,True,Myiothlypis fulvicauda_Buff-rumped Warbler,1,True
Audio_Moth_6_20250321_063550.wav,Audio_Moth_6,2025-03-21 07:00:00,Myiothlypis fulvicauda_Buff-rumped Warbler,0.99486476,0.027408797293901443,Myiothlypis fulvicauda_Buff-rumped Warbler,0.9948647618293762,Myiothlypis fulvicauda_Buff-rumped Warbler,0.9948647618293762,0.9948647618293762,True,True,True,Myiothlypis fulvicauda_Buff-rumped Warbler,1,Myiothlypis fulvicauda_Buff-rumped Warbler,0.9948415160179138,Myiothlypis fulvicauda_Buff-rumped Warbler,0.9948415160179138,0.9948415160179138,True,True,True,Myiothlypis fulvicauda_Buff-rumped Warbler,1,True
Audio_Moth_6_20250321_063559.wav,Audio_Moth_6,2025-03-21 07:00:00,Myiothlypis fulvicauda_Buff-rumped Warbler,0.9539448,0.03324685990810394,Myiothlypis fulvicauda_Buff-rumped Warbler,0.9539462924003601,Myiothlypis fulvicauda_Buff-rumped Warbler,0.9539462924003601,0.9539462924003601,True,True,True,Myiothlypis fulvicauda_Buff-rumped Warbler,1,Myiothlypis fulvicauda_Buff-rumped Warbler,0.9549232125282288,Myiothlypis fulvicauda_Buff-rumped Warbler,0.9549232125282288,0.9549232125282288,True,True,True,Myiothlypis fulvicauda_Buff-rumped Warbler,1,True
Audio_Moth_6_20250321_063602.wav,Audio_Moth_6,2025-03-21 07:00:00,Myiothlypis fulvicauda_Buff-rumped Warbler,0.98933333,0.03896309807896614,Myiothlypis fulvicauda_Buff-rumped Warbler,0.9893332123756409,Myiothlypis fulvicauda_Buff-rumped Warbler,0.9893332123756409,0.9893332123756409,True,True,True,Myiothlypis fulvicauda_Buff-rumped Warbler,1,Myiothlypis fulvicauda_Buff-rumped Warbler,0.9890122413635254,Myiothlypis fulvicauda_Buff-rumped Warbler,0.9890122413635254,0.9890122413635254,True,True,True,Myiothlypis fulvicauda_Buff-rumped Warbler,1,True
Audio_Moth_6_20250321_063608.wav,Audio_Moth_6,2025-03-21 07:00:00,Myiothlypis fulvicauda_Buff-rumped Warbler,0.99340147,0.02924964390695095,Myiothlypis fulvicauda_Buff-rumped Warbler,0.9934014678001404,Myiothlypis fulvicauda_Buff-rumped Warbler,0.9934014678001404,0.9934014678001404,True,True,True,Myiothlypis fulvicauda_Buff-rumped Warbler,1,Myiothlypis fulvicauda_Buff-rumped Warbler,0.9934198260307312,Myiothlypis fulvicauda_Buff-rumped Warbler,0.9934198260307312,0.9934198260307312,True,True,True,Myiothlypis fulvicauda_Buff-rumped Warbler,1,True
Audio_Moth_6_20250321_063611.wav,Audio_Moth_6,2025-03-21 07:00:00,Myiothlypis fulvicauda_Buff-rumped Warbler,0.8569617,0.029772426933050156,Myiothlypis fulvicauda_Buff-rumped Warbler,0.8569573163986206,Myiothlypis fulvicauda_Buff-rumped Warbler,0.8569573163986206,0.8569573163986206,True,True,True,Habia atrimaxillaris_Black-cheeked Ant-Tanager;Myiothlypis fulvicauda_Buff-rumped Warbler,2,Myiothlypis fulvicauda_Buff-rumped Warbler,0.8560362458229065,Myiothlypis fulvicauda_Buff-rumped Warbler,0.8560362458229065,0.8560362458229065,True,True,True,Habia atrimaxillaris_Black-cheeked Ant-Tanager;Myiothlypis fulvicauda_Buff-rumped Warbler,2,True
Audio_Moth_6_20250321_063614.wav,Audio_Moth_6,2025-03-21 07:00:00,Habia atrimaxillaris_Black-cheeked Ant-Tanager,0.8559599,0.023380856961011887,Habia atrimaxillaris_Black-cheeked Ant-Tanager,0.8559619188308716,Habia atrimaxillaris_Black-cheeked Ant-Tanager,0.8559619188308716,0.8559619188308716,True,True,True,Habia atrimaxillaris_Black-cheeked Ant-Tanager,1,Habia atrimaxillaris_Black-cheeked Ant-Tanager,0.8546460270881653,Habia atrimaxillaris_Black-cheeked Ant-Tanager,0.8546460270881653,0.8546460270881653,True,True,False,Habia atrimaxillaris_Black-cheeked Ant-Tanager,1,True
Audio_Moth_6_20250321_063623.wav,Audio_Moth_6,2025-03-21 07:00:00,Myiothlypis fulvicauda_Buff-rumped Warbler,0.29809162,0.019575463607907295,Myiothlypis fulvicauda_Buff-rumped Warbler,0.2980969250202179,Myiothlypis fulvicauda_Buff-rumped Warbler,0.2980969250202179,0.2980969250202179,True,True,True,Myiothlypis fulvicauda_Buff-rumped Warbler,1,Myiothlypis fulvicauda_Buff-rumped Warbler,0.2997570335865021,Myiothlypis fulvicauda_Buff-rumped Warbler,0.2997570335865021,0.2997570335865021,True,True,False,Myiothlypis fulvicauda_Buff-rumped Warbler,1,True
Audio_Moth_6_20250321_063632.wav,Audio_Moth_6,2025-03-21 07:00:00,Myiothlypis fulvicauda_Buff-rumped Warbler,0.587852,0.03715038672089577,Myiothlypis fulvicauda_Buff-rumped Warbler,0.5878516435623169,Myiothlypis fulvicauda_Buff-rumped Warbler,0.5878516435623169,0.5878516435623169,True,True,True,Myiothlypis fulvicauda_Buff-rumped Warbler,1,Myiothlypis fulvicauda_Buff-rumped Warbler,0.586931586265564,Myiothlypis fulvicauda_Buff-rumped Warbler,0.586931586265564,0.586931586265564,True,True,True,Myiothlypis fulvicauda_Buff-rumped Warbler,1,True
Audio_Moth_6_20250321_063635.wav,Audio_Moth_6,2025-03-21 07:00:00,Myiothlypis fulvicauda_Buff-rumped Warbler,0.5170198,0.03987908363342285,Myiothlypis fulvicauda_Buff-rumped Warbler,0.51701819896698,Myiothlypis fulvicauda_Buff-rumped Warbler,0.51701819896698,0.51701819896698,True,True,True,Myiothlypis fulvicauda_Buff-rumped Warbler,1,Myiothlypis fulvicauda_Buff-rumped Warbler,0.5224978923797607,Myiothlypis fulvicauda_Buff-rumped Warbler,0.5224978923797607,0.5224978923797607,True,True,False,Myiothlypis fulvicauda_Buff-rumped Warbler,1,True
Audio_Moth_6_20250321_063638.wav,Audio_Moth_6,2025-03-21 07:00:00,Myiothlypis fulvicauda_Buff-rumped Warbler,0.4251523,0.03957187384366989,Myiothlypis fulvicauda_Buff-rumped Warbler,0.4251600205898285,Myiothlypis fulvicauda_Buff-rumped Warbler,0.4251600205898285,0.4251600205898285,True,True,True,Myiothlypis fulvicauda_Buff-rumped Warbler,1,Myiothlypis fulvicauda_Buff-rumped Warbler,0.42914891242980957,Myiothlypis fulvicauda_Buff-rumped Warbler,0.42914891242980957,0.42914891242980957,True,True,False,Myiothlypis fulvicauda_Buff-rumped Warbler,1,True
Audio_Moth_6_20250321_063641.wav,Audio_Moth_6,2025-03-21 07:00:00,Myiothlypis fulvicauda_Buff-rumped Warbler,0.406985,0.03806794062256813,Myiothlypis fulvicauda_Buff-rumped Warbler,0.4069865345954895,Myiothlypis fulvicauda_Buff-rumped Warbler,0.4069865345954895,0.4069865345954895,True,True,True,Myiothlypis fulvicauda_Buff-rumped Warbler,1,Myiothlypis fulvicauda_Buff-rumped Warbler,0.40804624557495117,Myiothlypis fulvicauda_Buff-rumped Warbler,0.40804624557495117,0.40804624557495117,True,True,False,Myiothlypis fulvicauda_Buff-rumped Warbler,1,True
Audio_Moth_6_20250321_063644.wav,Audio_Moth_6,2025-03-21 07:00:00,Myiothlypis fulvicauda_Buff-rumped Warbler,0.27659062,0.04049726948142052,Myiothlypis fulvicauda_Buff-rumped Warbler,0.2765878736972809,Myiothlypis fulvicauda_Buff-rumped Warbler,0.2765878736972809,0.2765878736972809,True,True,True,Arremon aurantiirostris_Orange-billed Sparrow;Myiothlypis fulvicauda_Buff-rumped Warbler,2,Myiothlypis fulvicauda_Buff-rumped Warbler,0.27835097908973694,Myiothlypis fulvicauda_Buff-rumped Warbler,0.27835097908973694,0.27835097908973694,True,True,False,Arremon aurantiirostris_Orange-billed Sparrow;Myiothlypis fulvicauda_Buff-rumped Warbler,2,True
Audio_Moth_6_20250321_063647.wav,Audio_Moth_6,2025-03-21 07:00:00,Myiothlypis fulvicauda_Buff-rumped Warbler,0.47684404,0.03644455596804619,Myiothlypis fulvicauda_Buff-rumped Warbler,0.4768443703651428,Myiothlypis fulvicauda_Buff-rumped Warbler,0.4768443703651428,0.4768443703651428,True,True,True,Myiothlypis fulvicauda_Buff-rumped Warbler,1,Myiothlypis fulvicauda_Buff-rumped Warbler,0.48096296191215515,Myiothlypis fulvicauda_Buff-rumped Warbler,0.48096296191215515,0.48096296191215515,True,True,False,Myiothlypis fulvicauda_Buff-rumped Warbler,1,True
Audio_Moth_6_20250321_063656.wav,Audio_Moth_6,2025-03-21 07:00:00,Habia atrimaxillaris_Black-cheeked Ant-Tanager,0.98796356,0.04040871188044548,Habia atrimaxillaris_Black-cheeked Ant-Tanager,0.9879634380340576,Habia atrimaxillaris_Black-cheeked Ant-Tanager,0.9879634380340576,0.9879634380340576,True,True,True,Habia atrimaxillaris_Black-cheeked Ant-Tanager,1,Habia atrimaxillaris_Black-cheeked Ant-Tanager,0.9876531362533569,Habia atrimaxillaris_Black-cheeked Ant-Tanager,0.9876531362533569,0.9876531362533569,True,True,True,Habia atrimaxillaris_Black-cheeked Ant-Tanager,1,True
Audio_Moth_6_20250321_063735.wav,Audio_Moth_6,2025-03-21 07:00:00,Habia atrimaxillaris_Black-cheeked Ant-Tanager,0.9405393,0.04312222823500633,Habia atrimaxillaris_Black-cheeked Ant-Tanager,0.9405391812324524,Habia atrimaxillaris_Black-cheeked Ant-Tanager,0.9405391812324524,0.9405391812324524,True,True,True,Habia atrimaxillaris_Black-cheeked Ant-Tanager,1,Habia atrimaxillaris_Black-cheeked Ant-Tanager,0.9405481815338135,Habia atrimaxillaris_Black-cheeked Ant-Tanager,0.9405481815338135,0.9405481815338135,True,True,True,Habia atrimaxillaris_Black-cheeked Ant-Tanager,1,True
Audio_Moth_6_20250321_063741.wav,Audio_Moth_6,2025-03-21 07:00:00,Habia atrimaxillaris_Black-cheeked Ant-Tanager,0.61456615,0.04140167310833931,Habia atrimaxillaris_Black-cheeked Ant-Tanager,0.6145657300949097,Habia atrimaxillaris_Black-cheeked Ant-Tanager,0.6145657300949097,0.6145657300949097,True,True,True,Habia atrimaxillaris_Black-cheeked Ant-Tanager,1,Habia atrimaxillaris_Black-cheeked Ant-Tanager,0.6158192157745361,Habia atrimaxillaris_Black-cheeked Ant-Tanager,0.6158192157745361,0.6158192157745361,True,True,False,Habia atrimaxillaris_Black-cheeked Ant-Tanager,1,True
Audio_Moth_6_20250321_063744.wav,Audio_Moth_6,2025-03-21 07:00:00,Threnetes ruckeri_Band-tailed Barbthroat,0.33307648,0.0380806140601635,Threnetes ruckeri_Band-tailed Barbthroat,0.3330736458301544,Threnetes ruckeri_Band-tailed Barbthroat,0.3330736458301544,0.3330736458301544,True,True,True,Threnetes ruckeri_Band-tailed Barbthroat,1,Threnetes ruckeri_Band-tailed Barbthroat,0.3307795822620392,Threnetes ruckeri_Band-tailed Barbthroat,0.3307795822620392,0.3307795822620392,True,True,False,Threnetes ruckeri_Band-tailed Barbthroat,1,True
Audio_Moth_6_20250321_063747.wav,Audio_Moth_6,2025-03-21 07:00:00,Myiothlypis fulvicauda_Buff-rumped Warbler,0.31544665,0.03874470293521881,Myiothlypis fulvicauda_Buff-rumped Warbler,0.315446138381958,Myiothlypis fulvicauda_Buff-rumped Warbler,0.315446138381958,0.315446138381958,True,True,True,Myiothlypis fulvicauda_Buff-rumped Warbler,1,Myiothlypis fulvicauda_Buff-rumped Warbler,0.3144412040710449,Myiothlypis fulvicauda_Buff-rumped Warbler,0.3144412040710449,0.3144412040710449,True,True,False,Myiothlypis fulvicauda_Buff-rumped Warbler,1,True
Audio_Moth_6_20250321_063753.wav,Audio_Moth_6,2025-03-21 07:00:00,Myiornis atricapillus_Black-capped Pygmy-Tyrant,0.8814742,0.037970226258039474,Myiornis atricapillus_Black-capped Pygmy-Tyrant,0.8814744353294373,Myiornis atricapillus_Black-capped Pygmy-Tyrant,0.8814744353294373,0.8814744353294373,True,True,True,Myiornis atricapillus_Black-capped Pygmy-Tyrant,1,Myiornis atricapillus_Black-capped Pygmy-Tyrant,0.8810425400733948,Myiornis atricapillus_Black-capped Pygmy-Tyrant,0.8810425400733948,0.8810425400733948,True,True,True,Myiornis atricapillus_Black-capped Pygmy-Tyrant,1,True
Audio_Moth_6_20250321_063756.wav,Audio_Moth_6,2025-03-21 07:00:00,Myiornis atricapillus_Black-capped Pygmy-Tyrant,0.4822804,0.03792246803641319,Myiornis atricapillus_Black-capped Pygmy-Tyrant,0.48227986693382263,Myiornis atricapillus_Black-capped Pygmy-Tyrant,0.48227986693382263,0.48227986693382263,True,True,True,Myiornis atricapillus_Black-capped Pygmy-Tyrant,1,Myiornis atricapillus_Black-capped Pygmy-Tyrant,0.4768194258213043,Myiornis atricapillus_Black-capped Pygmy-Tyrant,0.4768194258213043,0.4768194258213043,True,True,False,Myiornis atricapillus_Black-capped Pygmy-Tyrant,1,True
Audio_Moth_6_20250321_063759.wav,Audio_Moth_6,2025-03-21 07:00:00,Myiornis atricapillus_Black-capped Pygmy-Tyrant,0.5740907,0.036197930574417114,Myiornis atricapillus_Black-capped Pygmy-Tyrant,0.5740882158279419,Myiornis atricapillus_Black-capped Pygmy-Tyrant,0.5740882158279419,0.5740882158279419,True,True,True,Myiornis atricapillus_Black-capped Pygmy-Tyrant;Myiothlypis fulvicauda_Buff-rumped Warbler,2,Myiornis atricapillus_Black-capped Pygmy-Tyrant,0.569358229637146,Myiornis atricapillus_Black-capped Pygmy-Tyrant,0.569358229637146,0.569358229637146,True,True,False,Myiornis atricapillus_Black-capped Pygmy-Tyrant;Myiothlypis fulvicauda_Buff-rumped Warbler,2,True
Audio_Moth_6_20250321_063802.wav,Audio_Moth_6,2025-03-21 07:00:00,Myiornis atricapillus_Black-capped Pygmy-Tyrant,0.36500698,0.03843899071216583,Myiornis atricapillus_Black-capped Pygmy-Tyrant,0.3650071620941162,Myiornis atricapillus_Black-capped Pygmy-Tyrant,0.3650071620941162,0.3650071620941162,True,True,True,Habia atrimaxillaris_Black-cheeked Ant-Tanager;Myiornis atricapillus_Black-capped Pygmy-Tyrant,2,Myiornis atricapillus_Black-capped Pygmy-Tyrant,0.3615685999393463,Myiornis atricapillus_Black-capped Pygmy-Tyrant,0.3615685999393463,0.3615685999393463,True,True,False,Habia atrimaxillaris_Black-cheeked Ant-Tanager;Myiornis atricapillus_Black-capped Pygmy-Tyrant,2,True
Audio_Moth_6_20250321_063805.wav,Audio_Moth_6,2025-03-21 07:00:00,Myiornis atricapillus_Black-capped Pygmy-Tyrant,0.48524123,0.03289055451750755,Myiornis atricapillus_Black-capped Pygmy-Tyrant,0.4852461814880371,Myiornis atricapillus_Black-capped Pygmy-Tyrant,0.4852461814880371,0.4852461814880371,True,True,True,Myiornis atricapillus_Black-capped Pygmy-Tyrant,1,Myiornis atricapillus_Black-capped Pygmy-Tyrant,0.48403748869895935,Myiornis atricapillus_Black-capped Pygmy-Tyrant,0.48403748869895935,0.48403748869895935,True,True,False,Myiornis atricapillus_Black-capped Pygmy-Tyrant,1,True
Audio_Moth_6_20250321_063814.wav,Audio_Moth_6,2025-03-21 07:00:00,Threnetes ruckeri_Band-tailed Barbthroat,0.25494748,0.0385933518409729,Threnetes ruckeri_Band-tailed Barbthroat,0.25494593381881714,Threnetes ruckeri_Band-tailed Barbthroat,0.25494593381881714,0.25494593381881714,True,True,True,Threnetes ruckeri_Band-tailed Barbthroat,1,Threnetes ruckeri_Band-tailed Barbthroat,0.25651076436042786,Threnetes ruckeri_Band-tailed Barbthroat,0.25651076436042786,0.25651076436042786,True,True,False,Threnetes ruckeri_Band-tailed Barbthroat,1,True
Audio_Moth_6_20250321_063832.wav,Audio_Moth_6,2025-03-21 07:00:00,Myiothlypis fulvicauda_Buff-rumped Warbler,0.4217614,0.0339665450155735,Myiothlypis fulvicauda_Buff-rumped Warbler,0.4217536747455597,Myiothlypis fulvicauda_Buff-rumped Warbler,0.4217536747455597,0.4217536747455597,True,True,True,Myiothlypis fulvicauda_Buff-rumped Warbler,1,Myiothlypis fulvicauda_Buff-rumped Warbler,0.42491140961647034,Myiothlypis fulvicauda_Buff-rumped Warbler,0.42491140961647034,0.42491140961647034,True,True,False,Myiothlypis fulvicauda_Buff-rumped Warbler,1,True
Audio_Moth_6_20250321_063908.wav,Audio_Moth_6,2025-03-21 07:00:00,Myiornis atricapillus_Black-capped Pygmy-Tyrant,0.541577,0.038764066994190216,Myiornis atricapillus_Black-capped Pygmy-Tyrant,0.541577935218811,Myiornis atricapillus_Black-capped Pygmy-Tyrant,0.541577935218811,0.541577935218811,True,True,True,Myiornis atricapillus_Black-capped Pygmy-Tyrant,1,Myiornis atricapillus_Black-capped Pygmy-Tyrant,0.5441560745239258,Myiornis atricapillus_Black-capped Pygmy-Tyrant,0.5441560745239258,0.5441560745239258,True,True,False,Myiornis atricapillus_Black-capped Pygmy-Tyrant,1,True
Audio_Moth_6_20250321_063911.wav,Audio_Moth_6,2025-03-21 07:00:00,Myiothlypis fulvicauda_Buff-rumped Warbler,0.84280777,0.042492929846048355,Myiothlypis fulvicauda_Buff-rumped Warbler,0.8428062200546265,Myiothlypis fulvicauda_Buff-rumped Warbler,0.8428062200546265,0.8428062200546265,True,True,True,Myiothlypis fulvicauda_Buff-rumped Warbler,1,Myiothlypis fulvicauda_Buff-rumped Warbler,0.8412055969238281,Myiothlypis fulvicauda_Buff-rumped Warbler,0.8412055969238281,0.8412055969238281,True,True,False,Myiothlypis fulvicauda_Buff-rumped Warbler,1,True
Audio_Moth_6_20250321_063914.wav,Audio_Moth_6,2025-03-21 07:00:00,Myiornis atricapillus_Black-capped Pygmy-Tyrant,0.79565316,0.035420358180999756,Myiornis atricapillus_Black-capped Pygmy-Tyrant,0.7956522703170776,Myiornis atricapillus_Black-capped Pygmy-Tyrant,0.7956522703170776,0.7956522703170776,True,True,True,Myiornis atricapillus_Black-capped Pygmy-Tyrant;Myiothlypis fulvicauda_Buff-rumped Warbler,2,Myiornis atricapillus_Black-capped Pygmy-Tyrant,0.7952200174331665,Myiornis atricapillus_Black-capped Pygmy-Tyrant,0.7952200174331665,0.7952200174331665,True,True,True,Myiornis atricapillus_Black-capped Pygmy-Tyrant;Myiothlypis fulvicauda_Buff-rumped Warbler,2,True
Audio_Moth_6_20250321_063917.wav,Audio_Moth_6,2025-03-21 07:00:00,Myiothlypis fulvicauda_Buff-rumped Warbler,0.25887582,0.041297007352113724,Myiothlypis fulvicauda_Buff-rumped Warbler,0.25887590646743774,Myiothlypis fulvicauda_Buff-rumped Warbler,0.25887590646743774,0.25887590646743774,True,True,True,Myiothlypis fulvicauda_Buff-rumped Warbler,1,Myiothlypis fulvicauda_Buff-rumped Warbler,0.2547939419746399,Myiothlypis fulvicauda_Buff-rumped Warbler,0.2547939419746399,0.2547939419746399,True,True,False,Myiothlypis fulvicauda_Buff-rumped Warbler,1,True
Audio_Moth_6_20250321_063920.wav,Audio_Moth_6,2025-03-21 07:00:00,Myiothlypis fulvicauda_Buff-rumped Warbler,0.55593,0.04524795338511467,Myiothlypis fulvicauda_Buff-rumped Warbler,0.5559282302856445,Myiothlypis fulvicauda_Buff-rumped Warbler,0.5559282302856445,0.5559282302856445,True,True,True,Myiothlypis fulvicauda_Buff-rumped Warbler,1,Myiothlypis fulvicauda_Buff-rumped Warbler,0.5581932663917542,Myiothlypis fulvicauda_Buff-rumped Warbler,0.5581932663917542,0.5581932663917542,True,True,False,Myiothlypis fulvicauda_Buff-rumped Warbler,1,True
Audio_Moth_6_20250321_063923.wav,Audio_Moth_6,2025-03-21 07:00:00,Myiothlypis fulvicauda_Buff-rumped Warbler,0.41573963,0.04072680324316025,Myiothlypis fulvicauda_Buff-rumped Warbler,0.4157406985759735,Myiothlypis fulvicauda_Buff-rumped Warbler,0.4157406985759735,0.4157406985759735,True,True,True,Myiornis atricapillus_Black-capped Pygmy-Tyrant;Myiothlypis fulvicauda_Buff-rumped Warbler,2,Myiothlypis fulvicauda_Buff-rumped Warbler,0.40933987498283386,Myiothlypis fulvicauda_Buff-rumped Warbler,0.40933987498283386,0.40933987498283386,True,True,False,Myiornis atricapillus_Black-capped Pygmy-Tyrant;Myiothlypis fulvicauda_Buff-rumped Warbler,2,True
Audio_Moth_6_20250321_063926.wav,Audio_Moth_6,2025-03-21 07:00:00,Myiothlypis fulvicauda_Buff-rumped Warbler,0.8666495,0.03675098344683647,Myiothlypis fulvicauda_Buff-rumped Warbler,0.8666480779647827,Myiothlypis fulvicauda_Buff-rumped Warbler,0.8666480779647827,0.8666480779647827,True,True,True,Myiornis atricapillus_Black-capped Pygmy-Tyrant;Myiothlypis fulvicauda_Buff-rumped Warbler,2,Myiothlypis fulvicauda_Buff-rumped Warbler,0.8642353415489197,Myiothlypis fulvicauda_Buff-rumped Warbler,0.8642353415489197,0.8642353415489197,True,True,False,Myiornis atricapillus_Black-capped Pygmy-Tyrant;Myiothlypis fulvicauda_Buff-rumped Warbler,2,True
Audio_Moth_6_20250321_063929.wav,Audio_Moth_6,2025-03-21 07:00:00,Myiornis atricapillus_Black-capped Pygmy-Tyrant,0.4020568,0.037450842559337616,Myiornis atricapillus_Black-capped Pygmy-Tyrant,0.40205779671669006,Myiornis atricapillus_Black-capped Pygmy-Tyrant,0.40205779671669006,0.40205779671669006,True,True,True,Myiornis atricapillus_Black-capped Pygmy-Tyrant;Myiothlypis fulvicauda_Buff-rumped Warbler,2,Myiornis atricapillus_Black-capped Pygmy-Tyrant,0.4049752950668335,Myiornis atricapillus_Black-capped Pygmy-Tyrant,0.4049752950668335,0.4049752950668335,True,True,False,Myiornis atricapillus_Black-capped Pygmy-Tyrant;Myiothlypis fulvicauda_Buff-rumped Warbler,2,True
Audio_Moth_6_20250321_064023.wav,Audio_Moth_6,2025-03-21 07:00:00,Arremon aurantiirostris_Orange-billed Sparrow,0.70923823,0.022048570215702057,Arremon aurantiirostris_Orange-billed Sparrow,0.709235429763794,Arremon aurantiirostris_Orange-billed Sparrow,0.709235429763794,0.709235429763794,True,True,True,Arremon aurantiirostris_Orange-billed Sparrow;Myiothlypis fulvicauda_Buff-rumped Warbler,2,Arremon aurantiirostris_Orange-billed Sparrow,0.7113667726516724,Arremon aurantiirostris_Orange-billed Sparrow,0.7113667726516724,0.7113667726516724,True,True,False,Arremon aurantiirostris_Orange-billed Sparrow;Myiothlypis fulvicauda_Buff-rumped Warbler,2,True
Audio_Moth_6_20250321_064026.wav,Audio_Moth_6,2025-03-21 07:00:00,Myiothlypis fulvicauda_Buff-rumped Warbler,0.40595722,0.01974785327911377,Myiothlypis fulvicauda_Buff-rumped Warbler,0.4059584140777588,Myiothlypis fulvicauda_Buff-rumped Warbler,0.4059584140777588,0.4059584140777588,True,True,True,Myiornis atricapillus_Black-capped Pygmy-Tyrant;Myiothlypis fulvicauda_Buff-rumped Warbler,2,Myiothlypis fulvicauda_Buff-rumped Warbler,0.4079482853412628,Myiothlypis fulvicauda_Buff-rumped Warbler,0.4079482853412628,0.4079482853412628,True,True,False,Myiornis atricapillus_Black-capped Pygmy-Tyrant;Myiothlypis fulvicauda_Buff-rumped Warbler,2,True
Audio_Moth_6_20250321_064029.wav,Audio_Moth_6,2025-03-21 07:00:00,Myiothlypis fulvicauda_Buff-rumped Warbler,0.63524985,0.023626046255230904,Myiothlypis fulvicauda_Buff-rumped Warbler,0.6352533102035522,Myiothlypis fulvicauda_Buff-rumped Warbler,0.6352533102035522,0.6352533102035522,True,True,True,Arremon aurantiirostris_Orange-billed Sparrow;Myiothlypis fulvicauda_Buff-rumped Warbler,2,Myiothlypis fulvicauda_Buff-rumped Warbler,0.6389679312705994,Myiothlypis fulvicauda_Buff-rumped Warbler,0.6389679312705994,0.6389679312705994,True,True,False,Arremon aurantiirostris_Orange-billed Sparrow;Myiothlypis fulvicauda_Buff-rumped Warbler,2,True
Audio_Moth_6_20250321_064032.wav,Audio_Moth_6,2025-03-21 07:00:00,Myiothlypis fulvicauda_Buff-rumped Warbler,0.49748778,0.021883612498641014,Myiothlypis fulvicauda_Buff-rumped Warbler,0.4974876642227173,Myiothlypis fulvicauda_Buff-rumped Warbler,0.4974876642227173,0.4974876642227173,True,True,True,Myiornis atricapillus_Black-capped Pygmy-Tyrant;Myiothlypis fulvicauda_Buff-rumped Warbler;Threnetes ruckeri_Band-tailed Barbthroat,3,Myiothlypis fulvicauda_Buff-rumped Warbler,0.49687308073043823,Myiothlypis fulvicauda_Buff-rumped Warbler,0.49687308073043823,0.49687308073043823,True,True,True,Myiornis atricapillus_Black-capped Pygmy-Tyrant;Myiothlypis fulvicauda_Buff-rumped Warbler;Threnetes ruckeri_Band-tailed Barbthroat,3,True
Audio_Moth_6_20250321_064035.wav,Audio_Moth_6,2025-03-21 07:00:00,Myiothlypis fulvicauda_Buff-rumped Warbler,0.39834875,0.021072886884212494,Myiothlypis fulvicauda_Buff-rumped Warbler,0.3983462452888489,Myiothlypis fulvicauda_Buff-rumped Warbler,0.3983462452888489,0.3983462452888489,True,True,True,Myiothlypis fulvicauda_Buff-rumped Warbler,1,Myiothlypis fulvicauda_Buff-rumped Warbler,0.3980841040611267,Myiothlypis fulvicauda_Buff-rumped Warbler,0.3980841040611267,0.3980841040611267,True,True,True,Myiothlypis fulvicauda_Buff-rumped Warbler,1,True
Audio_Moth_6_20250321_064047.wav,Audio_Moth_6,2025-03-21 07:00:00,Ceratopipra mentalis_Red-capped Manakin,0.27935597,0.01695258356630802,Ceratopipra mentalis_Red-capped Manakin,0.2793557345867157,Ceratopipra mentalis_Red-capped Manakin,0.2793557345867157,0.2793557345867157,True,True,True,Ceratopipra mentalis_Red-capped Manakin,1,Ceratopipra mentalis_Red-capped Manakin,0.278647780418396,Ceratopipra mentalis_Red-capped Manakin,0.278647780418396,0.278647780418396,True,True,True,Ceratopipra mentalis_Red-capped Manakin,1,True
Audio_Moth_6_20250321_064053.wav,Audio_Moth_6,2025-03-21 07:00:00,Arremon aurantiirostris_Orange-billed Sparrow,0.29698613,0.019433101639151573,Arremon aurantiirostris_Orange-billed Sparrow,0.2969857156276703,Arremon aurantiirostris_Orange-billed Sparrow,0.2969857156276703,0.2969857156276703,True,True,True,Arremon aurantiirostris_Orange-billed Sparrow,1,Arremon aurantiirostris_Orange-billed Sparrow,0.30001118779182434,Arremon aurantiirostris_Orange-billed Sparrow,0.30001118779182434,0.30001118779182434,True,True,False,Arremon aurantiirostris_Orange-billed Sparrow,1,True
Audio_Moth_6_20250321_064056.wav,Audio_Moth_6,2025-03-21 07:00:00,Myiothlypis fulvicauda_Buff-rumped Warbler,0.4426835,0.016535839065909386,Myiothlypis fulvicauda_Buff-rumped Warbler,0.4426851272583008,Myiothlypis fulvicauda_Buff-rumped Warbler,0.4426851272583008,0.4426851272583008,True,True,True,Myiothlypis fulvicauda_Buff-rumped Warbler,1,Myiothlypis fulvicauda_Buff-rumped Warbler,0.44385409355163574,Myiothlypis fulvicauda_Buff-rumped Warbler,0.44385409355163574,0.44385409355163574,True,True,False,Myiothlypis fulvicauda_Buff-rumped Warbler,1,True
Audio_Moth_6_20250321_064059.wav,Audio_Moth_6,2025-03-21 07:00:00,Threnetes ruckeri_Band-tailed Barbthroat,0.26629654,0.01791205443441868,Threnetes ruckeri_Band-tailed Barbthroat,0.26630061864852905,Threnetes ruckeri_Band-tailed Barbthroat,0.26630061864852905,0.26630061864852905,True,True,True,Threnetes ruckeri_Band-tailed Barbthroat,1,Threnetes ruckeri_Band-tailed Barbthroat,0.2690480649471283,Threnetes ruckeri_Band-tailed Barbthroat,0.2690480649471283,0.2690480649471283,True,True,False,Threnetes ruckeri_Band-tailed Barbthroat,1,True
Audio_Moth_6_20250321_064117.wav,Audio_Moth_6,2025-03-21 07:00:00,Threnetes ruckeri_Band-tailed Barbthroat,0.8818981,0.015392055734992027,Threnetes ruckeri_Band-tailed Barbthroat,0.8818878531455994,Threnetes ruckeri_Band-tailed Barbthroat,0.8818878531455994,0.8818878531455994,True,True,True,Arremon aurantiirostris_Orange-billed Sparrow;Threnetes ruckeri_Band-tailed Barbthroat,2,Threnetes ruckeri_Band-tailed Barbthroat,0.8798519372940063,Threnetes ruckeri_Band-tailed Barbthroat,0.8798519372940063,0.8798519372940063,True,True,False,Arremon aurantiirostris_Orange-billed Sparrow;Threnetes ruckeri_Band-tailed Barbthroat,2,True
Audio_Moth_6_20250321_064202.wav,Audio_Moth_6,2025-03-21 07:00:00,Myiothlypis fulvicauda_Buff-rumped Warbler,0.71722174,0.02292921021580696,Myiothlypis fulvicauda_Buff-rumped Warbler,0.71722811460495,Myiothlypis fulvicauda_Buff-rumped Warbler,0.71722811460495,0.71722811460495,True,True,True,Myiornis atricapillus_Black-capped Pygmy-Tyrant;Myiothlypis fulvicauda_Buff-rumped Warbler,2,Myiothlypis fulvicauda_Buff-rumped Warbler,0.7204881906509399,Myiothlypis fulvicauda_Buff-rumped Warbler,0.7204881906509399,0.7204881906509399,True,True,False,Myiornis atricapillus_Black-capped Pygmy-Tyrant;Myiothlypis fulvicauda_Buff-rumped Warbler,2,True
Audio_Moth_6_20250321_064205.wav,Audio_Moth_6,2025-03-21 07:00:00,Myiothlypis fulvicauda_Buff-rumped Warbler,0.58408046,0.02220556139945984,Myiothlypis fulvicauda_Buff-rumped Warbler,0.5840793251991272,Myiothlypis fulvicauda_Buff-rumped Warbler,0.5840793251991272,0.5840793251991272,True,True,True,Myiothlypis fulvicauda_Buff-rumped Warbler,1,Myiothlypis fulvicauda_Buff-rumped Warbler,0.5883079767227173,Myiothlypis fulvicauda_Buff-rumped Warbler,0.5883079767227173,0.5883079767227173,True,True,False,Myiothlypis fulvicauda_Buff-rumped Warbler,1,True
Audio_Moth_6_20250321_064208.wav,Audio_Moth_6,2025-03-21 07:00:00,Myiothlypis fulvicauda_Buff-rumped Warbler,0.7027023,0.025953082367777824,Myiothlypis fulvicauda_Buff-rumped Warbler,0.7027048468589783,Myiothlypis fulvicauda_Buff-rumped Warbler,0.7027048468589783,0.7027048468589783,True,True,True,Myiornis atricapillus_Black-capped Pygmy-Tyrant;Myiothlypis fulvicauda_Buff-rumped Warbler,2,Myiothlypis fulvicauda_Buff-rumped Warbler,0.7043090462684631,Myiothlypis fulvicauda_Buff-rumped Warbler,0.7043090462684631,0.7043090462684631,True,True,False,Myiornis atricapillus_Black-capped Pygmy-Tyrant;Myiothlypis fulvicauda_Buff-rumped Warbler,2,True
Audio_Moth_6_20250321_064211.wav,Audio_Moth_6,2025-03-21 07:00:00,Myiothlypis fulvicauda_Buff-rumped Warbler,0.66072375,0.02664865180850029,Myiothlypis fulvicauda_Buff-rumped Warbler,0.6607201099395752,Myiothlypis fulvicauda_Buff-rumped Warbler,0.6607201099395752,0.6607201099395752,True,True,True,Myiornis atricapillus_Black-capped Pygmy-Tyrant;Myiothlypis fulvicauda_Buff-rumped Warbler,2,Myiothlypis fulvicauda_Buff-rumped Warbler,0.6568178534507751,Myiothlypis fulvicauda_Buff-rumped Warbler,0.6568178534507751,0.6568178534507751,True,True,False,Myiornis atricapillus_Black-capped Pygmy-Tyrant;Myiothlypis fulvicauda_Buff-rumped Warbler,2,True
Audio_Moth_6_20250321_064214.wav,Audio_Moth_6,2025-03-21 07:00:00,Myiothlypis fulvicauda_Buff-rumped Warbler,0.7969,0.030639104545116425,Myiothlypis fulvicauda_Buff-rumped Warbler,0.7968806624412537,Myiothlypis fulvicauda_Buff-rumped Warbler,0.7968806624412537,0.7968806624412537,True,True,True,Myiothlypis fulvicauda_Buff-rumped Warbler;Phaethornis striigularis_Stripe-throated Hermit,2,Myiothlypis fulvicauda_Buff-rumped Warbler,0.8005998730659485,Myiothlypis fulvicauda_Buff-rumped Warbler,0.8005998730659485,0.8005998730659485,True,True,False,Myiothlypis fulvicauda_Buff-rumped Warbler;Phaethornis striigularis_Stripe-throated Hermit,2,True
Audio_Moth_6_20250321_064217.wav,Audio_Moth_6,2025-03-21 07:00:00,Myiothlypis fulvicauda_Buff-rumped Warbler,0.63798404,0.022572750225663185,Myiothlypis fulvicauda_Buff-rumped Warbler,0.6379831433296204,Myiothlypis fulvicauda_Buff-rumped Warbler,0.6379831433296204,0.6379831433296204,True,True,True,Myiornis atricapillus_Black-capped Pygmy-Tyrant;Myiothlypis fulvicauda_Buff-rumped Warbler,2,Myiothlypis fulvicauda_Buff-rumped Warbler,0.6361558437347412,Myiothlypis fulvicauda_Buff-rumped Warbler,0.6361558437347412,0.6361558437347412,True,True,False,Myiornis atricapillus_Black-capped Pygmy-Tyrant;Myiothlypis fulvicauda_Buff-rumped Warbler,2,True
Audio_Moth_6_20250321_064226.wav,Audio_Moth_6,2025-03-21 07:00:00,Threnetes ruckeri_Band-tailed Barbthroat,0.38243657,0.023474322631955147,Threnetes ruckeri_Band-tailed Barbthroat,0.38243746757507324,Threnetes ruckeri_Band-tailed Barbthroat,0.38243746757507324,0.38243746757507324,True,True,True,Threnetes ruckeri_Band-tailed Barbthroat,1,Threnetes ruckeri_Band-tailed Barbthroat,0.3813616633415222,Threnetes ruckeri_Band-tailed Barbthroat,0.3813616633415222,0.3813616633415222,True,True,False,Threnetes ruckeri_Band-tailed Barbthroat,1,True
Audio_Moth_6_20250321_064241.wav,Audio_Moth_6,2025-03-21 07:00:00,Threnetes ruckeri_Band-tailed Barbthroat,0.46860936,0.021226612851023674,Threnetes ruckeri_Band-tailed Barbthroat,0.4686101973056793,Threnetes ruckeri_Band-tailed Barbthroat,0.4686101973056793,0.4686101973056793,True,True,True,Threnetes ruckeri_Band-tailed Barbthroat,1,Threnetes ruckeri_Band-tailed Barbthroat,0.4739510715007782,Threnetes ruckeri_Band-tailed Barbthroat,0.4739510715007782,0.4739510715007782,True,True,False,Threnetes ruckeri_Band-tailed Barbthroat,1,True
Audio_Moth_6_20250321_064250.wav,Audio_Moth_6,2025-03-21 07:00:00,Threnetes ruckeri_Band-tailed Barbthroat,0.33346504,0.016265109181404114,Threnetes ruckeri_Band-tailed Barbthroat,0.333464652299881,Threnetes ruckeri_Band-tailed Barbthroat,0.333464652299881,0.333464652299881,True,True,True,Arremon aurantiirostris_Orange-billed Sparrow;Threnetes ruckeri_Band-tailed Barbthroat,2,Threnetes ruckeri_Band-tailed Barbthroat,0.3365502953529358,Threnetes ruckeri_Band-tailed Barbthroat,0.3365502953529358,0.3365502953529358,True,True,False,Arremon aurantiirostris_Orange-billed Sparrow;Threnetes ruckeri_Band-tailed Barbthroat,2,True
Audio_Moth_6_20250321_064253.wav,Audio_Moth_6,2025-03-21 07:00:00,Threnetes ruckeri_Band-tailed Barbthroat,0.40756536,0.020126203075051308,Threnetes ruckeri_Band-tailed Barbthroat,0.40756019949913025,Threnetes ruckeri_Band-tailed Barbthroat,0.40756019949913025,0.40756019949913025,True,True,True,Threnetes ruckeri_Band-tailed Barbthroat,1,Threnetes ruckeri_Band-tailed Barbthroat,0.4095974266529083,Threnetes ruckeri_Band-tailed Barbthroat,0.4095974266529083,0.4095974266529083,True,True,False,Threnetes ruckeri_Band-tailed Barbthroat,1,True
Audio_Moth_6_20250321_064256.wav,Audio_Moth_6,2025-03-21 07:00:00,Threnetes ruckeri_Band-tailed Barbthroat,0.78667957,0.01713627763092518,Threnetes ruckeri_Band-tailed Barbthroat,0.7866740226745605,Threnetes ruckeri_Band-tailed Barbthroat,0.7866740226745605,0.7866740226745605,True,True,True,Threnetes ruckeri_Band-tailed Barbthroat,1,Threnetes ruckeri_Band-tailed Barbthroat,0.7895109057426453,Threnetes ruckeri_Band-tailed Barbthroat,0.7895109057426453,0.7895109057426453,True,True,False,Threnetes ruckeri_Band-tailed Barbthroat,1,True
Audio_Moth_6_20250321_064259.wav,Audio_Moth_6,2025-03-21 07:00:00,Threnetes ruckeri_Band-tailed Barbthroat,0.26209345,0.018559368327260017,Threnetes ruckeri_Band-tailed Barbthroat,0.2621014416217804,Threnetes ruckeri_Band-tailed Barbthroat,0.2621014416217804,0.2621014416217804,True,True,True,Threnetes ruckeri_Band-tailed Barbthroat,1,Threnetes ruckeri_Band-tailed Barbthroat,0.26048263907432556,Threnetes ruckeri_Band-tailed Barbthroat,0.26048263907432556,0.26048263907432556,True,True,False,Threnetes ruckeri_Band-tailed Barbthroat,1,True
Audio_Moth_6_20250321_064302.wav,Audio_Moth_6,2025-03-21 07:00:00,Threnetes ruckeri_Band-tailed Barbthroat,0.626987,0.022084521129727364,Threnetes ruckeri_Band-tailed Barbthroat,0.6269997954368591,Threnetes ruckeri_Band-tailed Barbthroat,0.6269997954368591,0.6269997954368591,True,True,True,Arremon aurantiirostris_Orange-billed Sparrow;Threnetes ruckeri_Band-tailed Barbthroat,2,Threnetes ruckeri_Band-tailed Barbthroat,0.6337870955467224,Threnetes ruckeri_Band-tailed Barbthroat,0.6337870955467224,0.6337870955467224,True,True,False,Arremon aurantiirostris_Orange-billed Sparrow;Threnetes ruckeri_Band-tailed Barbthroat,2,True
Audio_Moth_6_20250321_064311.wav,Audio_Moth_6,2025-03-21 07:00:00,Arremon aurantiirostris_Orange-billed Sparrow,0.47192547,0.026245221495628357,Arremon aurantiirostris_Orange-billed Sparrow,0.4719279408454895,Arremon aurantiirostris_Orange-billed Sparrow,0.4719279408454895,0.4719279408454895,True,True,True,Arremon aurantiirostris_Orange-billed Sparrow,1,Arremon aurantiirostris_Orange-billed Sparrow,0.4746572971343994,Arremon aurantiirostris_Orange-billed Sparrow,0.4746572971343994,0.4746572971343994,True,True,False,Arremon aurantiirostris_Orange-billed Sparrow,1,True
Audio_Moth_6_20250321_064314.wav,Audio_Moth_6,2025-03-21 07:00:00,Myiothlypis fulvicauda_Buff-rumped Warbler,0.3332533,0.02300889976322651,Myiothlypis fulvicauda_Buff-rumped Warbler,0.33325329422950745,Myiothlypis fulvicauda_Buff-rumped Warbler,0.33325329422950745,0.33325329422950745,True,True,True,Myiothlypis fulvicauda_Buff-rumped Warbler,1,Myiothlypis fulvicauda_Buff-rumped Warbler,0.3340992331504822,Myiothlypis fulvicauda_Buff-rumped Warbler,0.3340992331504822,0.3340992331504822,True,True,True,Myiothlypis fulvicauda_Buff-rumped Warbler,1,True
Audio_Moth_6_20250321_064323.wav,Audio_Moth_6,2025-03-21 07:00:00,Myiornis atricapillus_Black-capped Pygmy-Tyrant,0.30784512,0.02262427844107151,Myiornis atricapillus_Black-capped Pygmy-Tyrant,0.30785948038101196,Myiornis atricapillus_Black-capped Pygmy-Tyrant,0.30785948038101196,0.30785948038101196,True,True,True,Myiornis atricapillus_Black-capped Pygmy-Tyrant,1,Myiornis atricapillus_Black-capped Pygmy-Tyrant,0.30555883049964905,Myiornis atricapillus_Black-capped Pygmy-Tyrant,0.30555883049964905,0.30555883049964905,True,True,False,Myiornis atricapillus_Black-capped Pygmy-Tyrant,1,True
Audio_Moth_6_20250321_064326.wav,Audio_Moth_6,2025-03-21 07:00:00,Myiothlypis fulvicauda_Buff-rumped Warbler,0.31849992,0.02586880698800087,Myiothlypis fulvicauda_Buff-rumped Warbler,0.31850531697273254,Myiothlypis fulvicauda_Buff-rumped Warbler,0.31850531697273254,0.31850531697273254,True,True,True,Myiothlypis fulvicauda_Buff-rumped Warbler,1,Myiothlypis fulvicauda_Buff-rumped Warbler,0.3198976516723633,Myiothlypis fulvicauda_Buff-rumped Warbler,0.3198976516723633,0.3198976516723633,True,True,False,Myiothlypis fulvicauda_Buff-rumped Warbler,1,True
Audio_Moth_6_20250321_064329.wav,Audio_Moth_6,2025-03-21 07:00:00,Myiothlypis fulvicauda_Buff-rumped Warbler,0.38670924,0.02468862012028694,Myiothlypis fulvicauda_Buff-rumped Warbler,0.3867044448852539,Myiothlypis fulvicauda_Buff-rumped Warbler,0.3867044448852539,0.3867044448852539,True,True,True,Myiothlypis fulvicauda_Buff-rumped Warbler,1,Myiothlypis fulvicauda_Buff-rumped Warbler,0.38062548637390137,Myiothlypis fulvicauda_Buff-rumped Warbler,0.38062548637390137,0.38062548637390137,True,True,False,Myiothlypis fulvicauda_Buff-rumped Warbler,1,True
Audio_Moth_6_20250321_064332.wav,Audio_Moth_6,2025-03-21 07:00:00,Myiothlypis fulvicauda_Buff-rumped Warbler,0.86663103,0.02273821271955967,Myiothlypis fulvicauda_Buff-rumped Warbler,0.8666325807571411,Myiothlypis fulvicauda_Buff-rumped Warbler,0.8666325807571411,0.8666325807571411,True,True,True,Myiothlypis fulvicauda_Buff-rumped Warbler,1,Myiothlypis fulvicauda_Buff-rumped Warbler,0.8654579520225525,Myiothlypis fulvicauda_Buff-rumped Warbler,0.8654579520225525,0.8654579520225525,True,True,False,Myiothlypis fulvicauda_Buff-rumped Warbler,1,True
Audio_Moth_6_20250321_064335.wav,Audio_Moth_6,2025-03-21 07:00:00,Myiothlypis fulvicauda_Buff-rumped Warbler,0.62376654,0.020332446321845055,Myiothlypis fulvicauda_Buff-rumped Warbler,0.6237667798995972,Myiothlypis fulvicauda_Buff-rumped Warbler,0.6237667798995972,0.6237667798995972,True,True,True,Myiothlypis fulvicauda_Buff-rumped Warbler,1,Myiothlypis fulvicauda_Buff-rumped Warbler,0.634686291217804,Myiothlypis fulvicauda_Buff-rumped Warbler,0.634686291217804,0.634686291217804,True,True,False,Myiothlypis fulvicauda_Buff-rumped Warbler,1,True
Audio_Moth_6_20250321_064338.wav,Audio_Moth_6,2025-03-21 07:00:00,Myiothlypis fulvicauda_Buff-rumped Warbler,0.6403039,0.023697692900896072,Myiothlypis fulvicauda_Buff-rumped Warbler,0.6403015851974487,Myiothlypis fulvicauda_Buff-rumped Warbler,0.6403015851974487,0.6403015851974487,True,True,True,Myiothlypis fulvicauda_Buff-rumped Warbler,1,Myiothlypis fulvicauda_Buff-rumped Warbler,0.6395936608314514,Myiothlypis fulvicauda_Buff-rumped Warbler,0.6395936608314514,0.6395936608314514,True,True,True,Myiothlypis fulvicauda_Buff-rumped Warbler,1,True
Audio_Moth_6_20250321_064341.wav,Audio_Moth_6,2025-03-21 07:00:00,Myiothlypis fulvicauda_Buff-rumped Warbler,0.5712545,0.020651759579777718,Myiothlypis fulvicauda_Buff-rumped Warbler,0.5712617635726929,Myiothlypis fulvicauda_Buff-rumped Warbler,0.5712617635726929,0.5712617635726929,True,True,True,Myiothlypis fulvicauda_Buff-rumped Warbler,1,Myiothlypis fulvicauda_Buff-rumped Warbler,0.5758562088012695,Myiothlypis fulvicauda_Buff-rumped Warbler,0.5758562088012695,0.5758562088012695,True,True,False,Myiothlypis fulvicauda_Buff-rumped Warbler,1,True
Audio_Moth_6_20250321_064344.wav,Audio_Moth_6,2025-03-21 07:00:00,Myiothlypis fulvicauda_Buff-rumped Warbler,0.855075,0.02179218828678131,Myiothlypis fulvicauda_Buff-rumped Warbler,0.8550759553909302,Myiothlypis fulvicauda_Buff-rumped Warbler,0.8550759553909302,0.8550759553909302,True,True,True,Myiothlypis fulvicauda_Buff-rumped Warbler,1,Myiothlypis fulvicauda_Buff-rumped Warbler,0.8558613061904907,Myiothlypis fulvicauda_Buff-rumped Warbler,0.8558613061904907,0.8558613061904907,True,True,True,Myiothlypis fulvicauda_Buff-rumped Warbler,1,True
Audio_Moth_6_20250321_064347.wav,Audio_Moth_6,2025-03-21 07:00:00,Myiothlypis fulvicauda_Buff-rumped Warbler,0.8650641,0.026274243369698524,Myiothlypis fulvicauda_Buff-rumped Warbler,0.8650636672973633,Myiothlypis fulvicauda_Buff-rumped Warbler,0.8650636672973633,0.8650636672973633,True,True,True,Myiothlypis fulvicauda_Buff-rumped Warbler,1,Myiothlypis fulvicauda_Buff-rumped Warbler,0.8655423521995544,Myiothlypis fulvicauda_Buff-rumped Warbler,0.8655423521995544,0.8655423521995544,True,True,True,Myiothlypis fulvicauda_Buff-rumped Warbler,1,True
Audio_Moth_6_20250321_064350.wav,Audio_Moth_6,2025-03-21 07:00:00,Myiothlypis fulvicauda_Buff-rumped Warbler,0.86378556,0.02323477901518345,Myiothlypis fulvicauda_Buff-rumped Warbler,0.8637886047363281,Myiothlypis fulvicauda_Buff-rumped Warbler,0.8637886047363281,0.8637886047363281,True,True,True,Arremon aurantiirostris_Orange-billed Sparrow;Myiothlypis fulvicauda_Buff-rumped Warbler;Threnetes ruckeri_Band-tailed Barbthroat,3,Myiothlypis fulvicauda_Buff-rumped Warbler,0.8629106283187866,Myiothlypis fulvicauda_Buff-rumped Warbler,0.8629106283187866,0.8629106283187866,True,True,True,Arremon aurantiirostris_Orange-billed Sparrow;Myiothlypis fulvicauda_Buff-rumped Warbler;Threnetes ruckeri_Band-tailed Barbthroat,3,True
Audio_Moth_6_20250321_064353.wav,Audio_Moth_6,2025-03-21 07:00:00,Threnetes ruckeri_Band-tailed Barbthroat,0.63445026,0.024123959243297577,Threnetes ruckeri_Band-tailed Barbthroat,0.6344437003135681,Threnetes ruckeri_Band-tailed Barbthroat,0.6344437003135681,0.6344437003135681,True,True,True,Threnetes ruckeri_Band-tailed Barbthroat,1,Threnetes ruckeri_Band-tailed Barbthroat,0.6384634375572205,Threnetes ruckeri_Band-tailed Barbthroat,0.6384634375572205,0.6384634375572205,True,True,False,Threnetes ruckeri_Band-tailed Barbthroat,1,True
Audio_Moth_6_20250321_064432.wav,Audio_Moth_6,2025-03-21 07:00:00,Threnetes ruckeri_Band-tailed Barbthroat,0.4721763,0.0240321047604084,Threnetes ruckeri_Band-tailed Barbthroat,0.47217413783073425,Threnetes ruckeri_Band-tailed Barbthroat,0.47217413783073425,0.47217413783073425,True,True,True,Threnetes ruckeri_Band-tailed Barbthroat,1,Threnetes ruckeri_Band-tailed Barbthroat,0.47462019324302673,Threnetes ruckeri_Band-tailed Barbthroat,0.47462019324302673,0.47462019324302673,True,True,False,Threnetes ruckeri_Band-tailed Barbthroat,1,True
Audio_Moth_6_20250321_064435.wav,Audio_Moth_6,2025-03-21 07:00:00,Threnetes ruckeri_Band-tailed Barbthroat,0.6955892,0.021531328558921814,Threnetes ruckeri_Band-tailed Barbthroat,0.6955798864364624,Threnetes ruckeri_Band-tailed Barbthroat,0.6955798864364624,0.6955798864364624,True,True,True,Threnetes ruckeri_Band-tailed Barbthroat,1,Threnetes ruckeri_Band-tailed Barbthroat,0.6987594366073608,Threnetes ruckeri_Band-tailed Barbthroat,0.6987594366073608,0.6987594366073608,True,True,False,Threnetes ruckeri_Band-tailed Barbthroat,1,True
Audio_Moth_6_20250321_064450.wav,Audio_Moth_6,2025-03-21 07:00:00,Threnetes ruckeri_Band-tailed Barbthroat,0.37845704,0.019855454564094543,Threnetes ruckeri_Band-tailed Barbthroat,0.3784578740596771,Threnetes ruckeri_Band-tailed Barbthroat,0.3784578740596771,0.3784578740596771,True,True,True,Threnetes ruckeri_Band-tailed Barbthroat,1,Threnetes ruckeri_Band-tailed Barbthroat,0.3757877051830292,Threnetes ruckeri_Band-tailed Barbthroat,0.3757877051830292,0.3757877051830292,True,True,False,Threnetes ruckeri_Band-tailed Barbthroat,1,True
Audio_Moth_6_20250321_064453.wav,Audio_Moth_6,2025-03-21 07:00:00,Threnetes ruckeri_Band-tailed Barbthroat,0.3198122,0.018339183181524277,Threnetes ruckeri_Band-tailed Barbthroat,0.31981560587882996,Threnetes ruckeri_Band-tailed Barbthroat,0.31981560587882996,0.31981560587882996,True,True,True,Threnetes ruckeri_Band-tailed Barbthroat,1,Threnetes ruckeri_Band-tailed Barbthroat,0.30399370193481445,Threnetes ruckeri_Band-tailed Barbthroat,0.30399370193481445,0.30399370193481445,True,True,False,Threnetes ruckeri_Band-tailed Barbthroat,1,True
Audio_Moth_6_20250321_064508.wav,Audio_Moth_6,2025-03-21 07:00:00,Threnetes ruckeri_Band-tailed Barbthroat,0.5857606,0.015230254270136356,Threnetes ruckeri_Band-tailed Barbthroat,0.5857570171356201,Threnetes ruckeri_Band-tailed Barbthroat,0.5857570171356201,0.5857570171356201,True,True,True,Threnetes ruckeri_Band-tailed Barbthroat,1,Threnetes ruckeri_Band-tailed Barbthroat,0.591992199420929,Threnetes ruckeri_Band-tailed Barbthroat,0.591992199420929,0.591992199420929,True,True,False,Threnetes ruckeri_Band-tailed Barbthroat,1,True
Audio_Moth_6_20250321_064511.wav,Audio_Moth_6,2025-03-21 07:00:00,Threnetes ruckeri_Band-tailed Barbthroat,0.33681422,0.020980654284358025,Threnetes ruckeri_Band-tailed Barbthroat,0.3368105888366699,Threnetes ruckeri_Band-tailed Barbthroat,0.3368105888366699,0.3368105888366699,True,True,True,Threnetes ruckeri_Band-tailed Barbthroat,1,Threnetes ruckeri_Band-tailed Barbthroat,0.3329300880432129,Threnetes ruckeri_Band-tailed Barbthroat,0.3329300880432129,0.3329300880432129,True,True,False,Threnetes ruckeri_Band-tailed Barbthroat,1,True
Audio_Moth_6_20250321_064529.wav,Audio_Moth_6,2025-03-21 07:00:00,Threnetes ruckeri_Band-tailed Barbthroat,0.62817943,0.02579723298549652,Threnetes ruckeri_Band-tailed Barbthroat,0.6281760334968567,Threnetes ruckeri_Band-tailed Barbthroat,0.6281760334968567,0.6281760334968567,True,True,True,Arremon aurantiirostris_Orange-billed Sparrow;Threnetes ruckeri_Band-tailed Barbthroat,2,Threnetes ruckeri_Band-tailed Barbthroat,0.6271183490753174,Threnetes ruckeri_Band-tailed Barbthroat,0.6271183490753174,0.6271183490753174,True,True,False,Arremon aurantiirostris_Orange-billed Sparrow;Threnetes ruckeri_Band-tailed Barbthroat,2,True
Audio_Moth_6_20250321_064541.wav,Audio_Moth_6,2025-03-21 07:00:00,Myiothlypis fulvicauda_Buff-rumped Warbler,0.4399277,0.027522830292582512,Myiothlypis fulvicauda_Buff-rumped Warbler,0.4399273693561554,Myiothlypis fulvicauda_Buff-rumped Warbler,0.4399273693561554,0.4399273693561554,True,True,True,Myiothlypis fulvicauda_Buff-rumped Warbler,1,Myiothlypis fulvicauda_Buff-rumped Warbler,0.43764373660087585,Myiothlypis fulvicauda_Buff-rumped Warbler,0.43764373660087585,0.43764373660087585,True,True,False,Myiothlypis fulvicauda_Buff-rumped Warbler,1,True
Audio_Moth_6_20250321_064544.wav,Audio_Moth_6,2025-03-21 07:00:00,Myiothlypis fulvicauda_Buff-rumped Warbler,0.3704299,0.026205647736787796,Myiothlypis fulvicauda_Buff-rumped Warbler,0.37042883038520813,Myiothlypis fulvicauda_Buff-rumped Warbler,0.37042883038520813,0.37042883038520813,True,True,True,Myiothlypis fulvicauda_Buff-rumped Warbler,1,Myiothlypis fulvicauda_Buff-rumped Warbler,0.37276962399482727,Myiothlypis fulvicauda_Buff-rumped Warbler,0.37276962399482727,0.37276962399482727,True,True,False,Myiothlypis fulvicauda_Buff-rumped Warbler,1,True
Audio_Moth_6_20250321_064547.wav,Audio_Moth_6,2025-03-21 07:00:00,Myiothlypis fulvicauda_Buff-rumped Warbler,0.4061833,0.025288954377174377,Myiothlypis fulvicauda_Buff-rumped Warbler,0.40618541836738586,Myiothlypis fulvicauda_Buff-rumped Warbler,0.40618541836738586,0.40618541836738586,True,True,True,Myiothlypis fulvicauda_Buff-rumped Warbler,1,Myiothlypis fulvicauda_Buff-rumped Warbler,0.4105394184589386,Myiothlypis fulvicauda_Buff-rumped Warbler,0.4105394184589386,0.4105394184589386,True,True,False,Myiothlypis fulvicauda_Buff-rumped Warbler,1,True
Audio_Moth_6_20250321_064756.wav,Audio_Moth_6,2025-03-21 07:00:00,Myiornis atricapillus_Black-capped Pygmy-Tyrant,0.5783945,0.02643432654440403,Myiornis atricapillus_Black-capped Pygmy-Tyrant,0.578427791595459,Myiornis atricapillus_Black-capped Pygmy-Tyrant,0.578427791595459,0.578427791595459,True,True,True,Myiornis atricapillus_Black-capped Pygmy-Tyrant,1,Myiornis atricapillus_Black-capped Pygmy-Tyrant,0.5740549564361572,Myiornis atricapillus_Black-capped Pygmy-Tyrant,0.5740549564361572,0.5740549564361572,True,True,False,Myiornis atricapillus_Black-capped Pygmy-Tyrant,1,True
Audio_Moth_6_20250321_064814.wav,Audio_Moth_6,2025-03-21 07:00:00,Myiothlypis fulvicauda_Buff-rumped Warbler,0.86176795,0.023935897275805473,Myiothlypis fulvicauda_Buff-rumped Warbler,0.8617646098136902,Myiothlypis fulvicauda_Buff-rumped Warbler,0.8617646098136902,0.8617646098136902,True,True,True,Myiothlypis fulvicauda_Buff-rumped Warbler,1,Myiothlypis fulvicauda_Buff-rumped Warbler,0.8631712198257446,Myiothlypis fulvicauda_Buff-rumped Warbler,0.8631712198257446,0.8631712198257446,True,True,False,Myiothlypis fulvicauda_Buff-rumped Warbler,1,True
Audio_Moth_6_20250321_064820.wav,Audio_Moth_6,2025-03-21 07:00:00,Myiothlypis fulvicauda_Buff-rumped Warbler,0.8629964,0.026371264830231667,Myiothlypis fulvicauda_Buff-rumped Warbler,0.8629964590072632,Myiothlypis fulvicauda_Buff-rumped Warbler,0.8629964590072632,0.8629964590072632,True,True,True,Myiornis atricapillus_Black-capped Pygmy-Tyrant;Myiothlypis fulvicauda_Buff-rumped Warbler,2,Myiothlypis fulvicauda_Buff-rumped Warbler,0.8619418144226074,Myiothlypis fulvicauda_Buff-rumped Warbler,0.8619418144226074,0.8619418144226074,True,True,False,Myiornis atricapillus_Black-capped Pygmy-Tyrant;Myiothlypis fulvicauda_Buff-rumped Warbler,2,True
Audio_Moth_6_20250321_064823.wav,Audio_Moth_6,2025-03-21 07:00:00,Myiothlypis fulvicauda_Buff-rumped Warbler,0.471329,0.024110805243253708,Myiothlypis fulvicauda_Buff-rumped Warbler,0.47132599353790283,Myiothlypis fulvicauda_Buff-rumped Warbler,0.47132599353790283,0.47132599353790283,True,True,True,Myiornis atricapillus_Black-capped Pygmy-Tyrant;Myiothlypis fulvicauda_Buff-rumped Warbler,2,Myiothlypis fulvicauda_Buff-rumped Warbler,0.47897887229919434,Myiothlypis fulvicauda_Buff-rumped Warbler,0.47897887229919434,0.47897887229919434,True,True,False,Myiornis atricapillus_Black-capped Pygmy-Tyrant;Myiothlypis fulvicauda_Buff-rumped Warbler,2,True
Audio_Moth_6_20250321_064826.wav,Audio_Moth_6,2025-03-21 07:00:00,Myiothlypis fulvicauda_Buff-rumped Warbler,0.2866254,0.028496604412794113,Myiothlypis fulvicauda_Buff-rumped Warbler,0.2866206169128418,Myiothlypis fulvicauda_Buff-rumped Warbler,0.2866206169128418,0.2866206169128418,True,True,True,Myiothlypis fulvicauda_Buff-rumped Warbler,1,Myiothlypis fulvicauda_Buff-rumped Warbler,0.2888743579387665,Myiothlypis fulvicauda_Buff-rumped Warbler,0.2888743579387665,0.2888743579387665,True,True,False,Myiothlypis fulvicauda_Buff-rumped Warbler,1,True
Audio_Moth_6_20250321_064850.wav,Audio_Moth_6,2025-03-21 07:00:00,Cacicus uropygialis_Scarlet-rumped Cacique,0.54080397,0.03871902823448181,Cacicus uropygialis_Scarlet-rumped Cacique,0.5408024191856384,Cacicus uropygialis_Scarlet-rumped Cacique,0.5408024191856384,0.5408024191856384,True,True,True,Cacicus uropygialis_Scarlet-rumped Cacique,1,Cacicus uropygialis_Scarlet-rumped Cacique,0.5395163893699646,Cacicus uropygialis_Scarlet-rumped Cacique,0.5395163893699646,0.5395163893699646,True,True,False,Cacicus uropygialis_Scarlet-rumped Cacique,1,True
Audio_Moth_6_20250321_064859.wav,Audio_Moth_6,2025-03-21 07:00:00,Myiothlypis fulvicauda_Buff-rumped Warbler,0.4661927,0.022835660725831985,Myiothlypis fulvicauda_Buff-rumped Warbler,0.46619778871536255,Myiothlypis fulvicauda_Buff-rumped Warbler,0.46619778871536255,0.46619778871536255,True,True,True,Myiothlypis fulvicauda_Buff-rumped Warbler,1,Myiothlypis fulvicauda_Buff-rumped Warbler,0.4670982360839844,Myiothlypis fulvicauda_Buff-rumped Warbler,0.4670982360839844,0.4670982360839844,True,True,True,Myiothlypis fulvicauda_Buff-rumped Warbler,1,True
Audio_Moth_6_20250321_064911.wav,Audio_Moth_6,2025-03-21 07:00:00,Myiothlypis fulvicauda_Buff-rumped Warbler,0.9584816,0.021949704736471176,Myiothlypis fulvicauda_Buff-rumped Warbler,0.958480715751648,Myiothlypis fulvicauda_Buff-rumped Warbler,0.958480715751648,0.958480715751648,True,True,True,Myiothlypis fulvicauda_Buff-rumped Warbler,1,Myiothlypis fulvicauda_Buff-rumped Warbler,0.9591214060783386,Myiothlypis fulvicauda_Buff-rumped Warbler,0.9591214060783386,0.9591214060783386,True,True,True,Myiothlypis fulvicauda_Buff-rumped Warbler,1,True
Audio_Moth_6_20250321_064917.wav,Audio_Moth_6,2025-03-21 07:00:00,Myiothlypis fulvicauda_Buff-rumped Warbler,0.8556912,0.023469870910048485,Myiothlypis fulvicauda_Buff-rumped Warbler,0.855691134929657,Myiothlypis fulvicauda_Buff-rumped Warbler,0.855691134929657,0.855691134929657,True,True,True,Myiothlypis fulvicauda_Buff-rumped Warbler,1,Myiothlypis fulvicauda_Buff-rumped Warbler,0.8526331186294556,Myiothlypis fulvicauda_Buff-rumped Warbler,0.8526331186294556,0.8526331186294556,True,True,False,Myiothlypis fulvicauda_Buff-rumped Warbler,1,True
Audio_Moth_6_20250321_064920.wav,Audio_Moth_6,2025-03-21 07:00:00,Myiothlypis fulvicauda_Buff-rumped Warbler,0.6932423,0.026731424033641815,Myiothlypis fulvicauda_Buff-rumped Warbler,0.6932327151298523,Myiothlypis fulvicauda_Buff-rumped Warbler,0.6932327151298523,0.6932327151298523,True,True,True,Myiothlypis fulvicauda_Buff-rumped Warbler,1,Myiothlypis fulvicauda_Buff-rumped Warbler,0.6899250149726868,Myiothlypis fulvicauda_Buff-rumped Warbler,0.6899250149726868,0.6899250149726868,True,True,False,Myiothlypis fulvicauda_Buff-rumped Warbler,1,True
Audio_Moth_6_20250321_065129.wav,Audio_Moth_6,2025-03-21 07:00:00,Myiornis atricapillus_Black-capped Pygmy-Tyrant,0.4560885,0.02512705884873867,Myiornis atricapillus_Black-capped Pygmy-Tyrant,0.4560909867286682,Myiornis atricapillus_Black-capped Pygmy-Tyrant,0.4560909867286682,0.4560909867286682,True,True,True,Myiornis atricapillus_Black-capped Pygmy-Tyrant,1,Myiornis atricapillus_Black-capped Pygmy-Tyrant,0.4610748291015625,Myiornis atricapillus_Black-capped Pygmy-Tyrant,0.4610748291015625,0.4610748291015625,True,True,False,Myiornis atricapillus_Black-capped Pygmy-Tyrant,1,True
Audio_Moth_6_20250321_065132.wav,Audio_Moth_6,2025-03-21 07:00:00,Ceratopipra mentalis_Red-capped Manakin,0.34074894,0.026277592405676842,Ceratopipra mentalis_Red-capped Manakin,0.3407486081123352,Ceratopipra mentalis_Red-capped Manakin,0.3407486081123352,0.3407486081123352,True,True,True,Ceratopipra mentalis_Red-capped Manakin,1,Ceratopipra mentalis_Red-capped Manakin,0.3433432877063751,Ceratopipra mentalis_Red-capped Manakin,0.3433432877063751,0.3433432877063751,True,True,False,Ceratopipra mentalis_Red-capped Manakin,1,True
Audio_Moth_6_20250321_065256.wav,Audio_Moth_6,2025-03-21 07:00:00,Threnetes ruckeri_Band-tailed Barbthroat,0.73360574,0.03628325089812279,Threnetes ruckeri_Band-tailed Barbthroat,0.7336115837097168,Threnetes ruckeri_Band-tailed Barbthroat,0.7336115837097168,0.7336115837097168,True,True,True,Threnetes ruckeri_Band-tailed Barbthroat,1,Threnetes ruckeri_Band-tailed Barbthroat,0.7381023168563843,Threnetes ruckeri_Band-tailed Barbthroat,0.7381023168563843,0.7381023168563843,True,True,False,Threnetes ruckeri_Band-tailed Barbthroat,1,True
Audio_Moth_6_20250321_065332.wav,Audio_Moth_6,2025-03-21 07:00:00,Habia atrimaxillaris_Black-cheeked Ant-Tanager,0.9806317,0.026593146845698357,Habia atrimaxillaris_Black-cheeked Ant-Tanager,0.9806314706802368,Habia atrimaxillaris_Black-cheeked Ant-Tanager,0.9806314706802368,0.9806314706802368,True,True,True,Habia atrimaxillaris_Black-cheeked Ant-Tanager,1,Habia atrimaxillaris_Black-cheeked Ant-Tanager,0.9805630445480347,Habia atrimaxillaris_Black-cheeked Ant-Tanager,0.9805630445480347,0.9805630445480347,True,True,True,Habia atrimaxillaris_Black-cheeked Ant-Tanager,1,True
Audio_Moth_6_20250321_065350.wav,Audio_Moth_6,2025-03-21 07:00:00,Habia atrimaxillaris_Black-cheeked Ant-Tanager,0.81271505,0.02340810000896454,Habia atrimaxillaris_Black-cheeked Ant-Tanager,0.8127145767211914,Habia atrimaxillaris_Black-cheeked Ant-Tanager,0.8127145767211914,0.8127145767211914,True,True,True,Habia atrimaxillaris_Black-cheeked Ant-Tanager;Habia fuscicauda_Red-throated Ant-Tanager,2,Habia atrimaxillaris_Black-cheeked Ant-Tanager,0.8086962103843689,Habia atrimaxillaris_Black-cheeked Ant-Tanager,0.8086962103843689,0.8086962103843689,True,True,False,Habia atrimaxillaris_Black-cheeked Ant-Tanager;Habia fuscicauda_Red-throated Ant-Tanager,2,True
Audio_Moth_6_20250321_065353.wav,Audio_Moth_6,2025-03-21 07:00:00,Habia atrimaxillaris_Black-cheeked Ant-Tanager,0.44419384,0.02142493613064289,Habia atrimaxillaris_Black-cheeked Ant-Tanager,0.4441746473312378,Habia atrimaxillaris_Black-cheeked Ant-Tanager,0.4441746473312378,0.4441746473312378,True,True,True,Ceratopipra mentalis_Red-capped Manakin;Habia atrimaxillaris_Black-cheeked Ant-Tanager,2,Habia atrimaxillaris_Black-cheeked Ant-Tanager,0.4485718607902527,Habia atrimaxillaris_Black-cheeked Ant-Tanager,0.4485718607902527,0.4485718607902527,True,True,False,Ceratopipra mentalis_Red-capped Manakin;Habia atrimaxillaris_Black-cheeked Ant-Tanager,2,True
Audio_Moth_6_20250321_065426.wav,Audio_Moth_6,2025-03-21 07:00:00,Hylopezus perspicillatus_Streak-chested Antpitta,0.27392676,0.015712862834334373,Hylopezus perspicillatus_Streak-chested Antpitta,0.2739245891571045,Hylopezus perspicillatus_Streak-chested Antpitta,0.2739245891571045,0.2739245891571045,True,True,True,Hylopezus perspicillatus_Streak-chested Antpitta,1,Hylopezus perspicillatus_Streak-chested Antpitta,0.2738141417503357,Hylopezus perspicillatus_Streak-chested Antpitta,0.2738141417503357,0.2738141417503357,True,True,True,Hylopezus perspicillatus_Streak-chested Antpitta,1,True
Audio_Moth_6_20250321_065556.wav,Audio_Moth_6,2025-03-21 07:00:00,Threnetes ruckeri_Band-tailed Barbthroat,0.25784954,0.016355587169528008,Threnetes ruckeri_Band-tailed Barbthroat,0.25784027576446533,Threnetes ruckeri_Band-tailed Barbthroat,0.25784027576446533,0.25784027576446533,True,True,True,Threnetes ruckeri_Band-tailed Barbthroat,1,Threnetes ruckeri_Band-tailed Barbthroat,0.2695048451423645,Threnetes ruckeri_Band-tailed Barbthroat,0.2695048451423645,0.2695048451423645,True,True,False,Threnetes ruckeri_Band-tailed Barbthroat,1,True
Audio_Moth_6_20250321_065632.wav,Audio_Moth_6,2025-03-21 07:00:00,Myiothlypis fulvicauda_Buff-rumped Warbler,0.40939754,0.01335622277110815,Myiothlypis fulvicauda_Buff-rumped Warbler,0.40939754247665405,Myiothlypis fulvicauda_Buff-rumped Warbler,0.40939754247665405,0.40939754247665405,True,True,True,Myiothlypis fulvicauda_Buff-rumped Warbler,1,Myiothlypis fulvicauda_Buff-rumped Warbler,0.40869688987731934,Myiothlypis fulvicauda_Buff-rumped Warbler,0.40869688987731934,0.40869688987731934,True,True,True,Myiothlypis fulvicauda_Buff-rumped Warbler,1,True
Audio_Moth_6_20250321_065641.wav,Audio_Moth_6,2025-03-21 07:00:00,Threnetes ruckeri_Band-tailed Barbthroat,0.64865375,0.017441367730498314,Threnetes ruckeri_Band-tailed Barbthroat,0.64865642786026,Threnetes ruckeri_Band-tailed Barbthroat,0.64865642786026,0.64865642786026,True,True,True,Arremon aurantiirostris_Orange-billed Sparrow;Myiothlypis fulvicauda_Buff-rumped Warbler;Threnetes ruckeri_Band-tailed Barbthroat,3,Threnetes ruckeri_Band-tailed Barbthroat,0.6490432620048523,Threnetes ruckeri_Band-tailed Barbthroat,0.6490432620048523,0.6490432620048523,True,True,True,Arremon aurantiirostris_Orange-billed Sparrow;Myiothlypis fulvicauda_Buff-rumped Warbler;Threnetes ruckeri_Band-tailed Barbthroat,3,True
Audio_Moth_6_20250321_065644.wav,Audio_Moth_6,2025-03-21 07:00:00,Threnetes ruckeri_Band-tailed Barbthroat,0.30669907,0.01693449541926384,Threnetes ruckeri_Band-tailed Barbthroat,0.3066961169242859,Threnetes ruckeri_Band-tailed Barbthroat,0.3066961169242859,0.3066961169242859,True,True,True,Threnetes ruckeri_Band-tailed Barbthroat,1,Threnetes ruckeri_Band-tailed Barbthroat,0.30834653973579407,Threnetes ruckeri_Band-tailed Barbthroat,0.30834653973579407,0.30834653973579407,True,True,False,Threnetes ruckeri_Band-tailed Barbthroat,1,True
Audio_Moth_6_20250321_065647.wav,Audio_Moth_6,2025-03-21 07:00:00,Myiothlypis fulvicauda_Buff-rumped Warbler,0.30519503,0.01534999068826437,Myiothlypis fulvicauda_Buff-rumped Warbler,0.3051949143409729,Myiothlypis fulvicauda_Buff-rumped Warbler,0.3051949143409729,0.3051949143409729,True,True,True,Myiothlypis fulvicauda_Buff-rumped Warbler,1,Myiothlypis fulvicauda_Buff-rumped Warbler,0.3050931692123413,Myiothlypis fulvicauda_Buff-rumped Warbler,0.3050931692123413,0.3050931692123413,True,True,True,Myiothlypis fulvicauda_Buff-rumped Warbler,1,True
Audio_Moth_6_20250321_065714.wav,Audio_Moth_6,2025-03-21 07:00:00,Threnetes ruckeri_Band-tailed Barbthroat,0.99811685,0.0548759289085865,Threnetes ruckeri_Band-tailed Barbthroat,0.9981167316436768,Threnetes ruckeri_Band-tailed Barbthroat,0.9981167316436768,0.9981167316436768,True,True,True,Threnetes ruckeri_Band-tailed Barbthroat,1,Threnetes ruckeri_Band-tailed Barbthroat,0.9981012940406799,Threnetes ruckeri_Band-tailed Barbthroat,0.9981012940406799,0.9981012940406799,True,True,True,Threnetes ruckeri_Band-tailed Barbthroat,1,True
Audio_Moth_6_20250321_065717.wav,Audio_Moth_6,2025-03-21 07:00:00,Threnetes ruckeri_Band-tailed Barbthroat,0.61266494,0.021583249792456627,Threnetes ruckeri_Band-tailed Barbthroat,0.6126689314842224,Threnetes ruckeri_Band-tailed Barbthroat,0.6126689314842224,0.6126689314842224,True,True,True,Threnetes ruckeri_Band-tailed Barbthroat,1,Threnetes ruckeri_Band-tailed Barbthroat,0.6110007166862488,Threnetes ruckeri_Band-tailed Barbthroat,0.6110007166862488,0.6110007166862488,True,True,False,Threnetes ruckeri_Band-tailed Barbthroat,1,True
Audio_Moth_6_20250321_065923.wav,Audio_Moth_6,2025-03-21 07:00:00,Myiothlypis fulvicauda_Buff-rumped Warbler,0.5888259,0.018598947674036026,Myiothlypis fulvicauda_Buff-rumped Warbler,0.5888296961784363,Myiothlypis fulvicauda_Buff-rumped Warbler,0.5888296961784363,0.5888296961784363,True,True,True,Myiothlypis fulvicauda_Buff-rumped Warbler,1,Myiothlypis fulvicauda_Buff-rumped Warbler,0.5854812860488892,Myiothlypis fulvicauda_Buff-rumped Warbler,0.5854812860488892,0.5854812860488892,True,True,False,Myiothlypis fulvicauda_Buff-rumped Warbler,1,True
Audio_Moth_6_20250321_065926.wav,Audio_Moth_6,2025-03-21 07:00:00,Myiothlypis fulvicauda_Buff-rumped Warbler,0.7780672,0.01814393699169159,Myiothlypis fulvicauda_Buff-rumped Warbler,0.7780624032020569,Myiothlypis fulvicauda_Buff-rumped Warbler,0.7780624032020569,0.7780624032020569,True,True,True,Myiornis atricapillus_Black-capped Pygmy-Tyrant;Myiothlypis fulvicauda_Buff-rumped Warbler,2,Myiothlypis fulvicauda_Buff-rumped Warbler,0.7832076549530029,Myiothlypis fulvicauda_Buff-rumped Warbler,0.7832076549530029,0.7832076549530029,True,True,False,Myiornis atricapillus_Black-capped Pygmy-Tyrant;Myiothlypis fulvicauda_Buff-rumped Warbler,2,True
Audio_Moth_6_20250321_065929.wav,Audio_Moth_6,2025-03-21 07:00:00,Myiothlypis fulvicauda_Buff-rumped Warbler,0.74853104,0.017802376300096512,Myiothlypis fulvicauda_Buff-rumped Warbler,0.7485293745994568,Myiothlypis fulvicauda_Buff-rumped Warbler,0.7485293745994568,0.7485293745994568,True,True,True,Myiornis atricapillus_Black-capped Pygmy-Tyrant;Myiothlypis fulvicauda_Buff-rumped Warbler,2,Myiothlypis fulvicauda_Buff-rumped Warbler,0.7501206994056702,Myiothlypis fulvicauda_Buff-rumped Warbler,0.7501206994056702,0.7501206994056702,True,True,False,Myiornis atricapillus_Black-capped Pygmy-Tyrant;Myiothlypis fulvicauda_Buff-rumped Warbler,2,True
Audio_Moth_6_20250321_065932.wav,Audio_Moth_6,2025-03-21 07:00:00,Myiothlypis fulvicauda_Buff-rumped Warbler,0.7383769,0.01999196596443653,Myiothlypis fulvicauda_Buff-rumped Warbler,0.7383816242218018,Myiothlypis fulvicauda_Buff-rumped Warbler,0.7383816242218018,0.7383816242218018,True,True,True,Myiothlypis fulvicauda_Buff-rumped Warbler,1,Myiothlypis fulvicauda_Buff-rumped Warbler,0.7390353083610535,Myiothlypis fulvicauda_Buff-rumped Warbler,0.7390353083610535,0.7390353083610535,True,True,True,Myiothlypis fulvicauda_Buff-rumped Warbler,1,True
Audio_Moth_6_20250321_065935.wav,Audio_Moth_6,2025-03-21 07:00:00,Myiothlypis fulvicauda_Buff-rumped Warbler,0.5455372,0.016408266499638557,Myiothlypis fulvicauda_Buff-rumped Warbler,0.5455307364463806,Myiothlypis fulvicauda_Buff-rumped Warbler,0.5455307364463806,0.5455307364463806,True,True,True,Myiornis atricapillus_Black-capped Pygmy-Tyrant;Myiothlypis fulvicauda_Buff-rumped Warbler,2,Myiothlypis fulvicauda_Buff-rumped Warbler,0.5471555590629578,Myiothlypis fulvicauda_Buff-rumped Warbler,0.5471555590629578,0.5471555590629578,True,True,False,Myiornis atricapillus_Black-capped Pygmy-Tyrant;Myiothlypis fulvicauda_Buff-rumped Warbler,2,True
Audio_Moth_6_20250321_065938.wav,Audio_Moth_6,2025-03-21 07:00:00,Myiothlypis fulvicauda_Buff-rumped Warbler,0.6776319,0.018584802746772766,Myiothlypis fulvicauda_Buff-rumped Warbler,0.6776334047317505,Myiothlypis fulvicauda_Buff-rumped Warbler,0.6776334047317505,0.6776334047317505,True,True,True,Myiothlypis fulvicauda_Buff-rumped Warbler,1,Myiothlypis fulvicauda_Buff-rumped Warbler,0.6763879656791687,Myiothlypis fulvicauda_Buff-rumped Warbler,0.6763879656791687,0.6763879656791687,True,True,False,Myiothlypis fulvicauda_Buff-rumped Warbler,1,True
Audio_Moth_6_20250321_070326.wav,Audio_Moth_6,2025-03-21 07:00:00,Amazona farinosa_Mealy Parrot,0.34192622,0.02047509141266346,Amazona farinosa_Mealy Parrot,0.34192776679992676,Amazona farinosa_Mealy Parrot,0.34192776679992676,0.34192776679992676,True,True,True,Amazona farinosa_Mealy Parrot,1,Amazona farinosa_Mealy Parrot,0.3441216051578522,Amazona farinosa_Mealy Parrot,0.3441216051578522,0.3441216051578522,True,True,False,Amazona farinosa_Mealy Parrot,1,True
Audio_Moth_6_20250321_070335.wav,Audio_Moth_6,2025-03-21 07:00:00,Amazona farinosa_Mealy Parrot,0.3814904,0.023398153483867645,Amazona farinosa_Mealy Parrot,0.38149240612983704,Amazona farinosa_Mealy Parrot,0.38149240612983704,0.38149240612983704,True,True,True,Amazona farinosa_Mealy Parrot,1,Amazona farinosa_Mealy Parrot,0.3840496838092804,Amazona farinosa_Mealy Parrot,0.3840496838092804,0.3840496838092804,True,True,False,Amazona farinosa_Mealy Parrot,1,True
Audio_Moth_6_20250321_070432.wav,Audio_Moth_6,2025-03-21 07:00:00,Cyanoloxia cyanoides_Blue-black Grosbeak,0.9430358,0.020900651812553406,Cyanoloxia cyanoides_Blue-black Grosbeak,0.943035900592804,Cyanoloxia cyanoides_Blue-black Grosbeak,0.943035900592804,0.943035900592804,True,True,True,Cyanoloxia cyanoides_Blue-black Grosbeak,1,Cyanoloxia cyanoides_Blue-black Grosbeak,0.9426156282424927,Cyanoloxia cyanoides_Blue-black Grosbeak,0.9426156282424927,0.9426156282424927,True,True,True,Cyanoloxia cyanoides_Blue-black Grosbeak,1,True
Audio_Moth_6_20250321_070450.wav,Audio_Moth_6,2025-03-21 07:00:00,Cyanoloxia cyanoides_Blue-black Grosbeak,0.85858184,0.022047165781259537,Cyanoloxia cyanoides_Blue-black Grosbeak,0.8585803508758545,Cyanoloxia cyanoides_Blue-black Grosbeak,0.8585803508758545,0.8585803508758545,True,True,True,Cyanoloxia cyanoides_Blue-black Grosbeak,1,Cyanoloxia cyanoides_Blue-black Grosbeak,0.8621264100074768,Cyanoloxia cyanoides_Blue-black Grosbeak,0.8621264100074768,0.8621264100074768,True,True,False,Cyanoloxia cyanoides_Blue-black Grosbeak,1,True
Audio_Moth_6_20250321_070926.wav,Audio_Moth_6,2025-03-21 07:00:00,Amazona farinosa_Mealy Parrot,0.6978691,0.03699306398630142,Amazona farinosa_Mealy Parrot,0.6978685259819031,Amazona farinosa_Mealy Parrot,0.6978685259819031,0.6978685259819031,True,True,True,Amazona farinosa_Mealy Parrot,1,Amazona farinosa_Mealy Parrot,0.6985770463943481,Amazona farinosa_Mealy Parrot,0.6985770463943481,0.6985770463943481,True,True,True,Amazona farinosa_Mealy Parrot,1,True
Audio_Moth_6_20250321_070929.wav,Audio_Moth_6,2025-03-21 07:00:00,Amazona farinosa_Mealy Parrot,0.6842681,0.03216167911887169,Amazona farinosa_Mealy Parrot,0.6842741966247559,Amazona farinosa_Mealy Parrot,0.6842741966247559,0.6842741966247559,True,True,True,Amazona farinosa_Mealy Parrot,1,Amazona farinosa_Mealy Parrot,0.682919442653656,Amazona farinosa_Mealy Parrot,0.682919442653656,0.682919442653656,True,True,False,Amazona farinosa_Mealy Parrot,1,True
Audio_Moth_6_20250321_070932.wav,Audio_Moth_6,2025-03-21 07:00:00,Amazona farinosa_Mealy Parrot,0.2756843,0.029352055862545967,Amazona farinosa_Mealy Parrot,0.2756858170032501,Amazona farinosa_Mealy Parrot,0.2756858170032501,0.2756858170032501,True,True,True,Amazona farinosa_Mealy Parrot,1,Amazona farinosa_Mealy Parrot,0.2785540521144867,Amazona farinosa_Mealy Parrot,0.2785540521144867,0.2785540521144867,True,True,False,Amazona farinosa_Mealy Parrot,1,True
Audio_Moth_6_20250321_070935.wav,Audio_Moth_6,2025-03-21 07:00:00,Amazona farinosa_Mealy Parrot,0.3112994,0.03976031765341759,Amazona farinosa_Mealy Parrot,0.3113013505935669,Amazona farinosa_Mealy Parrot,0.3113013505935669,0.3113013505935669,True,True,True,Amazona farinosa_Mealy Parrot,1,Amazona farinosa_Mealy Parrot,0.3119618594646454,Amazona farinosa_Mealy Parrot,0.3119618594646454,0.3119618594646454,True,True,True,Amazona farinosa_Mealy Parrot,1,True
Audio_Moth_6_20250321_070938.wav,Audio_Moth_6,2025-03-21 07:00:00,Hylopezus perspicillatus_Streak-chested Antpitta,0.32659867,0.04745636135339737,Hylopezus perspicillatus_Streak-chested Antpitta,0.32659947872161865,Hylopezus perspicillatus_Streak-chested Antpitta,0.32659947872161865,0.32659947872161865,True,True,True,Hylopezus perspicillatus_Streak-chested Antpitta,1,Hylopezus perspicillatus_Streak-chested Antpitta,0.3280065357685089,Hylopezus perspicillatus_Streak-chested Antpitta,0.3280065357685089,0.3280065357685089,True,True,False,Hylopezus perspicillatus_Streak-chested Antpitta,1,True
Audio_Moth_6_20250321_070947.wav,Audio_Moth_6,2025-03-21 07:00:00,Amazona farinosa_Mealy Parrot,0.39133886,0.04810840263962746,Amazona farinosa_Mealy Parrot,0.3913400173187256,Amazona farinosa_Mealy Parrot,0.3913400173187256,0.3913400173187256,True,True,True,Amazona farinosa_Mealy Parrot,1,Amazona farinosa_Mealy Parrot,0.3878551721572876,Amazona farinosa_Mealy Parrot,0.3878551721572876,0.3878551721572876,True,True,False,Amazona farinosa_Mealy Parrot,1,True
Audio_Moth_6_20250321_070956.wav,Audio_Moth_6,2025-03-21 07:00:00,Amazona farinosa_Mealy Parrot,0.30965456,0.05562835931777954,Amazona farinosa_Mealy Parrot,0.3096524775028229,Amazona farinosa_Mealy Parrot,0.3096524775028229,0.3096524775028229,True,True,True,Amazona farinosa_Mealy Parrot,1,Amazona farinosa_Mealy Parrot,0.3125808537006378,Amazona farinosa_Mealy Parrot,0.3125808537006378,0.3125808537006378,True,True,False,Amazona farinosa_Mealy Parrot,1,True
Audio_Moth_6_20250321_070959.wav,Audio_Moth_6,2025-03-21 07:00:00,Amazona farinosa_Mealy Parrot,0.44865885,0.05379307270050049,Amazona farinosa_Mealy Parrot,0.4486638903617859,Amazona farinosa_Mealy Parrot,0.4486638903617859,0.4486638903617859,True,True,True,Amazona farinosa_Mealy Parrot,1,Amazona farinosa_Mealy Parrot,0.44808900356292725,Amazona farinosa_Mealy Parrot,0.44808900356292725,0.44808900356292725,True,True,True,Amazona farinosa_Mealy Parrot,1,True
Audio_Moth_6_20250321_071002.wav,Audio_Moth_6,2025-03-21 07:00:00,Amazona farinosa_Mealy Parrot,0.866418,0.04976961389183998,Amazona farinosa_Mealy Parrot,0.8664159178733826,Amazona farinosa_Mealy Parrot,0.8664159178733826,0.8664159178733826,True,True,True,Amazona farinosa_Mealy Parrot,1,Amazona farinosa_Mealy Parrot,0.8688598275184631,Amazona farinosa_Mealy Parrot,0.8688598275184631,0.8688598275184631,True,True,False,Amazona farinosa_Mealy Parrot,1,True
Audio_Moth_6_20250321_071005.wav,Audio_Moth_6,2025-03-21 07:00:00,Amazona farinosa_Mealy Parrot,0.5446143,0.047082915902137756,Amazona farinosa_Mealy Parrot,0.5446127653121948,Amazona farinosa_Mealy Parrot,0.5446127653121948,0.5446127653121948,True,True,True,Amazona farinosa_Mealy Parrot,1,Amazona farinosa_Mealy Parrot,0.5476244688034058,Amazona farinosa_Mealy Parrot,0.5476244688034058,0.5476244688034058,True,True,False,Amazona farinosa_Mealy Parrot,1,True
Audio_Moth_6_20250321_071020.wav,Audio_Moth_6,2025-03-21 07:00:00,Hylopezus perspicillatus_Streak-chested Antpitta,0.45594028,0.047592636197805405,Hylopezus perspicillatus_Streak-chested Antpitta,0.4559435546398163,Hylopezus perspicillatus_Streak-chested Antpitta,0.4559435546398163,0.4559435546398163,True,True,True,Hylopezus perspicillatus_Streak-chested Antpitta,1,Hylopezus perspicillatus_Streak-chested Antpitta,0.4610614776611328,Hylopezus perspicillatus_Streak-chested Antpitta,0.4610614776611328,0.4610614776611328,True,True,False,Hylopezus perspicillatus_Streak-chested Antpitta,1,True
Audio_Moth_6_20250321_071329.wav,Audio_Moth_6,2025-03-21 07:00:00,Hylopezus perspicillatus_Streak-chested Antpitta,0.28787112,0.026216279715299606,Hylopezus perspicillatus_Streak-chested Antpitta,0.28787001967430115,Hylopezus perspicillatus_Streak-chested Antpitta,0.28787001967430115,0.28787001967430115,True,True,True,Hylopezus perspicillatus_Streak-chested Antpitta,1,Hylopezus perspicillatus_Streak-chested Antpitta,0.2854377329349518,Hylopezus perspicillatus_Streak-chested Antpitta,0.2854377329349518,0.2854377329349518,True,True,False,Hylopezus perspicillatus_Streak-chested Antpitta,1,True
Audio_Moth_6_20250321_071450.wav,Audio_Moth_6,2025-03-21 07:00:00,Myiothlypis fulvicauda_Buff-rumped Warbler,0.4622866,0.030237656086683273,Myiothlypis fulvicauda_Buff-rumped Warbler,0.4622763395309448,Myiothlypis fulvicauda_Buff-rumped Warbler,0.4622763395309448,0.4622763395309448,True,True,True,Myiothlypis fulvicauda_Buff-rumped Warbler,1,Myiothlypis fulvicauda_Buff-rumped Warbler,0.4601175785064697,Myiothlypis fulvicauda_Buff-rumped Warbler,0.4601175785064697,0.4601175785064697,True,True,False,Myiothlypis fulvicauda_Buff-rumped Warbler,1,True
Audio_Moth_6_20250321_071453.wav,Audio_Moth_6,2025-03-21 07:00:00,Myiothlypis fulvicauda_Buff-rumped Warbler,0.32339317,0.02926727570593357,Myiothlypis fulvicauda_Buff-rumped Warbler,0.323390930891037,Myiothlypis fulvicauda_Buff-rumped Warbler,0.323390930891037,0.323390930891037,True,True,True,Myiothlypis fulvicauda_Buff-rumped Warbler,1,Myiothlypis fulvicauda_Buff-rumped Warbler,0.32398948073387146,Myiothlypis fulvicauda_Buff-rumped Warbler,0.32398948073387146,0.32398948073387146,True,True,True,Myiothlypis fulvicauda_Buff-rumped Warbler,1,True
Audio_Moth_6_20250321_071459.wav,Audio_Moth_6,2025-03-21 07:00:00,Myiothlypis fulvicauda_Buff-rumped Warbler,0.31433192,0.0294248778373003,Myiothlypis fulvicauda_Buff-rumped Warbler,0.31432533264160156,Myiothlypis fulvicauda_Buff-rumped Warbler,0.31432533264160156,0.31432533264160156,True,True,True,Myiothlypis fulvicauda_Buff-rumped Warbler,1,Myiothlypis fulvicauda_Buff-rumped Warbler,0.31778278946876526,Myiothlypis fulvicauda_Buff-rumped Warbler,0.31778278946876526,0.31778278946876526,True,True,False,Myiothlypis fulvicauda_Buff-rumped Warbler,1,True
Audio_Moth_6_20250321_071508.wav,Audio_Moth_6,2025-03-21 07:00:00,Myiothlypis fulvicauda_Buff-rumped Warbler,0.46958172,0.03083447366952896,Myiothlypis fulvicauda_Buff-rumped Warbler,0.46957963705062866,Myiothlypis fulvicauda_Buff-rumped Warbler,0.46957963705062866,0.46957963705062866,True,True,True,Myiothlypis fulvicauda_Buff-rumped Warbler,1,Myiothlypis fulvicauda_Buff-rumped Warbler,0.4723106920719147,Myiothlypis fulvicauda_Buff-rumped Warbler,0.4723106920719147,0.4723106920719147,True,True,False,Myiothlypis fulvicauda_Buff-rumped Warbler,1,True
Audio_Moth_6_20250321_071511.wav,Audio_Moth_6,2025-03-21 07:00:00,Hylopezus perspicillatus_Streak-chested Antpitta,0.31505263,0.04399985447525978,Hylopezus perspicillatus_Streak-chested Antpitta,0.3150525391101837,Hylopezus perspicillatus_Streak-chested Antpitta,0.3150525391101837,0.3150525391101837,True,True,True,Hylopezus perspicillatus_Streak-chested Antpitta,1,Hylopezus perspicillatus_Streak-chested Antpitta,0.31905099749565125,Hylopezus perspicillatus_Streak-chested Antpitta,0.31905099749565125,0.31905099749565125,True,True,False,Hylopezus perspicillatus_Streak-chested Antpitta,1,True
Audio_Moth_6_20250321_071526.wav,Audio_Moth_6,2025-03-21 07:00:00,Myiothlypis fulvicauda_Buff-rumped Warbler,0.48193917,0.028091223910450935,Myiothlypis fulvicauda_Buff-rumped Warbler,0.48193374276161194,Myiothlypis fulvicauda_Buff-rumped Warbler,0.48193374276161194,0.48193374276161194,True,True,True,Myiothlypis fulvicauda_Buff-rumped Warbler,1,Myiothlypis fulvicauda_Buff-rumped Warbler,0.48027846217155457,Myiothlypis fulvicauda_Buff-rumped Warbler,0.48027846217155457,0.48027846217155457,True,True,False,Myiothlypis fulvicauda_Buff-rumped Warbler,1,True
Audio_Moth_6_20250321_071620.wav,Audio_Moth_6,2025-03-21 07:00:00,Myiothlypis fulvicauda_Buff-rumped Warbler,0.5156827,0.04584435373544693,Myiothlypis fulvicauda_Buff-rumped Warbler,0.515683650970459,Myiothlypis fulvicauda_Buff-rumped Warbler,0.515683650970459,0.515683650970459,True,True,True,Myiothlypis fulvicauda_Buff-rumped Warbler,1,Myiothlypis fulvicauda_Buff-rumped Warbler,0.5153661966323853,Myiothlypis fulvicauda_Buff-rumped Warbler,0.5153661966323853,0.5153661966323853,True,True,True,Myiothlypis fulvicauda_Buff-rumped Warbler,1,True
Audio_Moth_6_20250321_071623.wav,Audio_Moth_6,2025-03-21 07:00:00,Myiothlypis fulvicauda_Buff-rumped Warbler,0.58024204,0.04802526906132698,Myiothlypis fulvicauda_Buff-rumped Warbler,0.580241858959198,Myiothlypis fulvicauda_Buff-rumped Warbler,0.580241858959198,0.580241858959198,True,True,True,Myiothlypis fulvicauda_Buff-rumped Warbler,1,Myiothlypis fulvicauda_Buff-rumped Warbler,0.5755111575126648,Myiothlypis fulvicauda_Buff-rumped Warbler,0.5755111575126648,0.5755111575126648,True,True,False,Myiothlypis fulvicauda_Buff-rumped Warbler,1,True
Audio_Moth_6_20250321_071626.wav,Audio_Moth_6,2025-03-21 07:00:00,Myiothlypis fulvicauda_Buff-rumped Warbler,0.625732,0.04517460614442825,Myiothlypis fulvicauda_Buff-rumped Warbler,0.6257308721542358,Myiothlypis fulvicauda_Buff-rumped Warbler,0.6257308721542358,0.6257308721542358,True,True,True,Hylopezus perspicillatus_Streak-chested Antpitta;Myiothlypis fulvicauda_Buff-rumped Warbler,2,Myiothlypis fulvicauda_Buff-rumped Warbler,0.6149024963378906,Myiothlypis fulvicauda_Buff-rumped Warbler,0.6149024963378906,0.6149024963378906,True,True,False,Hylopezus perspicillatus_Streak-chested Antpitta;Myiothlypis fulvicauda_Buff-rumped Warbler,2,True
Audio_Moth_6_20250321_072153.wav,Audio_Moth_6,2025-03-21 07:00:00,Habia atrimaxillaris_Black-cheeked Ant-Tanager,0.3353674,0.026949895545840263,Habia atrimaxillaris_Black-cheeked Ant-Tanager,0.3353720009326935,Habia atrimaxillaris_Black-cheeked Ant-Tanager,0.3353720009326935,0.3353720009326935,True,True,True,Habia atrimaxillaris_Black-cheeked Ant-Tanager,1,Habia atrimaxillaris_Black-cheeked Ant-Tanager,0.3397308886051178,Habia atrimaxillaris_Black-cheeked Ant-Tanager,0.3397308886051178,0.3397308886051178,True,True,False,Habia atrimaxillaris_Black-cheeked Ant-Tanager,1,True
Audio_Moth_6_20250321_072441.wav,Audio_Moth_6,2025-03-21 07:00:00,Threnetes ruckeri_Band-tailed Barbthroat,0.8497377,0.03652453422546387,Threnetes ruckeri_Band-tailed Barbthroat,0.849732518196106,Threnetes ruckeri_Band-tailed Barbthroat,0.849732518196106,0.849732518196106,True,True,True,Threnetes ruckeri_Band-tailed Barbthroat,1,Threnetes ruckeri_Band-tailed Barbthroat,0.8527714610099792,Threnetes ruckeri_Band-tailed Barbthroat,0.8527714610099792,0.8527714610099792,True,True,False,Threnetes ruckeri_Band-tailed Barbthroat,1,True
Audio_Moth_6_20250321_072532.wav,Audio_Moth_6,2025-03-21 07:00:00,Habia atrimaxillaris_Black-cheeked Ant-Tanager,0.25717586,0.04230174049735069,Habia atrimaxillaris_Black-cheeked Ant-Tanager,0.2571839988231659,Habia atrimaxillaris_Black-cheeked Ant-Tanager,0.2571839988231659,0.2571839988231659,True,True,True,Habia atrimaxillaris_Black-cheeked Ant-Tanager,1,Habia atrimaxillaris_Black-cheeked Ant-Tanager,0.26196587085723877,Habia atrimaxillaris_Black-cheeked Ant-Tanager,0.26196587085723877,0.26196587085723877,True,True,False,Habia atrimaxillaris_Black-cheeked Ant-Tanager,1,True
Audio_Moth_6_20250321_072726.wav,Audio_Moth_6,2025-03-21 07:00:00,Habia atrimaxillaris_Black-cheeked Ant-Tanager,0.4333909,0.023527339100837708,Habia atrimaxillaris_Black-cheeked Ant-Tanager,0.43339404463768005,Habia atrimaxillaris_Black-cheeked Ant-Tanager,0.43339404463768005,0.43339404463768005,True,True,True,Habia atrimaxillaris_Black-cheeked Ant-Tanager,1,Habia atrimaxillaris_Black-cheeked Ant-Tanager,0.43205806612968445,Habia atrimaxillaris_Black-cheeked Ant-Tanager,0.43205806612968445,0.43205806612968445,True,True,False,Habia atrimaxillaris_Black-cheeked Ant-Tanager,1,True
Audio_Moth_6_20250321_072835.wav,Audio_Moth_6,2025-03-21 07:00:00,Habia atrimaxillaris_Black-cheeked Ant-Tanager,0.28389442,0.022344181314110756,Habia atrimaxillaris_Black-cheeked Ant-Tanager,0.28389793634414673,Habia atrimaxillaris_Black-cheeked Ant-Tanager,0.28389793634414673,0.28389793634414673,True,True,True,Habia atrimaxillaris_Black-cheeked Ant-Tanager,1,Habia atrimaxillaris_Black-cheeked Ant-Tanager,0.2837250828742981,Habia atrimaxillaris_Black-cheeked Ant-Tanager,0.2837250828742981,0.2837250828742981,True,True,True,Habia atrimaxillaris_Black-cheeked Ant-Tanager,1,True
Audio_Moth_6_20250321_073017.wav,Audio_Moth_6,2025-03-21 08:00:00,Habia atrimaxillaris_Black-cheeked Ant-Tanager,0.26588985,0.028438635170459747,Habia atrimaxillaris_Black-cheeked Ant-Tanager,0.26588913798332214,Habia atrimaxillaris_Black-cheeked Ant-Tanager,0.26588913798332214,0.26588913798332214,True,True,True,Habia atrimaxillaris_Black-cheeked Ant-Tanager,1,Habia atrimaxillaris_Black-cheeked Ant-Tanager,0.2648981213569641,Habia atrimaxillaris_Black-cheeked Ant-Tanager,0.2648981213569641,0.2648981213569641,True,True,True,Habia atrimaxillaris_Black-cheeked Ant-Tanager,1,True
Audio_Moth_6_20250321_073029.wav,Audio_Moth_6,2025-03-21 08:00:00,Habia atrimaxillaris_Black-cheeked Ant-Tanager,0.8373129,0.05673561245203018,Habia atrimaxillaris_Black-cheeked Ant-Tanager,0.8373175263404846,Habia atrimaxillaris_Black-cheeked Ant-Tanager,0.8373175263404846,0.8373175263404846,True,True,True,Habia atrimaxillaris_Black-cheeked Ant-Tanager,1,Habia atrimaxillaris_Black-cheeked Ant-Tanager,0.8388233780860901,Habia atrimaxillaris_Black-cheeked Ant-Tanager,0.8388233780860901,0.8388233780860901,True,True,False,Habia atrimaxillaris_Black-cheeked Ant-Tanager,1,True
Audio_Moth_6_20250321_073032.wav,Audio_Moth_6,2025-03-21 08:00:00,Habia atrimaxillaris_Black-cheeked Ant-Tanager,0.5794603,0.030739523470401764,Habia atrimaxillaris_Black-cheeked Ant-Tanager,0.5794640779495239,Habia atrimaxillaris_Black-cheeked Ant-Tanager,0.5794640779495239,0.5794640779495239,True,True,True,Habia atrimaxillaris_Black-cheeked Ant-Tanager,1,Habia atrimaxillaris_Black-cheeked Ant-Tanager,0.5803831815719604,Habia atrimaxillaris_Black-cheeked Ant-Tanager,0.5803831815719604,0.5803831815719604,True,True,True,Habia atrimaxillaris_Black-cheeked Ant-Tanager,1,True
Audio_Moth_6_20250321_073059.wav,Audio_Moth_6,2025-03-21 08:00:00,Habia atrimaxillaris_Black-cheeked Ant-Tanager,0.94055426,0.036145105957984924,Habia atrimaxillaris_Black-cheeked Ant-Tanager,0.940554678440094,Habia atrimaxillaris_Black-cheeked Ant-Tanager,0.940554678440094,0.940554678440094,True,True,True,Habia atrimaxillaris_Black-cheeked Ant-Tanager;Habia fuscicauda_Red-throated Ant-Tanager,2,Habia atrimaxillaris_Black-cheeked Ant-Tanager,0.939997673034668,Habia atrimaxillaris_Black-cheeked Ant-Tanager,0.939997673034668,0.939997673034668,True,True,True,Habia atrimaxillaris_Black-cheeked Ant-Tanager;Habia fuscicauda_Red-throated Ant-Tanager,2,True
Audio_Moth_6_20250321_073105.wav,Audio_Moth_6,2025-03-21 08:00:00,Myiornis atricapillus_Black-capped Pygmy-Tyrant,0.39124504,0.031617626547813416,Myiornis atricapillus_Black-capped Pygmy-Tyrant,0.3912491202354431,Myiornis atricapillus_Black-capped Pygmy-Tyrant,0.3912491202354431,0.3912491202354431,True,True,True,Myiornis atricapillus_Black-capped Pygmy-Tyrant,1,Myiornis atricapillus_Black-capped Pygmy-Tyrant,0.39528676867485046,Myiornis atricapillus_Black-capped Pygmy-Tyrant,0.39528676867485046,0.39528676867485046,True,True,False,Myiornis atricapillus_Black-capped Pygmy-Tyrant,1,True
Audio_Moth_6_20250321_073117.wav,Audio_Moth_6,2025-03-21 08:00:00,Habia atrimaxillaris_Black-cheeked Ant-Tanager,0.9714813,0.04221178963780403,Habia atrimaxillaris_Black-cheeked Ant-Tanager,0.9714815616607666,Habia atrimaxillaris_Black-cheeked Ant-Tanager,0.9714815616607666,0.9714815616607666,True,True,True,Habia atrimaxillaris_Black-cheeked Ant-Tanager,1,Habia atrimaxillaris_Black-cheeked Ant-Tanager,0.9711541533470154,Habia atrimaxillaris_Black-cheeked Ant-Tanager,0.9711541533470154,0.9711541533470154,True,True,True,Habia atrimaxillaris_Black-cheeked Ant-Tanager,1,True
Audio_Moth_6_20250321_073138.wav,Audio_Moth_6,2025-03-21 08:00:00,Habia atrimaxillaris_Black-cheeked Ant-Tanager,0.3526721,0.04422641918063164,Habia atrimaxillaris_Black-cheeked Ant-Tanager,0.3526695966720581,Habia atrimaxillaris_Black-cheeked Ant-Tanager,0.3526695966720581,0.3526695966720581,True,True,True,Habia atrimaxillaris_Black-cheeked Ant-Tanager,1,Habia atrimaxillaris_Black-cheeked Ant-Tanager,0.35242292284965515,Habia atrimaxillaris_Black-cheeked Ant-Tanager,0.35242292284965515,0.35242292284965515,True,True,True,Habia atrimaxillaris_Black-cheeked Ant-Tanager,1,True
Audio_Moth_6_20250321_073141.wav,Audio_Moth_6,2025-03-21 08:00:00,Habia atrimaxillaris_Black-cheeked Ant-Tanager,0.33771235,0.04658181592822075,Habia atrimaxillaris_Black-cheeked Ant-Tanager,0.33770883083343506,Habia atrimaxillaris_Black-cheeked Ant-Tanager,0.33770883083343506,0.33770883083343506,True,True,True,Habia atrimaxillaris_Black-cheeked Ant-Tanager,1,Habia atrimaxillaris_Black-cheeked Ant-Tanager,0.3357483148574829,Habia atrimaxillaris_Black-cheeked Ant-Tanager,0.3357483148574829,0.3357483148574829,True,True,False,Habia atrimaxillaris_Black-cheeked Ant-Tanager,1,True
Audio_Moth_6_20250321_073217.wav,Audio_Moth_6,2025-03-21 08:00:00,Habia atrimaxillaris_Black-cheeked Ant-Tanager,0.29324952,0.028785772621631622,Habia atrimaxillaris_Black-cheeked Ant-Tanager,0.2932482659816742,Habia atrimaxillaris_Black-cheeked Ant-Tanager,0.2932482659816742,0.2932482659816742,True,True,True,Habia atrimaxillaris_Black-cheeked Ant-Tanager,1,Habia atrimaxillaris_Black-cheeked Ant-Tanager,0.2892776131629944,Habia atrimaxillaris_Black-cheeked Ant-Tanager,0.2892776131629944,0.2892776131629944,True,True,False,Habia atrimaxillaris_Black-cheeked Ant-Tanager,1,True
Audio_Moth_6_20250321_073238.wav,Audio_Moth_6,2025-03-21 08:00:00,Habia atrimaxillaris_Black-cheeked Ant-Tanager,0.3032908,0.024945518001914024,Habia atrimaxillaris_Black-cheeked Ant-Tanager,0.3032984733581543,Habia atrimaxillaris_Black-cheeked Ant-Tanager,0.3032984733581543,0.3032984733581543,True,True,True,Habia atrimaxillaris_Black-cheeked Ant-Tanager,1,Habia atrimaxillaris_Black-cheeked Ant-Tanager,0.30002015829086304,Habia atrimaxillaris_Black-cheeked Ant-Tanager,0.30002015829086304,0.30002015829086304,True,True,False,Habia atrimaxillaris_Black-cheeked Ant-Tanager,1,True
Audio_Moth_6_20250321_073241.wav,Audio_Moth_6,2025-03-21 08:00:00,Habia atrimaxillaris_Black-cheeked Ant-Tanager,0.29601508,0.025189636275172234,Habia atrimaxillaris_Black-cheeked Ant-Tanager,0.2960144579410553,Habia atrimaxillaris_Black-cheeked Ant-Tanager,0.2960144579410553,0.2960144579410553,True,True,True,Habia atrimaxillaris_Black-cheeked Ant-Tanager,1,Habia atrimaxillaris_Black-cheeked Ant-Tanager,0.2990960478782654,Habia atrimaxillaris_Black-cheeked Ant-Tanager,0.2990960478782654,0.2990960478782654,True,True,False,Habia atrimaxillaris_Black-cheeked Ant-Tanager,1,True
Audio_Moth_6_20250321_073244.wav,Audio_Moth_6,2025-03-21 08:00:00,Habia atrimaxillaris_Black-cheeked Ant-Tanager,0.46232858,0.02432171069085598,Habia atrimaxillaris_Black-cheeked Ant-Tanager,0.462321937084198,Habia atrimaxillaris_Black-cheeked Ant-Tanager,0.462321937084198,0.462321937084198,True,True,True,Habia atrimaxillaris_Black-cheeked Ant-Tanager,1,Habia atrimaxillaris_Black-cheeked Ant-Tanager,0.46552765369415283,Habia atrimaxillaris_Black-cheeked Ant-Tanager,0.46552765369415283,0.46552765369415283,True,True,False,Habia atrimaxillaris_Black-cheeked Ant-Tanager,1,True
Audio_Moth_6_20250321_073350.wav,Audio_Moth_6,2025-03-21 08:00:00,Habia atrimaxillaris_Black-cheeked Ant-Tanager,0.41636404,0.043496739119291306,Habia atrimaxillaris_Black-cheeked Ant-Tanager,0.4163616895675659,Habia atrimaxillaris_Black-cheeked Ant-Tanager,0.4163616895675659,0.4163616895675659,True,True,True,Habia atrimaxillaris_Black-cheeked Ant-Tanager,1,Habia atrimaxillaris_Black-cheeked Ant-Tanager,0.4088037610054016,Habia atrimaxillaris_Black-cheeked Ant-Tanager,0.4088037610054016,0.4088037610054016,True,True,False,Habia atrimaxillaris_Black-cheeked Ant-Tanager,1,True
Audio_Moth_6_20250321_073356.wav,Audio_Moth_6,2025-03-21 08:00:00,Habia atrimaxillaris_Black-cheeked Ant-Tanager,0.5074518,0.03338585048913956,Habia atrimaxillaris_Black-cheeked Ant-Tanager,0.5074546933174133,Habia atrimaxillaris_Black-cheeked Ant-Tanager,0.5074546933174133,0.5074546933174133,True,True,True,Habia atrimaxillaris_Black-cheeked Ant-Tanager,1,Habia atrimaxillaris_Black-cheeked Ant-Tanager,0.5062106847763062,Habia atrimaxillaris_Black-cheeked Ant-Tanager,0.5062106847763062,0.5062106847763062,True,True,False,Habia atrimaxillaris_Black-cheeked Ant-Tanager,1,True
Audio_Moth_6_20250321_073359.wav,Audio_Moth_6,2025-03-21 08:00:00,Habia atrimaxillaris_Black-cheeked Ant-Tanager,0.3404431,0.021858319640159607,Habia atrimaxillaris_Black-cheeked Ant-Tanager,0.34043750166893005,Habia atrimaxillaris_Black-cheeked Ant-Tanager,0.34043750166893005,0.34043750166893005,True,True,True,Habia atrimaxillaris_Black-cheeked Ant-Tanager,1,Habia atrimaxillaris_Black-cheeked Ant-Tanager,0.3392121195793152,Habia atrimaxillaris_Black-cheeked Ant-Tanager,0.3392121195793152,0.3392121195793152,True,True,False,Habia atrimaxillaris_Black-cheeked Ant-Tanager,1,True
Audio_Moth_6_20250321_073402.wav,Audio_Moth_6,2025-03-21 08:00:00,Habia atrimaxillaris_Black-cheeked Ant-Tanager,0.34903604,0.019881239160895348,Habia atrimaxillaris_Black-cheeked Ant-Tanager,0.3490477204322815,Habia atrimaxillaris_Black-cheeked Ant-Tanager,0.3490477204322815,0.3490477204322815,True,True,True,Habia atrimaxillaris_Black-cheeked Ant-Tanager,1,Habia atrimaxillaris_Black-cheeked Ant-Tanager,0.343490332365036,Habia atrimaxillaris_Black-cheeked Ant-Tanager,0.343490332365036,0.343490332365036,True,True,False,Habia atrimaxillaris_Black-cheeked Ant-Tanager,1,True
Audio_Moth_6_20250321_073423.wav,Audio_Moth_6,2025-03-21 08:00:00,Habia atrimaxillaris_Black-cheeked Ant-Tanager,0.57158685,0.02232402376830578,Habia atrimaxillaris_Black-cheeked Ant-Tanager,0.5715845823287964,Habia atrimaxillaris_Black-cheeked Ant-Tanager,0.5715845823287964,0.5715845823287964,True,True,True,Habia atrimaxillaris_Black-cheeked Ant-Tanager,1,Habia atrimaxillaris_Black-cheeked Ant-Tanager,0.5745572447776794,Habia atrimaxillaris_Black-cheeked Ant-Tanager,0.5745572447776794,0.5745572447776794,True,True,False,Habia atrimaxillaris_Black-cheeked Ant-Tanager,1,True
Audio_Moth_6_20250321_073429.wav,Audio_Moth_6,2025-03-21 08:00:00,Habia atrimaxillaris_Black-cheeked Ant-Tanager,0.26743937,0.02239610254764557,Habia atrimaxillaris_Black-cheeked Ant-Tanager,0.2674465775489807,Habia atrimaxillaris_Black-cheeked Ant-Tanager,0.2674465775489807,0.2674465775489807,True,True,True,Habia atrimaxillaris_Black-cheeked Ant-Tanager,1,Habia atrimaxillaris_Black-cheeked Ant-Tanager,0.2688860297203064,Habia atrimaxillaris_Black-cheeked Ant-Tanager,0.2688860297203064,0.2688860297203064,True,True,False,Habia atrimaxillaris_Black-cheeked Ant-Tanager,1,True
Audio_Moth_6_20250321_073432.wav,Audio_Moth_6,2025-03-21 08:00:00,Habia atrimaxillaris_Black-cheeked Ant-Tanager,0.300892,0.02139991708099842,Habia atrimaxillaris_Black-cheeked Ant-Tanager,0.3009031116962433,Habia atrimaxillaris_Black-cheeked Ant-Tanager,0.3009031116962433,0.3009031116962433,True,True,True,Habia atrimaxillaris_Black-cheeked Ant-Tanager,1,Habia atrimaxillaris_Black-cheeked Ant-Tanager,0.30855852365493774,Habia atrimaxillaris_Black-cheeked Ant-Tanager,0.30855852365493774,0.30855852365493774,True,True,False,Habia atrimaxillaris_Black-cheeked Ant-Tanager,1,True
Audio_Moth_6_20250321_073453.wav,Audio_Moth_6,2025-03-21 08:00:00,Habia atrimaxillaris_Black-cheeked Ant-Tanager,0.8068722,0.021522440016269684,Habia atrimaxillaris_Black-cheeked Ant-Tanager,0.8068742156028748,Habia atrimaxillaris_Black-cheeked Ant-Tanager,0.8068742156028748,0.8068742156028748,True,True,True,Habia atrimaxillaris_Black-cheeked Ant-Tanager,1,Habia atrimaxillaris_Black-cheeked Ant-Tanager,0.8054146766662598,Habia atrimaxillaris_Black-cheeked Ant-Tanager,0.8054146766662598,0.8054146766662598,True,True,False,Habia atrimaxillaris_Black-cheeked Ant-Tanager,1,True
Audio_Moth_6_20250321_073502.wav,Audio_Moth_6,2025-03-21 08:00:00,Myiothlypis fulvicauda_Buff-rumped Warbler,0.8101712,0.021900130435824394,Myiothlypis fulvicauda_Buff-rumped Warbler,0.8101744651794434,Myiothlypis fulvicauda_Buff-rumped Warbler,0.8101744651794434,0.8101744651794434,True,True,True,Myiothlypis fulvicauda_Buff-rumped Warbler,1,Myiothlypis fulvicauda_Buff-rumped Warbler,0.8122937679290771,Myiothlypis fulvicauda_Buff-rumped Warbler,0.8122937679290771,0.8122937679290771,True,True,False,Myiothlypis fulvicauda_Buff-rumped Warbler,1,True
Audio_Moth_6_20250321_073505.wav,Audio_Moth_6,2025-03-21 08:00:00,Myiothlypis fulvicauda_Buff-rumped Warbler,0.59488857,0.020900122821331024,Myiothlypis fulvicauda_Buff-rumped Warbler,0.5948881506919861,Myiothlypis fulvicauda_Buff-rumped Warbler,0.5948881506919861,0.5948881506919861,True,True,True,Myiothlypis fulvicauda_Buff-rumped Warbler,1,Myiothlypis fulvicauda_Buff-rumped Warbler,0.5908896923065186,Myiothlypis fulvicauda_Buff-rumped Warbler,0.5908896923065186,0.5908896923065186,True,True,False,Myiothlypis fulvicauda_Buff-rumped Warbler,1,True
Audio_Moth_6_20250321_073508.wav,Audio_Moth_6,2025-03-21 08:00:00,Myiothlypis fulvicauda_Buff-rumped Warbler,0.83884525,0.02188720926642418,Myiothlypis fulvicauda_Buff-rumped Warbler,0.8388439416885376,Myiothlypis fulvicauda_Buff-rumped Warbler,0.8388439416885376,0.8388439416885376,True,True,True,Myiothlypis fulvicauda_Buff-rumped Warbler,1,Myiothlypis fulvicauda_Buff-rumped Warbler,0.8418775796890259,Myiothlypis fulvicauda_Buff-rumped Warbler,0.8418775796890259,0.8418775796890259,True,True,False,Myiothlypis fulvicauda_Buff-rumped Warbler,1,True
Audio_Moth_6_20250321_073511.wav,Audio_Moth_6,2025-03-21 08:00:00,Myiothlypis fulvicauda_Buff-rumped Warbler,0.86665654,0.02214747853577137,Myiothlypis fulvicauda_Buff-rumped Warbler,0.8666572570800781,Myiothlypis fulvicauda_Buff-rumped Warbler,0.8666572570800781,0.8666572570800781,True,True,True,Myiothlypis fulvicauda_Buff-rumped Warbler,1,Myiothlypis fulvicauda_Buff-rumped Warbler,0.8668398857116699,Myiothlypis fulvicauda_Buff-rumped Warbler,0.8668398857116699,0.8668398857116699,True,True,True,Myiothlypis fulvicauda_Buff-rumped Warbler,1,True
Audio_Moth_6_20250321_073517.wav,Audio_Moth_6,2025-03-21 08:00:00,Myiothlypis fulvicauda_Buff-rumped Warbler,0.5103528,0.019623292610049248,Myiothlypis fulvicauda_Buff-rumped Warbler,0.5103515386581421,Myiothlypis fulvicauda_Buff-rumped Warbler,0.5103515386581421,0.5103515386581421,True,True,True,Myiothlypis fulvicauda_Buff-rumped Warbler,1,Myiothlypis fulvicauda_Buff-rumped Warbler,0.5103920102119446,Myiothlypis fulvicauda_Buff-rumped Warbler,0.5103920102119446,0.5103920102119446,True,True,True,Myiothlypis fulvicauda_Buff-rumped Warbler,1,True
Audio_Moth_6_20250321_073520.wav,Audio_Moth_6,2025-03-21 08:00:00,Myiothlypis fulvicauda_Buff-rumped Warbler,0.5927255,0.021046357229351997,Myiothlypis fulvicauda_Buff-rumped Warbler,0.5927255153656006,Myiothlypis fulvicauda_Buff-rumped Warbler,0.5927255153656006,0.5927255153656006,True,True,True,Myiothlypis fulvicauda_Buff-rumped Warbler,1,Myiothlypis fulvicauda_Buff-rumped Warbler,0.594967782497406,Myiothlypis fulvicauda_Buff-rumped Warbler,0.594967782497406,0.594967782497406,True,True,False,Myiothlypis fulvicauda_Buff-rumped Warbler,1,True
Audio_Moth_6_20250321_073523.wav,Audio_Moth_6,2025-03-21 08:00:00,Myiothlypis fulvicauda_Buff-rumped Warbler,0.3645687,0.024191349744796753,Myiothlypis fulvicauda_Buff-rumped Warbler,0.3645699620246887,Myiothlypis fulvicauda_Buff-rumped Warbler,0.3645699620246887,0.3645699620246887,True,True,True,Myiothlypis fulvicauda_Buff-rumped Warbler,1,Myiothlypis fulvicauda_Buff-rumped Warbler,0.3622242510318756,Myiothlypis fulvicauda_Buff-rumped Warbler,0.3622242510318756,0.3622242510318756,True,True,False,Myiothlypis fulvicauda_Buff-rumped Warbler,1,True
Audio_Moth_6_20250321_073526.wav,Audio_Moth_6,2025-03-21 08:00:00,Myiothlypis fulvicauda_Buff-rumped Warbler,0.8096257,0.024113740772008896,Myiothlypis fulvicauda_Buff-rumped Warbler,0.8096216917037964,Myiothlypis fulvicauda_Buff-rumped Warbler,0.8096216917037964,0.8096216917037964,True,True,True,Myiothlypis fulvicauda_Buff-rumped Warbler,1,Myiothlypis fulvicauda_Buff-rumped Warbler,0.8055531978607178,Myiothlypis fulvicauda_Buff-rumped Warbler,0.8055531978607178,0.8055531978607178,True,True,False,Myiothlypis fulvicauda_Buff-rumped Warbler,1,True
Audio_Moth_6_20250321_073529.wav,Audio_Moth_6,2025-03-21 08:00:00,Myiothlypis fulvicauda_Buff-rumped Warbler,0.8891197,0.02663566544651985,Myiothlypis fulvicauda_Buff-rumped Warbler,0.889119029045105,Myiothlypis fulvicauda_Buff-rumped Warbler,0.889119029045105,0.889119029045105,True,True,True,Myiothlypis fulvicauda_Buff-rumped Warbler,1,Myiothlypis fulvicauda_Buff-rumped Warbler,0.8893080353736877,Myiothlypis fulvicauda_Buff-rumped Warbler,0.8893080353736877,0.8893080353736877,True,True,True,Myiothlypis fulvicauda_Buff-rumped Warbler,1,True
Audio_Moth_6_20250321_073532.wav,Audio_Moth_6,2025-03-21 08:00:00,Myiothlypis fulvicauda_Buff-rumped Warbler,0.96932095,0.026456627994775772,Myiothlypis fulvicauda_Buff-rumped Warbler,0.9693209528923035,Myiothlypis fulvicauda_Buff-rumped Warbler,0.9693209528923035,0.9693209528923035,True,True,True,Myiothlypis fulvicauda_Buff-rumped Warbler,1,Myiothlypis fulvicauda_Buff-rumped Warbler,0.9690521955490112,Myiothlypis fulvicauda_Buff-rumped Warbler,0.9690521955490112,0.9690521955490112,True,True,True,Myiothlypis fulvicauda_Buff-rumped Warbler,1,True
Audio_Moth_6_20250321_073535.wav,Audio_Moth_6,2025-03-21 08:00:00,Myiothlypis fulvicauda_Buff-rumped Warbler,0.9953751,0.025792477652430534,Myiothlypis fulvicauda_Buff-rumped Warbler,0.9953749775886536,Myiothlypis fulvicauda_Buff-rumped Warbler,0.9953749775886536,0.9953749775886536,True,True,True,Myiothlypis fulvicauda_Buff-rumped Warbler,1,Myiothlypis fulvicauda_Buff-rumped Warbler,0.9953818917274475,Myiothlypis fulvicauda_Buff-rumped Warbler,0.9953818917274475,0.9953818917274475,True,True,True,Myiothlypis fulvicauda_Buff-rumped Warbler,1,True
Audio_Moth_6_20250321_073538.wav,Audio_Moth_6,2025-03-21 08:00:00,Habia atrimaxillaris_Black-cheeked Ant-Tanager,0.659376,0.02151425927877426,Habia atrimaxillaris_Black-cheeked Ant-Tanager,0.6593708395957947,Habia atrimaxillaris_Black-cheeked Ant-Tanager,0.6593708395957947,0.6593708395957947,True,True,True,Habia atrimaxillaris_Black-cheeked Ant-Tanager,1,Habia atrimaxillaris_Black-cheeked Ant-Tanager,0.6639852523803711,Habia atrimaxillaris_Black-cheeked Ant-Tanager,0.6639852523803711,0.6639852523803711,True,True,False,Habia atrimaxillaris_Black-cheeked Ant-Tanager,1,True
Audio_Moth_6_20250321_073541.wav,Audio_Moth_6,2025-03-21 08:00:00,Habia atrimaxillaris_Black-cheeked Ant-Tanager,0.45562974,0.02021995186805725,Habia atrimaxillaris_Black-cheeked Ant-Tanager,0.4556296765804291,Habia atrimaxillaris_Black-cheeked Ant-Tanager,0.4556296765804291,0.4556296765804291,True,True,True,Habia atrimaxillaris_Black-cheeked Ant-Tanager,1,Habia atrimaxillaris_Black-cheeked Ant-Tanager,0.45153921842575073,Habia atrimaxillaris_Black-cheeked Ant-Tanager,0.45153921842575073,0.45153921842575073,True,True,False,Habia atrimaxillaris_Black-cheeked Ant-Tanager,1,True
Audio_Moth_6_20250321_073544.wav,Audio_Moth_6,2025-03-21 08:00:00,Habia atrimaxillaris_Black-cheeked Ant-Tanager,0.30130988,0.02063777670264244,Habia atrimaxillaris_Black-cheeked Ant-Tanager,0.30130866169929504,Habia atrimaxillaris_Black-cheeked Ant-Tanager,0.30130866169929504,0.30130866169929504,True,True,True,Habia atrimaxillaris_Black-cheeked Ant-Tanager,1,Habia atrimaxillaris_Black-cheeked Ant-Tanager,0.29677775502204895,Habia atrimaxillaris_Black-cheeked Ant-Tanager,0.29677775502204895,0.29677775502204895,True,True,False,Habia atrimaxillaris_Black-cheeked Ant-Tanager,1,True
Audio_Moth_6_20250321_073808.wav,Audio_Moth_6,2025-03-21 08:00:00,Habia atrimaxillaris_Black-cheeked Ant-Tanager,0.27202475,0.012184672057628632,Habia atrimaxillaris_Black-cheeked Ant-Tanager,0.27202409505844116,Habia atrimaxillaris_Black-cheeked Ant-Tanager,0.27202409505844116,0.27202409505844116,True,True,True,Habia atrimaxillaris_Black-cheeked Ant-Tanager,1,Habia atrimaxillaris_Black-cheeked Ant-Tanager,0.2724747657775879,Habia atrimaxillaris_Black-cheeked Ant-Tanager,0.2724747657775879,0.2724747657775879,True,True,True,Habia atrimaxillaris_Black-cheeked Ant-Tanager,1,True
Audio_Moth_6_20250321_074026.wav,Audio_Moth_6,2025-03-21 08:00:00,Hylopezus perspicillatus_Streak-chested Antpitta,0.26225665,0.018997130915522575,Hylopezus perspicillatus_Streak-chested Antpitta,0.2622573673725128,Hylopezus perspicillatus_Streak-chested Antpitta,0.2622573673725128,0.2622573673725128,True,True,True,Hylopezus perspicillatus_Streak-chested Antpitta,1,Hylopezus perspicillatus_Streak-chested Antpitta,0.26389506459236145,Hylopezus perspicillatus_Streak-chested Antpitta,0.26389506459236145,0.26389506459236145,True,True,False,Hylopezus perspicillatus_Streak-chested Antpitta,1,True
Audio_Moth_6_20250321_074044.wav,Audio_Moth_6,2025-03-21 08:00:00,Myiothlypis fulvicauda_Buff-rumped Warbler,0.276956,0.01848541758954525,Myiothlypis fulvicauda_Buff-rumped Warbler,0.2769564092159271,Myiothlypis fulvicauda_Buff-rumped Warbler,0.2769564092159271,0.2769564092159271,True,True,True,Myiothlypis fulvicauda_Buff-rumped Warbler,1,Myiothlypis fulvicauda_Buff-rumped Warbler,0.27998533844947815,Myiothlypis fulvicauda_Buff-rumped Warbler,0.27998533844947815,0.27998533844947815,True,True,False,Myiothlypis fulvicauda_Buff-rumped Warbler,1,True
Audio_Moth_6_20250321_074050.wav,Audio_Moth_6,2025-03-21 08:00:00,Myiothlypis fulvicauda_Buff-rumped Warbler,0.62797904,0.018565312027931213,Myiothlypis fulvicauda_Buff-rumped Warbler,0.6279850602149963,Myiothlypis fulvicauda_Buff-rumped Warbler,0.6279850602149963,0.6279850602149963,True,True,True,Myiothlypis fulvicauda_Buff-rumped Warbler,1,Myiothlypis fulvicauda_Buff-rumped Warbler,0.62440425157547,Myiothlypis fulvicauda_Buff-rumped Warbler,0.62440425157547,0.62440425157547,True,True,False,Myiothlypis fulvicauda_Buff-rumped Warbler,1,True
Audio_Moth_6_20250321_074056.wav,Audio_Moth_6,2025-03-21 08:00:00,Myiothlypis fulvicauda_Buff-rumped Warbler,0.45593196,0.021352585405111313,Myiothlypis fulvicauda_Buff-rumped Warbler,0.4559338390827179,Myiothlypis fulvicauda_Buff-rumped Warbler,0.4559338390827179,0.4559338390827179,True,True,True,Myiothlypis fulvicauda_Buff-rumped Warbler,1,Myiothlypis fulvicauda_Buff-rumped Warbler,0.4558539390563965,Myiothlypis fulvicauda_Buff-rumped Warbler,0.4558539390563965,0.4558539390563965,True,True,True,Myiothlypis fulvicauda_Buff-rumped Warbler,1,True
Audio_Moth_6_20250321_074059.wav,Audio_Moth_6,2025-03-21 08:00:00,Myiothlypis fulvicauda_Buff-rumped Warbler,0.61384314,0.022146709263324738,Myiothlypis fulvicauda_Buff-rumped Warbler,0.6138430833816528,Myiothlypis fulvicauda_Buff-rumped Warbler,0.6138430833816528,0.6138430833816528,True,True,True,Myiothlypis fulvicauda_Buff-rumped Warbler,1,Myiothlypis fulvicauda_Buff-rumped Warbler,0.6174930334091187,Myiothlypis fulvicauda_Buff-rumped Warbler,0.6174930334091187,0.6174930334091187,True,True,False,Myiothlypis fulvicauda_Buff-rumped Warbler,1,True
Audio_Moth_6_20250321_074102.wav,Audio_Moth_6,2025-03-21 08:00:00,Hylopezus perspicillatus_Streak-chested Antpitta,0.3055396,0.023326579481363297,Hylopezus perspicillatus_Streak-chested Antpitta,0.3055398762226105,Hylopezus perspicillatus_Streak-chested Antpitta,0.3055398762226105,0.3055398762226105,True,True,True,Hylopezus perspicillatus_Streak-chested Antpitta,1,Hylopezus perspicillatus_Streak-chested Antpitta,0.3058019280433655,Hylopezus perspicillatus_Streak-chested Antpitta,0.3058019280433655,0.3058019280433655,True,True,True,Hylopezus perspicillatus_Streak-chested Antpitta,1,True
Audio_Moth_6_20250321_074105.wav,Audio_Moth_6,2025-03-21 08:00:00,Hylopezus perspicillatus_Streak-chested Antpitta,0.3373774,0.02145281992852688,Hylopezus perspicillatus_Streak-chested Antpitta,0.33737513422966003,Hylopezus perspicillatus_Streak-chested Antpitta,0.33737513422966003,0.33737513422966003,True,True,True,Hylopezus perspicillatus_Streak-chested Antpitta,1,Hylopezus perspicillatus_Streak-chested Antpitta,0.3362390100955963,Hylopezus perspicillatus_Streak-chested Antpitta,0.3362390100955963,0.3362390100955963,True,True,False,Hylopezus perspicillatus_Streak-chested Antpitta,1,True
Audio_Moth_6_20250321_074108.wav,Audio_Moth_6,2025-03-21 08:00:00,Hylopezus perspicillatus_Streak-chested Antpitta,0.30398086,0.0212621558457613,Hylopezus perspicillatus_Streak-chested Antpitta,0.3039834797382355,Hylopezus perspicillatus_Streak-chested Antpitta,0.3039834797382355,0.3039834797382355,True,True,True,Hylopezus perspicillatus_Streak-chested Antpitta,1,Hylopezus perspicillatus_Streak-chested Antpitta,0.3020724058151245,Hylopezus perspicillatus_Streak-chested Antpitta,0.3020724058151245,0.3020724058151245,True,True,False,Hylopezus perspicillatus_Streak-chested Antpitta,1,True
Audio_Moth_6_20250321_074114.wav,Audio_Moth_6,2025-03-21 08:00:00,Hylopezus perspicillatus_Streak-chested Antpitta,0.32905644,0.02679435908794403,Hylopezus perspicillatus_Streak-chested Antpitta,0.32905736565589905,Hylopezus perspicillatus_Streak-chested Antpitta,0.32905736565589905,0.32905736565589905,True,True,True,Hylopezus perspicillatus_Streak-chested Antpitta,1,Hylopezus perspicillatus_Streak-chested Antpitta,0.3312685191631317,Hylopezus perspicillatus_Streak-chested Antpitta,0.3312685191631317,0.3312685191631317,True,True,False,Hylopezus perspicillatus_Streak-chested Antpitta,1,True
Audio_Moth_6_20250321_074123.wav,Audio_Moth_6,2025-03-21 08:00:00,Hylopezus perspicillatus_Streak-chested Antpitta,0.27668223,0.024538157507777214,Hylopezus perspicillatus_Streak-chested Antpitta,0.27668240666389465,Hylopezus perspicillatus_Streak-chested Antpitta,0.27668240666389465,0.27668240666389465,True,True,True,Hylopezus perspicillatus_Streak-chested Antpitta,1,Hylopezus perspicillatus_Streak-chested Antpitta,0.2756095826625824,Hylopezus perspicillatus_Streak-chested Antpitta,0.2756095826625824,0.2756095826625824,True,True,False,Hylopezus perspicillatus_Streak-chested Antpitta,1,True
Audio_Moth_6_20250321_074135.wav,Audio_Moth_6,2025-03-21 08:00:00,Hylopezus perspicillatus_Streak-chested Antpitta,0.35719356,0.02605379931628704,Hylopezus perspicillatus_Streak-chested Antpitta,0.35719478130340576,Hylopezus perspicillatus_Streak-chested Antpitta,0.35719478130340576,0.35719478130340576,True,True,True,Hylopezus perspicillatus_Streak-chested Antpitta,1,Hylopezus perspicillatus_Streak-chested Antpitta,0.3571033179759979,Hylopezus perspicillatus_Streak-chested Antpitta,0.3571033179759979,0.3571033179759979,True,True,True,Hylopezus perspicillatus_Streak-chested Antpitta,1,True
Audio_Moth_6_20250321_074138.wav,Audio_Moth_6,2025-03-21 08:00:00,Hylopezus perspicillatus_Streak-chested Antpitta,0.36195457,0.0267480481415987,Hylopezus perspicillatus_Streak-chested Antpitta,0.36195477843284607,Hylopezus perspicillatus_Streak-chested Antpitta,0.36195477843284607,0.36195477843284607,True,True,True,Hylopezus perspicillatus_Streak-chested Antpitta,1,Hylopezus perspicillatus_Streak-chested Antpitta,0.3653095066547394,Hylopezus perspicillatus_Streak-chested Antpitta,0.3653095066547394,0.3653095066547394,True,True,False,Hylopezus perspicillatus_Streak-chested Antpitta,1,True
Audio_Moth_6_20250321_074150.wav,Audio_Moth_6,2025-03-21 08:00:00,Hylopezus perspicillatus_Streak-chested Antpitta,0.3163511,0.02910470776259899,Hylopezus perspicillatus_Streak-chested Antpitta,0.31635037064552307,Hylopezus perspicillatus_Streak-chested Antpitta,0.31635037064552307,0.31635037064552307,True,True,True,Hylopezus perspicillatus_Streak-chested Antpitta,1,Hylopezus perspicillatus_Streak-chested Antpitta,0.31699344515800476,Hylopezus perspicillatus_Streak-chested Antpitta,0.31699344515800476,0.31699344515800476,True,True,True,Hylopezus perspicillatus_Streak-chested Antpitta,1,True
Audio_Moth_6_20250321_074156.wav,Audio_Moth_6,2025-03-21 08:00:00,Hylopezus perspicillatus_Streak-chested Antpitta,0.37316272,0.029066698625683784,Hylopezus perspicillatus_Streak-chested Antpitta,0.3731624484062195,Hylopezus perspicillatus_Streak-chested Antpitta,0.3731624484062195,0.3731624484062195,True,True,True,Hylopezus perspicillatus_Streak-chested Antpitta,1,Hylopezus perspicillatus_Streak-chested Antpitta,0.37438809871673584,Hylopezus perspicillatus_Streak-chested Antpitta,0.37438809871673584,0.37438809871673584,True,True,False,Hylopezus perspicillatus_Streak-chested Antpitta,1,True
Audio_Moth_6_20250321_074202.wav,Audio_Moth_6,2025-03-21 08:00:00,Ramphastos ambiguus_Yellow-throated Toucan,0.38175082,0.025933578610420227,Ramphastos ambiguus_Yellow-throated Toucan,0.38174936175346375,Ramphastos ambiguus_Yellow-throated Toucan,0.38174936175346375,0.38174936175346375,True,True,True,Ramphastos ambiguus_Yellow-throated Toucan,1,Ramphastos ambiguus_Yellow-throated Toucan,0.3805866539478302,Ramphastos ambiguus_Yellow-throated Toucan,0.3805866539478302,0.3805866539478302,True,True,False,Ramphastos ambiguus_Yellow-throated Toucan,1,True
Audio_Moth_6_20250321_074229.wav,Audio_Moth_6,2025-03-21 08:00:00,Hylopezus perspicillatus_Streak-chested Antpitta,0.29669452,0.032982565462589264,Hylopezus perspicillatus_Streak-chested Antpitta,0.2966933250427246,Hylopezus perspicillatus_Streak-chested Antpitta,0.2966933250427246,0.2966933250427246,True,True,True,Hylopezus perspicillatus_Streak-chested Antpitta,1,Hylopezus perspicillatus_Streak-chested Antpitta,0.2977084815502167,Hylopezus perspicillatus_Streak-chested Antpitta,0.2977084815502167,0.2977084815502167,True,True,False,Hylopezus perspicillatus_Streak-chested Antpitta,1,True
Audio_Moth_6_20250321_074244.wav,Audio_Moth_6,2025-03-21 08:00:00,Hylopezus perspicillatus_Streak-chested Antpitta,0.32600027,0.03197016194462776,Hylopezus perspicillatus_Streak-chested Antpitta,0.32600077986717224,Hylopezus perspicillatus_Streak-chested Antpitta,0.32600077986717224,0.32600077986717224,True,True,True,Hylopezus perspicillatus_Streak-chested Antpitta,1,Hylopezus perspicillatus_Streak-chested Antpitta,0.32500314712524414,Hylopezus perspicillatus_Streak-chested Antpitta,0.32500314712524414,0.32500314712524414,True,True,True,Hylopezus perspicillatus_Streak-chested Antpitta,1,True
Audio_Moth_6_20250321_074329.wav,Audio_Moth_6,2025-03-21 08:00:00,Hylopezus perspicillatus_Streak-chested Antpitta,0.3586925,0.03441851586103439,Hylopezus perspicillatus_Streak-chested Antpitta,0.3587150275707245,Hylopezus perspicillatus_Streak-chested Antpitta,0.3587150275707245,0.3587150275707245,True,True,True,Hylopezus perspicillatus_Streak-chested Antpitta,1,Hylopezus perspicillatus_Streak-chested Antpitta,0.3605992794036865,Hylopezus perspicillatus_Streak-chested Antpitta,0.3605992794036865,0.3605992794036865,True,True,False,Hylopezus perspicillatus_Streak-chested Antpitta,1,True
Audio_Moth_6_20250321_074338.wav,Audio_Moth_6,2025-03-21 08:00:00,Hylopezus perspicillatus_Streak-chested Antpitta,0.27342728,0.03398478776216507,Hylopezus perspicillatus_Streak-chested Antpitta,0.2734268009662628,Hylopezus perspicillatus_Streak-chested Antpitta,0.2734268009662628,0.2734268009662628,True,True,True,Hylopezus perspicillatus_Streak-chested Antpitta,1,Hylopezus perspicillatus_Streak-chested Antpitta,0.2716268301010132,Hylopezus perspicillatus_Streak-chested Antpitta,0.2716268301010132,0.2716268301010132,True,True,False,Hylopezus perspicillatus_Streak-chested Antpitta,1,True
Audio_Moth_6_20250321_074350.wav,Audio_Moth_6,2025-03-21 08:00:00,Ramphastos ambiguus_Yellow-throated Toucan,0.7207818,0.034738969057798386,Ramphastos ambiguus_Yellow-throated Toucan,0.7207820415496826,Ramphastos ambiguus_Yellow-throated Toucan,0.7207820415496826,0.7207820415496826,True,True,True,Ramphastos ambiguus_Yellow-throated Toucan,1,Ramphastos ambiguus_Yellow-throated Toucan,0.7166439294815063,Ramphastos ambiguus_Yellow-throated Toucan,0.7166439294815063,0.7166439294815063,True,True,False,Ramphastos ambiguus_Yellow-throated Toucan,1,True
Audio_Moth_6_20250321_074359.wav,Audio_Moth_6,2025-03-21 08:00:00,Ramphastos ambiguus_Yellow-throated Toucan,0.6592528,0.0324346162378788,Ramphastos ambiguus_Yellow-throated Toucan,0.6592553853988647,Ramphastos ambiguus_Yellow-throated Toucan,0.6592553853988647,0.6592553853988647,True,True,True,Ramphastos ambiguus_Yellow-throated Toucan,1,Ramphastos ambiguus_Yellow-throated Toucan,0.6614115834236145,Ramphastos ambiguus_Yellow-throated Toucan,0.6614115834236145,0.6614115834236145,True,True,False,Ramphastos ambiguus_Yellow-throated Toucan,1,True
Audio_Moth_6_20250321_074426.wav,Audio_Moth_6,2025-03-21 08:00:00,Habia atrimaxillaris_Black-cheeked Ant-Tanager,0.75945246,0.030601076781749725,Habia atrimaxillaris_Black-cheeked Ant-Tanager,0.7594555616378784,Habia atrimaxillaris_Black-cheeked Ant-Tanager,0.7594555616378784,0.7594555616378784,True,True,True,Habia atrimaxillaris_Black-cheeked Ant-Tanager,1,Habia atrimaxillaris_Black-cheeked Ant-Tanager,0.756873607635498,Habia atrimaxillaris_Black-cheeked Ant-Tanager,0.756873607635498,0.756873607635498,True,True,False,Habia atrimaxillaris_Black-cheeked Ant-Tanager,1,True
Audio_Moth_6_20250321_074441.wav,Audio_Moth_6,2025-03-21 08:00:00,Hylopezus perspicillatus_Streak-chested Antpitta,0.27526432,0.028241045773029327,Hylopezus perspicillatus_Streak-chested Antpitta,0.27526503801345825,Hylopezus perspicillatus_Streak-chested Antpitta,0.27526503801345825,0.27526503801345825,True,True,True,Hylopezus perspicillatus_Streak-chested Antpitta,1,Hylopezus perspicillatus_Streak-chested Antpitta,0.27536827325820923,Hylopezus perspicillatus_Streak-chested Antpitta,0.27536827325820923,0.27536827325820923,True,True,True,Hylopezus perspicillatus_Streak-chested Antpitta,1,True
Audio_Moth_6_20250321_074450.wav,Audio_Moth_6,2025-03-21 08:00:00,Arremon aurantiirostris_Orange-billed Sparrow,0.3049458,0.03246312960982323,Arremon aurantiirostris_Orange-billed Sparrow,0.3049456477165222,Arremon aurantiirostris_Orange-billed Sparrow,0.3049456477165222,0.3049456477165222,True,True,True,Arremon aurantiirostris_Orange-billed Sparrow,1,Arremon aurantiirostris_Orange-billed Sparrow,0.3059012293815613,Arremon aurantiirostris_Orange-billed Sparrow,0.3059012293815613,0.3059012293815613,True,True,True,Arremon aurantiirostris_Orange-billed Sparrow,1,True
Audio_Moth_6_20250321_074459.wav,Audio_Moth_6,2025-03-21 08:00:00,Arremon aurantiirostris_Orange-billed Sparrow,0.4479664,0.0338030606508255,Arremon aurantiirostris_Orange-billed Sparrow,0.44796550273895264,Arremon aurantiirostris_Orange-billed Sparrow,0.44796550273895264,0.44796550273895264,True,True,True,Arremon aurantiirostris_Orange-billed Sparrow,1,Arremon aurantiirostris_Orange-billed Sparrow,0.45216673612594604,Arremon aurantiirostris_Orange-billed Sparrow,0.45216673612594604,0.45216673612594604,True,True,False,Arremon aurantiirostris_Orange-billed Sparrow,1,True
Audio_Moth_6_20250321_074508.wav,Audio_Moth_6,2025-03-21 08:00:00,Hylopezus perspicillatus_Streak-chested Antpitta,0.31088397,0.030151106417179108,Hylopezus perspicillatus_Streak-chested Antpitta,0.31088367104530334,Hylopezus perspicillatus_Streak-chested Antpitta,0.31088367104530334,0.31088367104530334,True,True,True,Hylopezus perspicillatus_Streak-chested Antpitta,1,Hylopezus perspicillatus_Streak-chested Antpitta,0.31054824590682983,Hylopezus perspicillatus_Streak-chested Antpitta,0.31054824590682983,0.31054824590682983,True,True,True,Hylopezus perspicillatus_Streak-chested Antpitta,1,True
Audio_Moth_6_20250321_074511.wav,Audio_Moth_6,2025-03-21 08:00:00,Arremon aurantiirostris_Orange-billed Sparrow,0.46457326,0.031278930604457855,Arremon aurantiirostris_Orange-billed Sparrow,0.4645707905292511,Arremon aurantiirostris_Orange-billed Sparrow,0.4645707905292511,0.4645707905292511,True,True,True,Arremon aurantiirostris_Orange-billed Sparrow,1,Arremon aurantiirostris_Orange-billed Sparrow,0.46993401646614075,Arremon aurantiirostris_Orange-billed Sparrow,0.46993401646614075,0.46993401646614075,True,True,False,Arremon aurantiirostris_Orange-billed Sparrow,1,True
Audio_Moth_6_20250321_074523.wav,Audio_Moth_6,2025-03-21 08:00:00,Arremon aurantiirostris_Orange-billed Sparrow,0.28676146,0.027459893375635147,Arremon aurantiirostris_Orange-billed Sparrow,0.28675708174705505,Arremon aurantiirostris_Orange-billed Sparrow,0.28675708174705505,0.28675708174705505,True,True,True,Arremon aurantiirostris_Orange-billed Sparrow,1,Arremon aurantiirostris_Orange-billed Sparrow,0.28459635376930237,Arremon aurantiirostris_Orange-billed Sparrow,0.28459635376930237,0.28459635376930237,True,True,False,Arremon aurantiirostris_Orange-billed Sparrow,1,True
Audio_Moth_6_20250321_074535.wav,Audio_Moth_6,2025-03-21 08:00:00,Eucometis penicillata_Gray-headed Tanager,0.5864835,0.03361781686544418,Eucometis penicillata_Gray-headed Tanager,0.5864837765693665,Eucometis penicillata_Gray-headed Tanager,0.5864837765693665,0.5864837765693665,True,True,True,Arremon aurantiirostris_Orange-billed Sparrow;Eucometis penicillata_Gray-headed Tanager,2,Eucometis penicillata_Gray-headed Tanager,0.5839371085166931,Eucometis penicillata_Gray-headed Tanager,0.5839371085166931,0.5839371085166931,True,True,False,Arremon aurantiirostris_Orange-billed Sparrow;Eucometis penicillata_Gray-headed Tanager,2,True
Audio_Moth_6_20250321_074538.wav,Audio_Moth_6,2025-03-21 08:00:00,Arremon aurantiirostris_Orange-billed Sparrow,0.3727909,0.049142055213451385,Arremon aurantiirostris_Orange-billed Sparrow,0.3727935552597046,Arremon aurantiirostris_Orange-billed Sparrow,0.3727935552597046,0.3727935552597046,True,True,True,Arremon aurantiirostris_Orange-billed Sparrow;Eucometis penicillata_Gray-headed Tanager,2,Arremon aurantiirostris_Orange-billed Sparrow,0.37341412901878357,Arremon aurantiirostris_Orange-billed Sparrow,0.37341412901878357,0.37341412901878357,True,True,True,Arremon aurantiirostris_Orange-billed Sparrow;Eucometis penicillata_Gray-headed Tanager,2,True
Audio_Moth_6_20250321_074553.wav,Audio_Moth_6,2025-03-21 08:00:00,Habia atrimaxillaris_Black-cheeked Ant-Tanager,0.7173591,0.0357375405728817,Habia atrimaxillaris_Black-cheeked Ant-Tanager,0.7173604369163513,Habia atrimaxillaris_Black-cheeked Ant-Tanager,0.7173604369163513,0.7173604369163513,True,True,True,Habia atrimaxillaris_Black-cheeked Ant-Tanager,1,Habia atrimaxillaris_Black-cheeked Ant-Tanager,0.7120734453201294,Habia atrimaxillaris_Black-cheeked Ant-Tanager,0.7120734453201294,0.7120734453201294,True,True,False,Habia atrimaxillaris_Black-cheeked Ant-Tanager,1,True
Audio_Moth_6_20250321_074602.wav,Audio_Moth_6,2025-03-21 08:00:00,Habia atrimaxillaris_Black-cheeked Ant-Tanager,0.90064734,0.033309049904346466,Habia atrimaxillaris_Black-cheeked Ant-Tanager,0.9006491899490356,Habia atrimaxillaris_Black-cheeked Ant-Tanager,0.9006491899490356,0.9006491899490356,True,True,True,Habia atrimaxillaris_Black-cheeked Ant-Tanager,1,Habia atrimaxillaris_Black-cheeked Ant-Tanager,0.9020326733589172,Habia atrimaxillaris_Black-cheeked Ant-Tanager,0.9020326733589172,0.9020326733589172,True,True,False,Habia atrimaxillaris_Black-cheeked Ant-Tanager,1,True
Audio_Moth_6_20250321_074605.wav,Audio_Moth_6,2025-03-21 08:00:00,Habia atrimaxillaris_Black-cheeked Ant-Tanager,0.7446766,0.03581846505403519,Habia atrimaxillaris_Black-cheeked Ant-Tanager,0.7446799874305725,Habia atrimaxillaris_Black-cheeked Ant-Tanager,0.7446799874305725,0.7446799874305725,True,True,True,Arremon aurantiirostris_Orange-billed Sparrow;Habia atrimaxillaris_Black-cheeked Ant-Tanager,2,Habia atrimaxillaris_Black-cheeked Ant-Tanager,0.7411270141601562,Habia atrimaxillaris_Black-cheeked Ant-Tanager,0.7411270141601562,0.7411270141601562,True,True,False,Arremon aurantiirostris_Orange-billed Sparrow;Habia atrimaxillaris_Black-cheeked Ant-Tanager,2,True
Audio_Moth_6_20250321_074608.wav,Audio_Moth_6,2025-03-21 08:00:00,Arremon aurantiirostris_Orange-billed Sparrow,0.78834254,0.030391046777367592,Arremon aurantiirostris_Orange-billed Sparrow,0.7883433103561401,Arremon aurantiirostris_Orange-billed Sparrow,0.7883433103561401,0.7883433103561401,True,True,True,Arremon aurantiirostris_Orange-billed Sparrow;Myiothlypis fulvicauda_Buff-rumped Warbler,2,Arremon aurantiirostris_Orange-billed Sparrow,0.7888481616973877,Arremon aurantiirostris_Orange-billed Sparrow,0.7888481616973877,0.7888481616973877,True,True,True,Arremon aurantiirostris_Orange-billed Sparrow;Myiothlypis fulvicauda_Buff-rumped Warbler,2,True
Audio_Moth_6_20250321_074611.wav,Audio_Moth_6,2025-03-21 08:00:00,Myiothlypis fulvicauda_Buff-rumped Warbler,0.91703343,0.02950925938785076,Myiothlypis fulvicauda_Buff-rumped Warbler,0.9170334339141846,Myiothlypis fulvicauda_Buff-rumped Warbler,0.9170334339141846,0.9170334339141846,True,True,True,Myiothlypis fulvicauda_Buff-rumped Warbler,1,Myiothlypis fulvicauda_Buff-rumped Warbler,0.9168921709060669,Myiothlypis fulvicauda_Buff-rumped Warbler,0.9168921709060669,0.9168921709060669,True,True,True,Myiothlypis fulvicauda_Buff-rumped Warbler,1,True
Audio_Moth_6_20250321_074617.wav,Audio_Moth_6,2025-03-21 08:00:00,Myiothlypis fulvicauda_Buff-rumped Warbler,0.6367553,0.030701803043484688,Myiothlypis fulvicauda_Buff-rumped Warbler,0.6367538571357727,Myiothlypis fulvicauda_Buff-rumped Warbler,0.6367538571357727,0.6367538571357727,True,True,True,Arremon aurantiirostris_Orange-billed Sparrow;Myiothlypis fulvicauda_Buff-rumped Warbler,2,Myiothlypis fulvicauda_Buff-rumped Warbler,0.638547420501709,Myiothlypis fulvicauda_Buff-rumped Warbler,0.638547420501709,0.638547420501709,True,True,False,Arremon aurantiirostris_Orange-billed Sparrow;Myiothlypis fulvicauda_Buff-rumped Warbler,2,True
Audio_Moth_6_20250321_074620.wav,Audio_Moth_6,2025-03-21 08:00:00,Myiothlypis fulvicauda_Buff-rumped Warbler,0.2711242,0.029212329536676407,Myiothlypis fulvicauda_Buff-rumped Warbler,0.27112463116645813,Myiothlypis fulvicauda_Buff-rumped Warbler,0.27112463116645813,0.27112463116645813,True,True,True,Myiothlypis fulvicauda_Buff-rumped Warbler,1,Myiothlypis fulvicauda_Buff-rumped Warbler,0.27187469601631165,Myiothlypis fulvicauda_Buff-rumped Warbler,0.27187469601631165,0.27187469601631165,True,True,True,Myiothlypis fulvicauda_Buff-rumped Warbler,1,True
Audio_Moth_6_20250321_074623.wav,Audio_Moth_6,2025-03-21 08:00:00,Myiothlypis fulvicauda_Buff-rumped Warbler,0.8126795,0.030540170148015022,Myiothlypis fulvicauda_Buff-rumped Warbler,0.8126780390739441,Myiothlypis fulvicauda_Buff-rumped Warbler,0.8126780390739441,0.8126780390739441,True,True,True,Arremon aurantiirostris_Orange-billed Sparrow;Myiothlypis fulvicauda_Buff-rumped Warbler,2,Myiothlypis fulvicauda_Buff-rumped Warbler,0.8081285357475281,Myiothlypis fulvicauda_Buff-rumped Warbler,0.8081285357475281,0.8081285357475281,True,True,False,Arremon aurantiirostris_Orange-billed Sparrow;Myiothlypis fulvicauda_Buff-rumped Warbler,2,True
Audio_Moth_6_20250321_074626.wav,Audio_Moth_6,2025-03-21 08:00:00,Myiothlypis fulvicauda_Buff-rumped Warbler,0.96394366,0.02741614170372486,Myiothlypis fulvicauda_Buff-rumped Warbler,0.9639436602592468,Myiothlypis fulvicauda_Buff-rumped Warbler,0.9639436602592468,0.9639436602592468,True,True,True,Arremon aurantiirostris_Orange-billed Sparrow;Myiothlypis fulvicauda_Buff-rumped Warbler,2,Myiothlypis fulvicauda_Buff-rumped Warbler,0.9637134671211243,Myiothlypis fulvicauda_Buff-rumped Warbler,0.9637134671211243,0.9637134671211243,True,True,True,Arremon aurantiirostris_Orange-billed Sparrow;Myiothlypis fulvicauda_Buff-rumped Warbler,2,True
Audio_Moth_6_20250321_074629.wav,Audio_Moth_6,2025-03-21 08:00:00,Myiothlypis fulvicauda_Buff-rumped Warbler,0.50724727,0.029374465346336365,Myiothlypis fulvicauda_Buff-rumped Warbler,0.5072444081306458,Myiothlypis fulvicauda_Buff-rumped Warbler,0.5072444081306458,0.5072444081306458,True,True,True,Myiothlypis fulvicauda_Buff-rumped Warbler,1,Myiothlypis fulvicauda_Buff-rumped Warbler,0.5055819153785706,Myiothlypis fulvicauda_Buff-rumped Warbler,0.5055819153785706,0.5055819153785706,True,True,False,Myiothlypis fulvicauda_Buff-rumped Warbler,1,True
Audio_Moth_6_20250321_074632.wav,Audio_Moth_6,2025-03-21 08:00:00,Arremon aurantiirostris_Orange-billed Sparrow,0.38488397,0.02979178912937641,Arremon aurantiirostris_Orange-billed Sparrow,0.38488245010375977,Arremon aurantiirostris_Orange-billed Sparrow,0.38488245010375977,0.38488245010375977,True,True,True,Arremon aurantiirostris_Orange-billed Sparrow,1,Arremon aurantiirostris_Orange-billed Sparrow,0.38148805499076843,Arremon aurantiirostris_Orange-billed Sparrow,0.38148805499076843,0.38148805499076843,True,True,False,Arremon aurantiirostris_Orange-billed Sparrow,1,True
Audio_Moth_6_20250321_074635.wav,Audio_Moth_6,2025-03-21 08:00:00,Arremon aurantiirostris_Orange-billed Sparrow,0.4384052,0.030139844864606857,Arremon aurantiirostris_Orange-billed Sparrow,0.4384016990661621,Arremon aurantiirostris_Orange-billed Sparrow,0.4384016990661621,0.4384016990661621,True,True,True,Arremon aurantiirostris_Orange-billed Sparrow,1,Arremon aurantiirostris_Orange-billed Sparrow,0.44046831130981445,Arremon aurantiirostris_Orange-billed Sparrow,0.44046831130981445,0.44046831130981445,True,True,False,Arremon aurantiirostris_Orange-billed Sparrow,1,True
Audio_Moth_6_20250321_074641.wav,Audio_Moth_6,2025-03-21 08:00:00,Arremon aurantiirostris_Orange-billed Sparrow,0.26067385,0.030036671087145805,Arremon aurantiirostris_Orange-billed Sparrow,0.2606687843799591,Arremon aurantiirostris_Orange-billed Sparrow,0.2606687843799591,0.2606687843799591,True,True,True,Arremon aurantiirostris_Orange-billed Sparrow,1,Arremon aurantiirostris_Orange-billed Sparrow,0.2642275393009186,Arremon aurantiirostris_Orange-billed Sparrow,0.2642275393009186,0.2642275393009186,True,True,False,Arremon aurantiirostris_Orange-billed Sparrow,1,True
Audio_Moth_6_20250321_074653.wav,Audio_Moth_6,2025-03-21 08:00:00,Hylopezus perspicillatus_Streak-chested Antpitta,0.2992311,0.028918670490384102,Hylopezus perspicillatus_Streak-chested Antpitta,0.2992290258407593,Hylopezus perspicillatus_Streak-chested Antpitta,0.2992290258407593,0.2992290258407593,True,True,True,Hylopezus perspicillatus_Streak-chested Antpitta,1,Hylopezus perspicillatus_Streak-chested Antpitta,0.2956472933292389,Hylopezus perspicillatus_Streak-chested Antpitta,0.2956472933292389,0.2956472933292389,True,True,False,Hylopezus perspicillatus_Streak-chested Antpitta,1,True
Audio_Moth_6_20250321_074656.wav,Audio_Moth_6,2025-03-21 08:00:00,Arremon aurantiirostris_Orange-billed Sparrow,0.42651537,0.028469206765294075,Arremon aurantiirostris_Orange-billed Sparrow,0.42651060223579407,Arremon aurantiirostris_Orange-billed Sparrow,0.42651060223579407,0.42651060223579407,True,True,True,Arremon aurantiirostris_Orange-billed Sparrow,1,Arremon aurantiirostris_Orange-billed Sparrow,0.4216446578502655,Arremon aurantiirostris_Orange-billed Sparrow,0.4216446578502655,0.4216446578502655,True,True,False,Arremon aurantiirostris_Orange-billed Sparrow,1,True
Audio_Moth_6_20250321_074659.wav,Audio_Moth_6,2025-03-21 08:00:00,Arremon aurantiirostris_Orange-billed Sparrow,0.48894018,0.028935490176081657,Arremon aurantiirostris_Orange-billed Sparrow,0.488946795463562,Arremon aurantiirostris_Orange-billed Sparrow,0.488946795463562,0.488946795463562,True,True,True,Arremon aurantiirostris_Orange-billed Sparrow,1,Arremon aurantiirostris_Orange-billed Sparrow,0.4895448684692383,Arremon aurantiirostris_Orange-billed Sparrow,0.4895448684692383,0.4895448684692383,True,True,True,Arremon aurantiirostris_Orange-billed Sparrow,1,True
Audio_Moth_6_20250321_074708.wav,Audio_Moth_6,2025-03-21 08:00:00,Arremon aurantiirostris_Orange-billed Sparrow,0.31609374,0.029212670400738716,Arremon aurantiirostris_Orange-billed Sparrow,0.31610387563705444,Arremon aurantiirostris_Orange-billed Sparrow,0.31610387563705444,0.31610387563705444,True,True,True,Arremon aurantiirostris_Orange-billed Sparrow,1,Arremon aurantiirostris_Orange-billed Sparrow,0.31975841522216797,Arremon aurantiirostris_Orange-billed Sparrow,0.31975841522216797,0.31975841522216797,True,True,False,Arremon aurantiirostris_Orange-billed Sparrow,1,True
Audio_Moth_6_20250321_074726.wav,Audio_Moth_6,2025-03-21 08:00:00,Arremon aurantiirostris_Orange-billed Sparrow,0.25816953,0.028019050136208534,Arremon aurantiirostris_Orange-billed Sparrow,0.25816962122917175,Arremon aurantiirostris_Orange-billed Sparrow,0.25816962122917175,0.25816962122917175,True,True,True,Arremon aurantiirostris_Orange-billed Sparrow,1,Arremon aurantiirostris_Orange-billed Sparrow,0.2533682882785797,Arremon aurantiirostris_Orange-billed Sparrow,0.2533682882785797,0.2533682882785797,True,True,False,Arremon aurantiirostris_Orange-billed Sparrow,1,True
Audio_Moth_6_20250321_074735.wav,Audio_Moth_6,2025-03-21 08:00:00,Arremon aurantiirostris_Orange-billed Sparrow,0.2676387,0.027398206293582916,Arremon aurantiirostris_Orange-billed Sparrow,0.2676324248313904,Arremon aurantiirostris_Orange-billed Sparrow,0.2676324248313904,0.2676324248313904,True,True,True,Arremon aurantiirostris_Orange-billed Sparrow,1,Arremon aurantiirostris_Orange-billed Sparrow,0.26538753509521484,Arremon aurantiirostris_Orange-billed Sparrow,0.26538753509521484,0.26538753509521484,True,True,False,Arremon aurantiirostris_Orange-billed Sparrow,1,True
Audio_Moth_6_20250321_074753.wav,Audio_Moth_6,2025-03-21 08:00:00,Arremon aurantiirostris_Orange-billed Sparrow,0.40020046,0.02576403133571148,Arremon aurantiirostris_Orange-billed Sparrow,0.4001992344856262,Arremon aurantiirostris_Orange-billed Sparrow,0.4001992344856262,0.4001992344856262,True,True,True,Arremon aurantiirostris_Orange-billed Sparrow,1,Arremon aurantiirostris_Orange-billed Sparrow,0.3982170522212982,Arremon aurantiirostris_Orange-billed Sparrow,0.3982170522212982,0.3982170522212982,True,True,False,Arremon aurantiirostris_Orange-billed Sparrow,1,True
Audio_Moth_6_20250321_074756.wav,Audio_Moth_6,2025-03-21 08:00:00,Arremon aurantiirostris_Orange-billed Sparrow,0.29810068,0.025867067277431488,Arremon aurantiirostris_Orange-billed Sparrow,0.2981073260307312,Arremon aurantiirostris_Orange-billed Sparrow,0.2981073260307312,0.2981073260307312,True,True,True,Arremon aurantiirostris_Orange-billed Sparrow,1,Arremon aurantiirostris_Orange-billed Sparrow,0.29929614067077637,Arremon aurantiirostris_Orange-billed Sparrow,0.29929614067077637,0.29929614067077637,True,True,False,Arremon aurantiirostris_Orange-billed Sparrow,1,True
Audio_Moth_6_20250321_074759.wav,Audio_Moth_6,2025-03-21 08:00:00,Arremon aurantiirostris_Orange-billed Sparrow,0.26614693,0.02728518657386303,Arremon aurantiirostris_Orange-billed Sparrow,0.2661416828632355,Arremon aurantiirostris_Orange-billed Sparrow,0.2661416828632355,0.2661416828632355,True,True,True,Arremon aurantiirostris_Orange-billed Sparrow,1,Arremon aurantiirostris_Orange-billed Sparrow,0.2686888575553894,Arremon aurantiirostris_Orange-billed Sparrow,0.2686888575553894,0.2686888575553894,True,True,False,Arremon aurantiirostris_Orange-billed Sparrow,1,True
Audio_Moth_6_20250321_074802.wav,Audio_Moth_6,2025-03-21 08:00:00,Arremon aurantiirostris_Orange-billed Sparrow,0.36030552,0.025966109707951546,Arremon aurantiirostris_Orange-billed Sparrow,0.36030879616737366,Arremon aurantiirostris_Orange-billed Sparrow,0.36030879616737366,0.36030879616737366,True,True,True,Arremon aurantiirostris_Orange-billed Sparrow,1,Arremon aurantiirostris_Orange-billed Sparrow,0.36438044905662537,Arremon aurantiirostris_Orange-billed Sparrow,0.36438044905662537,0.36438044905662537,True,True,False,Arremon aurantiirostris_Orange-billed Sparrow,1,True
Audio_Moth_6_20250321_074808.wav,Audio_Moth_6,2025-03-21 08:00:00,Arremon aurantiirostris_Orange-billed Sparrow,0.39909932,0.026634901762008667,Arremon aurantiirostris_Orange-billed Sparrow,0.3990984857082367,Arremon aurantiirostris_Orange-billed Sparrow,0.3990984857082367,0.3990984857082367,True,True,True,Arremon aurantiirostris_Orange-billed Sparrow,1,Arremon aurantiirostris_Orange-billed Sparrow,0.4026649594306946,Arremon aurantiirostris_Orange-billed Sparrow,0.4026649594306946,0.4026649594306946,True,True,False,Arremon aurantiirostris_Orange-billed Sparrow,1,True
Audio_Moth_6_20250321_074811.wav,Audio_Moth_6,2025-03-21 08:00:00,Arremon aurantiirostris_Orange-billed Sparrow,0.6587122,0.026730060577392578,Arremon aurantiirostris_Orange-billed Sparrow,0.6587094664573669,Arremon aurantiirostris_Orange-billed Sparrow,0.6587094664573669,0.6587094664573669,True,True,True,Arremon aurantiirostris_Orange-billed Sparrow,1,Arremon aurantiirostris_Orange-billed Sparrow,0.65569007396698,Arremon aurantiirostris_Orange-billed Sparrow,0.65569007396698,0.65569007396698,True,True,False,Arremon aurantiirostris_Orange-billed Sparrow,1,True
Audio_Moth_6_20250321_074814.wav,Audio_Moth_6,2025-03-21 08:00:00,Arremon aurantiirostris_Orange-billed Sparrow,0.26151824,0.025762781500816345,Arremon aurantiirostris_Orange-billed Sparrow,0.2615169584751129,Arremon aurantiirostris_Orange-billed Sparrow,0.2615169584751129,0.2615169584751129,True,True,True,Arremon aurantiirostris_Orange-billed Sparrow,1,Arremon aurantiirostris_Orange-billed Sparrow,0.2625156342983246,Arremon aurantiirostris_Orange-billed Sparrow,0.2625156342983246,0.2625156342983246,True,True,True,Arremon aurantiirostris_Orange-billed Sparrow,1,True
Audio_Moth_6_20250321_074856.wav,Audio_Moth_6,2025-03-21 08:00:00,Hylopezus perspicillatus_Streak-chested Antpitta,0.3470779,0.02495861053466797,Hylopezus perspicillatus_Streak-chested Antpitta,0.34707677364349365,Hylopezus perspicillatus_Streak-chested Antpitta,0.34707677364349365,0.34707677364349365,True,True,True,Hylopezus perspicillatus_Streak-chested Antpitta,1,Hylopezus perspicillatus_Streak-chested Antpitta,0.34911200404167175,Hylopezus perspicillatus_Streak-chested Antpitta,0.34911200404167175,0.34911200404167175,True,True,False,Hylopezus perspicillatus_Streak-chested Antpitta,1,True
Audio_Moth_6_20250321_074923.wav,Audio_Moth_6,2025-03-21 08:00:00,Hylopezus perspicillatus_Streak-chested Antpitta,0.31252444,0.02927296981215477,Hylopezus perspicillatus_Streak-chested Antpitta,0.3125258684158325,Hylopezus perspicillatus_Streak-chested Antpitta,0.3125258684158325,0.3125258684158325,True,True,True,Hylopezus perspicillatus_Streak-chested Antpitta,1,Hylopezus perspicillatus_Streak-chested Antpitta,0.3127695918083191,Hylopezus perspicillatus_Streak-chested Antpitta,0.3127695918083191,0.3127695918083191,True,True,True,Hylopezus perspicillatus_Streak-chested Antpitta,1,True
Audio_Moth_6_20250321_074947.wav,Audio_Moth_6,2025-03-21 08:00:00,Hylopezus perspicillatus_Streak-chested Antpitta,0.2998675,0.028488490730524063,Hylopezus perspicillatus_Streak-chested Antpitta,0.29986464977264404,Hylopezus perspicillatus_Streak-chested Antpitta,0.29986464977264404,0.29986464977264404,True,True,True,Hylopezus perspicillatus_Streak-chested Antpitta,1,Hylopezus perspicillatus_Streak-chested Antpitta,0.2991237938404083,Hylopezus perspicillatus_Streak-chested Antpitta,0.2991237938404083,0.2991237938404083,True,True,True,Hylopezus perspicillatus_Streak-chested Antpitta,1,True
Audio_Moth_6_20250321_075026.wav,Audio_Moth_6,2025-03-21 08:00:00,Hylopezus perspicillatus_Streak-chested Antpitta,0.2954629,0.031246446073055267,Hylopezus perspicillatus_Streak-chested Antpitta,0.29546257853507996,Hylopezus perspicillatus_Streak-chested Antpitta,0.29546257853507996,0.29546257853507996,True,True,True,Hylopezus perspicillatus_Streak-chested Antpitta,1,Hylopezus perspicillatus_Streak-chested Antpitta,0.29715627431869507,Hylopezus perspicillatus_Streak-chested Antpitta,0.29715627431869507,0.29715627431869507,True,True,False,Hylopezus perspicillatus_Streak-chested Antpitta,1,True
Audio_Moth_6_20250321_075108.wav,Audio_Moth_6,2025-03-21 08:00:00,Hylopezus perspicillatus_Streak-chested Antpitta,0.31254435,0.029849233105778694,Hylopezus perspicillatus_Streak-chested Antpitta,0.3125414550304413,Hylopezus perspicillatus_Streak-chested Antpitta,0.3125414550304413,0.3125414550304413,True,True,True,Hylopezus perspicillatus_Streak-chested Antpitta,1,Hylopezus perspicillatus_Streak-chested Antpitta,0.3125492036342621,Hylopezus perspicillatus_Streak-chested Antpitta,0.3125492036342621,0.3125492036342621,True,True,True,Hylopezus perspicillatus_Streak-chested Antpitta,1,True
Audio_Moth_6_20250321_075123.wav,Audio_Moth_6,2025-03-21 08:00:00,Hylopezus perspicillatus_Streak-chested Antpitta,0.31347492,0.030208412557840347,Hylopezus perspicillatus_Streak-chested Antpitta,0.3134737014770508,Hylopezus perspicillatus_Streak-chested Antpitta,0.3134737014770508,0.3134737014770508,True,True,True,Hylopezus perspicillatus_Streak-chested Antpitta,1,Hylopezus perspicillatus_Streak-chested Antpitta,0.3144221305847168,Hylopezus perspicillatus_Streak-chested Antpitta,0.3144221305847168,0.3144221305847168,True,True,True,Hylopezus perspicillatus_Streak-chested Antpitta,1,True
Audio_Moth_6_20250321_075135.wav,Audio_Moth_6,2025-03-21 08:00:00,Hylopezus perspicillatus_Streak-chested Antpitta,0.25757056,0.02916775271296501,Hylopezus perspicillatus_Streak-chested Antpitta,0.2575710713863373,Hylopezus perspicillatus_Streak-chested Antpitta,0.2575710713863373,0.2575710713863373,True,True,True,Hylopezus perspicillatus_Streak-chested Antpitta,1,Hylopezus perspicillatus_Streak-chested Antpitta,0.25855377316474915,Hylopezus perspicillatus_Streak-chested Antpitta,0.25855377316474915,0.25855377316474915,True,True,True,Hylopezus perspicillatus_Streak-chested Antpitta,1,True
Audio_Moth_6_20250321_075144.wav,Audio_Moth_6,2025-03-21 08:00:00,Hylopezus perspicillatus_Streak-chested Antpitta,0.25624856,0.029997488483786583,Hylopezus perspicillatus_Streak-chested Antpitta,0.2562488615512848,Hylopezus perspicillatus_Streak-chested Antpitta,0.2562488615512848,0.2562488615512848,True,True,True,Hylopezus perspicillatus_Streak-chested Antpitta,1,Hylopezus perspicillatus_Streak-chested Antpitta,0.25405168533325195,Hylopezus perspicillatus_Streak-chested Antpitta,0.25405168533325195,0.25405168533325195,True,True,False,Hylopezus perspicillatus_Streak-chested Antpitta,1,True
Audio_Moth_6_20250321_075208.wav,Audio_Moth_6,2025-03-21 08:00:00,Hylopezus perspicillatus_Streak-chested Antpitta,0.25270626,0.030357591807842255,Hylopezus perspicillatus_Streak-chested Antpitta,0.2527034878730774,Hylopezus perspicillatus_Streak-chested Antpitta,0.2527034878730774,0.2527034878730774,True,True,True,Hylopezus perspicillatus_Streak-chested Antpitta,1,Hylopezus perspicillatus_Streak-chested Antpitta,0.255624383687973,Hylopezus perspicillatus_Streak-chested Antpitta,0.255624383687973,0.255624383687973,True,True,False,Hylopezus perspicillatus_Streak-chested Antpitta,1,True
Audio_Moth_6_20250321_075256.wav,Audio_Moth_6,2025-03-21 08:00:00,Hylopezus perspicillatus_Streak-chested Antpitta,0.26336265,0.026946919038891792,Hylopezus perspicillatus_Streak-chested Antpitta,0.26336026191711426,Hylopezus perspicillatus_Streak-chested Antpitta,0.26336026191711426,0.26336026191711426,True,True,True,Hylopezus perspicillatus_Streak-chested Antpitta,1,Hylopezus perspicillatus_Streak-chested Antpitta,0.2635224163532257,Hylopezus perspicillatus_Streak-chested Antpitta,0.2635224163532257,0.2635224163532257,True,True,True,Hylopezus perspicillatus_Streak-chested Antpitta,1,True
Audio_Moth_6_20250321_075302.wav,Audio_Moth_6,2025-03-21 08:00:00,Habia atrimaxillaris_Black-cheeked Ant-Tanager,0.33358398,0.026854315772652626,Habia atrimaxillaris_Black-cheeked Ant-Tanager,0.3335793912410736,Habia atrimaxillaris_Black-cheeked Ant-Tanager,0.3335793912410736,0.3335793912410736,True,True,True,Habia atrimaxillaris_Black-cheeked Ant-Tanager,1,Habia atrimaxillaris_Black-cheeked Ant-Tanager,0.3262171447277069,Habia atrimaxillaris_Black-cheeked Ant-Tanager,0.3262171447277069,0.3262171447277069,True,True,False,Habia atrimaxillaris_Black-cheeked Ant-Tanager,1,True
Audio_Moth_6_20250321_075320.wav,Audio_Moth_6,2025-03-21 08:00:00,Myiothlypis fulvicauda_Buff-rumped Warbler,0.42390454,0.02711198478937149,Myiothlypis fulvicauda_Buff-rumped Warbler,0.4239058196544647,Myiothlypis fulvicauda_Buff-rumped Warbler,0.4239058196544647,0.4239058196544647,True,True,True,Myiothlypis fulvicauda_Buff-rumped Warbler,1,Myiothlypis fulvicauda_Buff-rumped Warbler,0.4260975420475006,Myiothlypis fulvicauda_Buff-rumped Warbler,0.4260975420475006,0.4260975420475006,True,True,False,Myiothlypis fulvicauda_Buff-rumped Warbler,1,True
Audio_Moth_6_20250321_075329.wav,Audio_Moth_6,2025-03-21 08:00:00,Myiothlypis fulvicauda_Buff-rumped Warbler,0.33180806,0.026791855692863464,Myiothlypis fulvicauda_Buff-rumped Warbler,0.331811785697937,Myiothlypis fulvicauda_Buff-rumped Warbler,0.331811785697937,0.331811785697937,True,True,True,Myiothlypis fulvicauda_Buff-rumped Warbler,1,Myiothlypis fulvicauda_Buff-rumped Warbler,0.3303426504135132,Myiothlypis fulvicauda_Buff-rumped Warbler,0.3303426504135132,0.3303426504135132,True,True,False,Myiothlypis fulvicauda_Buff-rumped Warbler,1,True
Audio_Moth_6_20250321_075432.wav,Audio_Moth_6,2025-03-21 08:00:00,Hylopezus perspicillatus_Streak-chested Antpitta,0.27270722,0.025944581255316734,Hylopezus perspicillatus_Streak-chested Antpitta,0.27270475029945374,Hylopezus perspicillatus_Streak-chested Antpitta,0.27270475029945374,0.27270475029945374,True,True,True,Hylopezus perspicillatus_Streak-chested Antpitta,1,Hylopezus perspicillatus_Streak-chested Antpitta,0.27310991287231445,Hylopezus perspicillatus_Streak-chested Antpitta,0.27310991287231445,0.27310991287231445,True,True,True,Hylopezus perspicillatus_Streak-chested Antpitta,1,True
Audio_Moth_6_20250321_075435.wav,Audio_Moth_6,2025-03-21 08:00:00,Hylopezus perspicillatus_Streak-chested Antpitta,0.46147934,0.02567801997065544,Hylopezus perspicillatus_Streak-chested Antpitta,0.4614794850349426,Hylopezus perspicillatus_Streak-chested Antpitta,0.4614794850349426,0.4614794850349426,True,True,True,Hylopezus perspicillatus_Streak-chested Antpitta,1,Hylopezus perspicillatus_Streak-chested Antpitta,0.46556711196899414,Hylopezus perspicillatus_Streak-chested Antpitta,0.46556711196899414,0.46556711196899414,True,True,False,Hylopezus perspicillatus_Streak-chested Antpitta,1,True
Audio_Moth_6_20250321_075453.wav,Audio_Moth_6,2025-03-21 08:00:00,Hylopezus perspicillatus_Streak-chested Antpitta,0.4472974,0.02508391998708248,Hylopezus perspicillatus_Streak-chested Antpitta,0.4472963213920593,Hylopezus perspicillatus_Streak-chested Antpitta,0.4472963213920593,0.4472963213920593,True,True,True,Hylopezus perspicillatus_Streak-chested Antpitta,1,Hylopezus perspicillatus_Streak-chested Antpitta,0.44921189546585083,Hylopezus perspicillatus_Streak-chested Antpitta,0.44921189546585083,0.44921189546585083,True,True,False,Hylopezus perspicillatus_Streak-chested Antpitta,1,True
Audio_Moth_6_20250321_075502.wav,Audio_Moth_6,2025-03-21 08:00:00,Hylopezus perspicillatus_Streak-chested Antpitta,0.32098287,0.023632831871509552,Hylopezus perspicillatus_Streak-chested Antpitta,0.3209855854511261,Hylopezus perspicillatus_Streak-chested Antpitta,0.3209855854511261,0.3209855854511261,True,True,True,Hylopezus perspicillatus_Streak-chested Antpitta,1,Hylopezus perspicillatus_Streak-chested Antpitta,0.321974515914917,Hylopezus perspicillatus_Streak-chested Antpitta,0.321974515914917,0.321974515914917,True,True,True,Hylopezus perspicillatus_Streak-chested Antpitta,1,True
Audio_Moth_6_20250321_075511.wav,Audio_Moth_6,2025-03-21 08:00:00,Hylopezus perspicillatus_Streak-chested Antpitta,0.27680215,0.02348826266825199,Hylopezus perspicillatus_Streak-chested Antpitta,0.2768101394176483,Hylopezus perspicillatus_Streak-chested Antpitta,0.2768101394176483,0.2768101394176483,True,True,True,Hylopezus perspicillatus_Streak-chested Antpitta,1,Hylopezus perspicillatus_Streak-chested Antpitta,0.277398020029068,Hylopezus perspicillatus_Streak-chested Antpitta,0.277398020029068,0.277398020029068,True,True,True,Hylopezus perspicillatus_Streak-chested Antpitta,1,True
Audio_Moth_6_20250321_075526.wav,Audio_Moth_6,2025-03-21 08:00:00,Hylopezus perspicillatus_Streak-chested Antpitta,0.36105865,0.022672457620501518,Hylopezus perspicillatus_Streak-chested Antpitta,0.36105602979660034,Hylopezus perspicillatus_Streak-chested Antpitta,0.36105602979660034,0.36105602979660034,True,True,True,Hylopezus perspicillatus_Streak-chested Antpitta,1,Hylopezus perspicillatus_Streak-chested Antpitta,0.36461561918258667,Hylopezus perspicillatus_Streak-chested Antpitta,0.36461561918258667,0.36461561918258667,True,True,False,Hylopezus perspicillatus_Streak-chested Antpitta,1,True
Audio_Moth_6_20250321_075626.wav,Audio_Moth_6,2025-03-21 08:00:00,Patagioenas nigrirostris_Short-billed Pigeon,0.44092155,0.020782794803380966,Patagioenas nigrirostris_Short-billed Pigeon,0.44092032313346863,Patagioenas nigrirostris_Short-billed Pigeon,0.44092032313346863,0.44092032313346863,True,True,True,Patagioenas nigrirostris_Short-billed Pigeon,1,Patagioenas nigrirostris_Short-billed Pigeon,0.44181978702545166,Patagioenas nigrirostris_Short-billed Pigeon,0.44181978702545166,0.44181978702545166,True,True,True,Patagioenas nigrirostris_Short-billed Pigeon,1,True
Audio_Moth_6_20250321_075711.wav,Audio_Moth_6,2025-03-21 08:00:00,Hylopezus perspicillatus_Streak-chested Antpitta,0.2574791,0.021053383126854897,Hylopezus perspicillatus_Streak-chested Antpitta,0.25747963786125183,Hylopezus perspicillatus_Streak-chested Antpitta,0.25747963786125183,0.25747963786125183,True,True,True,Hylopezus perspicillatus_Streak-chested Antpitta,1,Hylopezus perspicillatus_Streak-chested Antpitta,0.25753048062324524,Hylopezus perspicillatus_Streak-chested Antpitta,0.25753048062324524,0.25753048062324524,True,True,True,Hylopezus perspicillatus_Streak-chested Antpitta,1,True
Audio_Moth_6_20250321_075720.wav,Audio_Moth_6,2025-03-21 08:00:00,Hylopezus perspicillatus_Streak-chested Antpitta,0.32180977,0.022789450362324715,Hylopezus perspicillatus_Streak-chested Antpitta,0.32180899381637573,Hylopezus perspicillatus_Streak-chested Antpitta,0.32180899381637573,0.32180899381637573,True,True,True,Hylopezus perspicillatus_Streak-chested Antpitta,1,Hylopezus perspicillatus_Streak-chested Antpitta,0.32164594531059265,Hylopezus perspicillatus_Streak-chested Antpitta,0.32164594531059265,0.32164594531059265,True,True,True,Hylopezus perspicillatus_Streak-chested Antpitta,1,True
Audio_Moth_6_20250321_075729.wav,Audio_Moth_6,2025-03-21 08:00:00,Hylopezus perspicillatus_Streak-chested Antpitta,0.55278194,0.023379197344183922,Hylopezus perspicillatus_Streak-chested Antpitta,0.5527790784835815,Hylopezus perspicillatus_Streak-chested Antpitta,0.5527790784835815,0.5527790784835815,True,True,True,Hylopezus perspicillatus_Streak-chested Antpitta,1,Hylopezus perspicillatus_Streak-chested Antpitta,0.5536442995071411,Hylopezus perspicillatus_Streak-chested Antpitta,0.5536442995071411,0.5536442995071411,True,True,True,Hylopezus perspicillatus_Streak-chested Antpitta,1,True
Audio_Moth_6_20250321_075750.wav,Audio_Moth_6,2025-03-21 08:00:00,Hylopezus perspicillatus_Streak-chested Antpitta,0.28127518,0.021649973466992378,Hylopezus perspicillatus_Streak-chested Antpitta,0.28127536177635193,Hylopezus perspicillatus_Streak-chested Antpitta,0.28127536177635193,0.28127536177635193,True,True,True,Hylopezus perspicillatus_Streak-chested Antpitta,1,Hylopezus perspicillatus_Streak-chested Antpitta,0.27973076701164246,Hylopezus perspicillatus_Streak-chested Antpitta,0.27973076701164246,0.27973076701164246,True,True,False,Hylopezus perspicillatus_Streak-chested Antpitta,1,True
Audio_Moth_6_20250321_075753.wav,Audio_Moth_6,2025-03-21 08:00:00,Hylopezus perspicillatus_Streak-chested Antpitta,0.35180992,0.021639542654156685,Hylopezus perspicillatus_Streak-chested Antpitta,0.3518071472644806,Hylopezus perspicillatus_Streak-chested Antpitta,0.3518071472644806,0.3518071472644806,True,True,True,Hylopezus perspicillatus_Streak-chested Antpitta,1,Hylopezus perspicillatus_Streak-chested Antpitta,0.3527694642543793,Hylopezus perspicillatus_Streak-chested Antpitta,0.3527694642543793,0.3527694642543793,True,True,True,Hylopezus perspicillatus_Streak-chested Antpitta,1,True
Audio_Moth_6_20250321_075756.wav,Audio_Moth_6,2025-03-21 08:00:00,Hylopezus perspicillatus_Streak-chested Antpitta,0.40092513,0.02084636315703392,Hylopezus perspicillatus_Streak-chested Antpitta,0.40092653036117554,Hylopezus perspicillatus_Streak-chested Antpitta,0.40092653036117554,0.40092653036117554,True,True,True,Hylopezus perspicillatus_Streak-chested Antpitta,1,Hylopezus perspicillatus_Streak-chested Antpitta,0.40012073516845703,Hylopezus perspicillatus_Streak-chested Antpitta,0.40012073516845703,0.40012073516845703,True,True,True,Hylopezus perspicillatus_Streak-chested Antpitta,1,True
Audio_Moth_6_20250321_075759.wav,Audio_Moth_6,2025-03-21 08:00:00,Hylopezus perspicillatus_Streak-chested Antpitta,0.3201566,0.021323546767234802,Hylopezus perspicillatus_Streak-chested Antpitta,0.3201553523540497,Hylopezus perspicillatus_Streak-chested Antpitta,0.3201553523540497,0.3201553523540497,True,True,True,Hylopezus perspicillatus_Streak-chested Antpitta,1,Hylopezus perspicillatus_Streak-chested Antpitta,0.31868401169776917,Hylopezus perspicillatus_Streak-chested Antpitta,0.31868401169776917,0.31868401169776917,True,True,False,Hylopezus perspicillatus_Streak-chested Antpitta,1,True
Audio_Moth_6_20250321_075802.wav,Audio_Moth_6,2025-03-21 08:00:00,Hylopezus perspicillatus_Streak-chested Antpitta,0.28349218,0.021270783618092537,Hylopezus perspicillatus_Streak-chested Antpitta,0.28349387645721436,Hylopezus perspicillatus_Streak-chested Antpitta,0.28349387645721436,0.28349387645721436,True,True,True,Hylopezus perspicillatus_Streak-chested Antpitta,1,Hylopezus perspicillatus_Streak-chested Antpitta,0.2825466990470886,Hylopezus perspicillatus_Streak-chested Antpitta,0.2825466990470886,0.2825466990470886,True,True,True,Hylopezus perspicillatus_Streak-chested Antpitta,1,True
Audio_Moth_6_20250321_075808.wav,Audio_Moth_6,2025-03-21 08:00:00,Hylopezus perspicillatus_Streak-chested Antpitta,0.32598624,0.020245620980858803,Hylopezus perspicillatus_Streak-chested Antpitta,0.32598868012428284,Hylopezus perspicillatus_Streak-chested Antpitta,0.32598868012428284,0.32598868012428284,True,True,True,Hylopezus perspicillatus_Streak-chested Antpitta,1,Hylopezus perspicillatus_Streak-chested Antpitta,0.32555830478668213,Hylopezus perspicillatus_Streak-chested Antpitta,0.32555830478668213,0.32555830478668213,True,True,True,Hylopezus perspicillatus_Streak-chested Antpitta,1,True
Audio_Moth_6_20250321_075835.wav,Audio_Moth_6,2025-03-21 08:00:00,Hylopezus perspicillatus_Streak-chested Antpitta,0.33588758,0.020922968164086342,Hylopezus perspicillatus_Streak-chested Antpitta,0.33588871359825134,Hylopezus perspicillatus_Streak-chested Antpitta,0.33588871359825134,0.33588871359825134,True,True,True,Hylopezus perspicillatus_Streak-chested Antpitta,1,Hylopezus perspicillatus_Streak-chested Antpitta,0.33830368518829346,Hylopezus perspicillatus_Streak-chested Antpitta,0.33830368518829346,0.33830368518829346,True,True,False,Hylopezus perspicillatus_Streak-chested Antpitta,1,True
Audio_Moth_6_20250321_075847.wav,Audio_Moth_6,2025-03-21 08:00:00,Hylopezus perspicillatus_Streak-chested Antpitta,0.3760002,0.017149807885289192,Hylopezus perspicillatus_Streak-chested Antpitta,0.3760010600090027,Hylopezus perspicillatus_Streak-chested Antpitta,0.3760010600090027,0.3760010600090027,True,True,True,Hylopezus perspicillatus_Streak-chested Antpitta,1,Hylopezus perspicillatus_Streak-chested Antpitta,0.37775325775146484,Hylopezus perspicillatus_Streak-chested Antpitta,0.37775325775146484,0.37775325775146484,True,True,False,Hylopezus perspicillatus_Streak-chested Antpitta,1,True
Audio_Moth_6_20250321_075850.wav,Audio_Moth_6,2025-03-21 08:00:00,Hylopezus perspicillatus_Streak-chested Antpitta,0.25024074,0.01706174574792385,Hylopezus perspicillatus_Streak-chested Antpitta,0.25024208426475525,Hylopezus perspicillatus_Streak-chested Antpitta,0.25024208426475525,0.25024208426475525,True,True,True,Hylopezus perspicillatus_Streak-chested Antpitta,1,Hylopezus perspicillatus_Streak-chested Antpitta,0.25101348757743835,Hylopezus perspicillatus_Streak-chested Antpitta,0.25101348757743835,0.25101348757743835,True,True,True,Hylopezus perspicillatus_Streak-chested Antpitta,1,True
Audio_Moth_6_20250321_075902.wav,Audio_Moth_6,2025-03-21 08:00:00,Hylopezus perspicillatus_Streak-chested Antpitta,0.44723022,0.014937417581677437,Hylopezus perspicillatus_Streak-chested Antpitta,0.44723060727119446,Hylopezus perspicillatus_Streak-chested Antpitta,0.44723060727119446,0.44723060727119446,True,True,True,Hylopezus perspicillatus_Streak-chested Antpitta,1,Hylopezus perspicillatus_Streak-chested Antpitta,0.44774115085601807,Hylopezus perspicillatus_Streak-chested Antpitta,0.44774115085601807,0.44774115085601807,True,True,True,Hylopezus perspicillatus_Streak-chested Antpitta,1,True
Audio_Moth_6_20250321_075938.wav,Audio_Moth_6,2025-03-21 08:00:00,Hylopezus perspicillatus_Streak-chested Antpitta,0.37873036,0.01827387884259224,Hylopezus perspicillatus_Streak-chested Antpitta,0.378730446100235,Hylopezus perspicillatus_Streak-chested Antpitta,0.378730446100235,0.378730446100235,True,True,True,Hylopezus perspicillatus_Streak-chested Antpitta,1,Hylopezus perspicillatus_Streak-chested Antpitta,0.37977471947669983,Hylopezus perspicillatus_Streak-chested Antpitta,0.37977471947669983,0.37977471947669983,True,True,False,Hylopezus perspicillatus_Streak-chested Antpitta,1,True
Audio_Moth_6_20250321_075947.wav,Audio_Moth_6,2025-03-21 08:00:00,Hylopezus perspicillatus_Streak-chested Antpitta,0.30163226,0.016106417402625084,Hylopezus perspicillatus_Streak-chested Antpitta,0.3016337454319,Hylopezus perspicillatus_Streak-chested Antpitta,0.3016337454319,0.3016337454319,True,True,True,Hylopezus perspicillatus_Streak-chested Antpitta,1,Hylopezus perspicillatus_Streak-chested Antpitta,0.3016694188117981,Hylopezus perspicillatus_Streak-chested Antpitta,0.3016694188117981,0.3016694188117981,True,True,True,Hylopezus perspicillatus_Streak-chested Antpitta,1,True
Audio_Moth_6_20250321_080026.wav,Audio_Moth_6,2025-03-21 08:00:00,Hylopezus perspicillatus_Streak-chested Antpitta,0.27906916,0.017464078962802887,Hylopezus perspicillatus_Streak-chested Antpitta,0.279068261384964,Hylopezus perspicillatus_Streak-chested Antpitta,0.279068261384964,0.279068261384964,True,True,True,Hylopezus perspicillatus_Streak-chested Antpitta,1,Hylopezus perspicillatus_Streak-chested Antpitta,0.2776190936565399,Hylopezus perspicillatus_Streak-chested Antpitta,0.2776190936565399,0.2776190936565399,True,True,False,Hylopezus perspicillatus_Streak-chested Antpitta,1,True
Audio_Moth_6_20250321_080029.wav,Audio_Moth_6,2025-03-21 08:00:00,Hylopezus perspicillatus_Streak-chested Antpitta,0.31388324,0.0175459124147892,Hylopezus perspicillatus_Streak-chested Antpitta,0.31388261914253235,Hylopezus perspicillatus_Streak-chested Antpitta,0.31388261914253235,0.31388261914253235,True,True,True,Hylopezus perspicillatus_Streak-chested Antpitta,1,Hylopezus perspicillatus_Streak-chested Antpitta,0.3142261803150177,Hylopezus perspicillatus_Streak-chested Antpitta,0.3142261803150177,0.3142261803150177,True,True,True,Hylopezus perspicillatus_Streak-chested Antpitta,1,True
Audio_Moth_6_20250321_080032.wav,Audio_Moth_6,2025-03-21 08:00:00,Hylopezus perspicillatus_Streak-chested Antpitta,0.41828415,0.017788803204894066,Hylopezus perspicillatus_Streak-chested Antpitta,0.418282687664032,Hylopezus perspicillatus_Streak-chested Antpitta,0.418282687664032,0.418282687664032,True,True,True,Hylopezus perspicillatus_Streak-chested Antpitta,1,Hylopezus perspicillatus_Streak-chested Antpitta,0.4183485507965088,Hylopezus perspicillatus_Streak-chested Antpitta,0.4183485507965088,0.4183485507965088,True,True,True,Hylopezus perspicillatus_Streak-chested Antpitta,1,True
Audio_Moth_6_20250321_080035.wav,Audio_Moth_6,2025-03-21 08:00:00,Hylopezus perspicillatus_Streak-chested Antpitta,0.5187294,0.01811845600605011,Hylopezus perspicillatus_Streak-chested Antpitta,0.5187305808067322,Hylopezus perspicillatus_Streak-chested Antpitta,0.5187305808067322,0.5187305808067322,True,True,True,Hylopezus perspicillatus_Streak-chested Antpitta,1,Hylopezus perspicillatus_Streak-chested Antpitta,0.52711021900177,Hylopezus perspicillatus_Streak-chested Antpitta,0.52711021900177,0.52711021900177,True,True,False,Hylopezus perspicillatus_Streak-chested Antpitta,1,True
Audio_Moth_6_20250321_080053.wav,Audio_Moth_6,2025-03-21 08:00:00,Hylopezus perspicillatus_Streak-chested Antpitta,0.33092916,0.018749503418803215,Hylopezus perspicillatus_Streak-chested Antpitta,0.3309307098388672,Hylopezus perspicillatus_Streak-chested Antpitta,0.3309307098388672,0.3309307098388672,True,True,True,Hylopezus perspicillatus_Streak-chested Antpitta,1,Hylopezus perspicillatus_Streak-chested Antpitta,0.3333355486392975,Hylopezus perspicillatus_Streak-chested Antpitta,0.3333355486392975,0.3333355486392975,True,True,False,Hylopezus perspicillatus_Streak-chested Antpitta,1,True
Audio_Moth_6_20250321_080056.wav,Audio_Moth_6,2025-03-21 08:00:00,Hylopezus perspicillatus_Streak-chested Antpitta,0.34469274,0.02041768841445446,Hylopezus perspicillatus_Streak-chested Antpitta,0.34469252824783325,Hylopezus perspicillatus_Streak-chested Antpitta,0.34469252824783325,0.34469252824783325,True,True,True,Hylopezus perspicillatus_Streak-chested Antpitta,1,Hylopezus perspicillatus_Streak-chested Antpitta,0.344215452671051,Hylopezus perspicillatus_Streak-chested Antpitta,0.344215452671051,0.344215452671051,True,True,True,Hylopezus perspicillatus_Streak-chested Antpitta,1,True
Audio_Moth_6_20250321_080059.wav,Audio_Moth_6,2025-03-21 08:00:00,Hylopezus perspicillatus_Streak-chested Antpitta,0.26532692,0.01859959401190281,Hylopezus perspicillatus_Streak-chested Antpitta,0.2653271555900574,Hylopezus perspicillatus_Streak-chested Antpitta,0.2653271555900574,0.2653271555900574,True,True,True,Hylopezus perspicillatus_Streak-chested Antpitta,1,Hylopezus perspicillatus_Streak-chested Antpitta,0.2676682472229004,Hylopezus perspicillatus_Streak-chested Antpitta,0.2676682472229004,0.2676682472229004,True,True,False,Hylopezus perspicillatus_Streak-chested Antpitta,1,True
Audio_Moth_6_20250321_080102.wav,Audio_Moth_6,2025-03-21 08:00:00,Hylopezus perspicillatus_Streak-chested Antpitta,0.49730933,0.01929621212184429,Hylopezus perspicillatus_Streak-chested Antpitta,0.49730634689331055,Hylopezus perspicillatus_Streak-chested Antpitta,0.49730634689331055,0.49730634689331055,True,True,True,Hylopezus perspicillatus_Streak-chested Antpitta,1,Hylopezus perspicillatus_Streak-chested Antpitta,0.4973030388355255,Hylopezus perspicillatus_Streak-chested Antpitta,0.4973030388355255,0.4973030388355255,True,True,True,Hylopezus perspicillatus_Streak-chested Antpitta,1,True
Audio_Moth_6_20250321_080105.wav,Audio_Moth_6,2025-03-21 08:00:00,Hylopezus perspicillatus_Streak-chested Antpitta,0.3447858,0.018059708178043365,Hylopezus perspicillatus_Streak-chested Antpitta,0.3447836935520172,Hylopezus perspicillatus_Streak-chested Antpitta,0.3447836935520172,0.3447836935520172,True,True,True,Hylopezus perspicillatus_Streak-chested Antpitta,1,Hylopezus perspicillatus_Streak-chested Antpitta,0.3483390212059021,Hylopezus perspicillatus_Streak-chested Antpitta,0.3483390212059021,0.3483390212059021,True,True,False,Hylopezus perspicillatus_Streak-chested Antpitta,1,True
Audio_Moth_6_20250321_080108.wav,Audio_Moth_6,2025-03-21 08:00:00,Hylopezus perspicillatus_Streak-chested Antpitta,0.42455485,0.01583348959684372,Hylopezus perspicillatus_Streak-chested Antpitta,0.42455369234085083,Hylopezus perspicillatus_Streak-chested Antpitta,0.42455369234085083,0.42455369234085083,True,True,True,Hylopezus perspicillatus_Streak-chested Antpitta,1,Hylopezus perspicillatus_Streak-chested Antpitta,0.4277811646461487,Hylopezus perspicillatus_Streak-chested Antpitta,0.4277811646461487,0.4277811646461487,True,True,False,Hylopezus perspicillatus_Streak-chested Antpitta,1,True
Audio_Moth_6_20250321_080117.wav,Audio_Moth_6,2025-03-21 08:00:00,Hylopezus perspicillatus_Streak-chested Antpitta,0.28072017,0.018275942653417587,Hylopezus perspicillatus_Streak-chested Antpitta,0.280719518661499,Hylopezus perspicillatus_Streak-chested Antpitta,0.280719518661499,0.280719518661499,True,True,True,Hylopezus perspicillatus_Streak-chested Antpitta,1,Hylopezus perspicillatus_Streak-chested Antpitta,0.28005436062812805,Hylopezus perspicillatus_Streak-chested Antpitta,0.28005436062812805,0.28005436062812805,True,True,True,Hylopezus perspicillatus_Streak-chested Antpitta,1,True
Audio_Moth_6_20250321_080120.wav,Audio_Moth_6,2025-03-21 08:00:00,Hylopezus perspicillatus_Streak-chested Antpitta,0.26899686,0.021203266456723213,Hylopezus perspicillatus_Streak-chested Antpitta,0.26899635791778564,Hylopezus perspicillatus_Streak-chested Antpitta,0.26899635791778564,0.26899635791778564,True,True,True,Hylopezus perspicillatus_Streak-chested Antpitta,1,Hylopezus perspicillatus_Streak-chested Antpitta,0.2699439525604248,Hylopezus perspicillatus_Streak-chested Antpitta,0.2699439525604248,0.2699439525604248,True,True,True,Hylopezus perspicillatus_Streak-chested Antpitta,1,True
Audio_Moth_6_20250321_080123.wav,Audio_Moth_6,2025-03-21 08:00:00,Hylopezus perspicillatus_Streak-chested Antpitta,0.42563108,0.020711280405521393,Hylopezus perspicillatus_Streak-chested Antpitta,0.4256255626678467,Hylopezus perspicillatus_Streak-chested Antpitta,0.4256255626678467,0.4256255626678467,True,True,True,Hylopezus perspicillatus_Streak-chested Antpitta,1,Hylopezus perspicillatus_Streak-chested Antpitta,0.4249584376811981,Hylopezus perspicillatus_Streak-chested Antpitta,0.4249584376811981,0.4249584376811981,True,True,True,Hylopezus perspicillatus_Streak-chested Antpitta,1,True
Audio_Moth_6_20250321_080126.wav,Audio_Moth_6,2025-03-21 08:00:00,Hylopezus perspicillatus_Streak-chested Antpitta,0.4381966,0.019424261525273323,Hylopezus perspicillatus_Streak-chested Antpitta,0.43819430470466614,Hylopezus perspicillatus_Streak-chested Antpitta,0.43819430470466614,0.43819430470466614,True,True,True,Hylopezus perspicillatus_Streak-chested Antpitta,1,Hylopezus perspicillatus_Streak-chested Antpitta,0.4381174147129059,Hylopezus perspicillatus_Streak-chested Antpitta,0.4381174147129059,0.4381174147129059,True,True,True,Hylopezus perspicillatus_Streak-chested Antpitta,1,True
Audio_Moth_6_20250321_080132.wav,Audio_Moth_6,2025-03-21 08:00:00,Hylopezus perspicillatus_Streak-chested Antpitta,0.2596991,0.0166742242872715,Hylopezus perspicillatus_Streak-chested Antpitta,0.2596980035305023,Hylopezus perspicillatus_Streak-chested Antpitta,0.2596980035305023,0.2596980035305023,True,True,True,Hylopezus perspicillatus_Streak-chested Antpitta,1,Hylopezus perspicillatus_Streak-chested Antpitta,0.26043757796287537,Hylopezus perspicillatus_Streak-chested Antpitta,0.26043757796287537,0.26043757796287537,True,True,True,Hylopezus perspicillatus_Streak-chested Antpitta,1,True
Audio_Moth_6_20250321_080135.wav,Audio_Moth_6,2025-03-21 08:00:00,Hylopezus perspicillatus_Streak-chested Antpitta,0.26843578,0.015623912215232849,Hylopezus perspicillatus_Streak-chested Antpitta,0.2684352993965149,Hylopezus perspicillatus_Streak-chested Antpitta,0.2684352993965149,0.2684352993965149,True,True,True,Hylopezus perspicillatus_Streak-chested Antpitta,1,Hylopezus perspicillatus_Streak-chested Antpitta,0.26858675479888916,Hylopezus perspicillatus_Streak-chested Antpitta,0.26858675479888916,0.26858675479888916,True,True,True,Hylopezus perspicillatus_Streak-chested Antpitta,1,True
Audio_Moth_6_20250321_080147.wav,Audio_Moth_6,2025-03-21 08:00:00,Hylopezus perspicillatus_Streak-chested Antpitta,0.25950015,0.01704259403049946,Hylopezus perspicillatus_Streak-chested Antpitta,0.25950148701667786,Hylopezus perspicillatus_Streak-chested Antpitta,0.25950148701667786,0.25950148701667786,True,True,True,Hylopezus perspicillatus_Streak-chested Antpitta,1,Hylopezus perspicillatus_Streak-chested Antpitta,0.25993266701698303,Hylopezus perspicillatus_Streak-chested Antpitta,0.25993266701698303,0.25993266701698303,True,True,True,Hylopezus perspicillatus_Streak-chested Antpitta,1,True
Audio_Moth_6_20250321_080153.wav,Audio_Moth_6,2025-03-21 08:00:00,Hylopezus perspicillatus_Streak-chested Antpitta,0.2914118,0.016913753002882004,Hylopezus perspicillatus_Streak-chested Antpitta,0.2914094924926758,Hylopezus perspicillatus_Streak-chested Antpitta,0.2914094924926758,0.2914094924926758,True,True,True,Hylopezus perspicillatus_Streak-chested Antpitta,1,Hylopezus perspicillatus_Streak-chested Antpitta,0.29166004061698914,Hylopezus perspicillatus_Streak-chested Antpitta,0.29166004061698914,0.29166004061698914,True,True,True,Hylopezus perspicillatus_Streak-chested Antpitta,1,True
Audio_Moth_6_20250321_080159.wav,Audio_Moth_6,2025-03-21 08:00:00,Hylopezus perspicillatus_Streak-chested Antpitta,0.30274698,0.01842181757092476,Hylopezus perspicillatus_Streak-chested Antpitta,0.302743524312973,Hylopezus perspicillatus_Streak-chested Antpitta,0.302743524312973,0.302743524312973,True,True,True,Hylopezus perspicillatus_Streak-chested Antpitta,1,Hylopezus perspicillatus_Streak-chested Antpitta,0.3046655058860779,Hylopezus perspicillatus_Streak-chested Antpitta,0.3046655058860779,0.3046655058860779,True,True,False,Hylopezus perspicillatus_Streak-chested Antpitta,1,True
Audio_Moth_6_20250321_080202.wav,Audio_Moth_6,2025-03-21 08:00:00,Hylopezus perspicillatus_Streak-chested Antpitta,0.5874987,0.01725240796804428,Hylopezus perspicillatus_Streak-chested Antpitta,0.5874982476234436,Hylopezus perspicillatus_Streak-chested Antpitta,0.5874982476234436,0.5874982476234436,True,True,True,Hylopezus perspicillatus_Streak-chested Antpitta,1,Hylopezus perspicillatus_Streak-chested Antpitta,0.5867364406585693,Hylopezus perspicillatus_Streak-chested Antpitta,0.5867364406585693,0.5867364406585693,True,True,True,Hylopezus perspicillatus_Streak-chested Antpitta,1,True
Audio_Moth_6_20250321_080214.wav,Audio_Moth_6,2025-03-21 08:00:00,Hylopezus perspicillatus_Streak-chested Antpitta,0.44819817,0.02145087905228138,Hylopezus perspicillatus_Streak-chested Antpitta,0.4481988549232483,Hylopezus perspicillatus_Streak-chested Antpitta,0.4481988549232483,0.4481988549232483,True,True,True,Hylopezus perspicillatus_Streak-chested Antpitta,1,Hylopezus perspicillatus_Streak-chested Antpitta,0.4499102532863617,Hylopezus perspicillatus_Streak-chested Antpitta,0.4499102532863617,0.4499102532863617,True,True,False,Hylopezus perspicillatus_Streak-chested Antpitta,1,True
Audio_Moth_6_20250321_080217.wav,Audio_Moth_6,2025-03-21 08:00:00,Hylopezus perspicillatus_Streak-chested Antpitta,0.35013622,0.020898036658763885,Hylopezus perspicillatus_Streak-chested Antpitta,0.35014063119888306,Hylopezus perspicillatus_Streak-chested Antpitta,0.35014063119888306,0.35014063119888306,True,True,True,Hylopezus perspicillatus_Streak-chested Antpitta,1,Hylopezus perspicillatus_Streak-chested Antpitta,0.35245153307914734,Hylopezus perspicillatus_Streak-chested Antpitta,0.35245153307914734,0.35245153307914734,True,True,False,Hylopezus perspicillatus_Streak-chested Antpitta,1,True
Audio_Moth_6_20250321_080220.wav,Audio_Moth_6,2025-03-21 08:00:00,Hylopezus perspicillatus_Streak-chested Antpitta,0.3593198,0.020569220185279846,Hylopezus perspicillatus_Streak-chested Antpitta,0.3593195974826813,Hylopezus perspicillatus_Streak-chested Antpitta,0.3593195974826813,0.3593195974826813,True,True,True,Hylopezus perspicillatus_Streak-chested Antpitta,1,Hylopezus perspicillatus_Streak-chested Antpitta,0.3598683178424835,Hylopezus perspicillatus_Streak-chested Antpitta,0.3598683178424835,0.3598683178424835,True,True,True,Hylopezus perspicillatus_Streak-chested Antpitta,1,True
Audio_Moth_6_20250321_080223.wav,Audio_Moth_6,2025-03-21 08:00:00,Hylopezus perspicillatus_Streak-chested Antpitta,0.2986747,0.018622195348143578,Hylopezus perspicillatus_Streak-chested Antpitta,0.29867464303970337,Hylopezus perspicillatus_Streak-chested Antpitta,0.29867464303970337,0.29867464303970337,True,True,True,Hylopezus perspicillatus_Streak-chested Antpitta,1,Hylopezus perspicillatus_Streak-chested Antpitta,0.30159035325050354,Hylopezus perspicillatus_Streak-chested Antpitta,0.30159035325050354,0.30159035325050354,True,True,False,Hylopezus perspicillatus_Streak-chested Antpitta,1,True
Audio_Moth_6_20250321_080241.wav,Audio_Moth_6,2025-03-21 08:00:00,Hylopezus perspicillatus_Streak-chested Antpitta,0.3987874,0.01551155373454094,Hylopezus perspicillatus_Streak-chested Antpitta,0.39878612756729126,Hylopezus perspicillatus_Streak-chested Antpitta,0.39878612756729126,0.39878612756729126,True,True,True,Hylopezus perspicillatus_Streak-chested Antpitta,1,Hylopezus perspicillatus_Streak-chested Antpitta,0.4005712568759918,Hylopezus perspicillatus_Streak-chested Antpitta,0.4005712568759918,0.4005712568759918,True,True,False,Hylopezus perspicillatus_Streak-chested Antpitta,1,True
Audio_Moth_6_20250321_080244.wav,Audio_Moth_6,2025-03-21 08:00:00,Hylopezus perspicillatus_Streak-chested Antpitta,0.33010256,0.015779398381710052,Hylopezus perspicillatus_Streak-chested Antpitta,0.33009982109069824,Hylopezus perspicillatus_Streak-chested Antpitta,0.33009982109069824,0.33009982109069824,True,True,True,Hylopezus perspicillatus_Streak-chested Antpitta,1,Hylopezus perspicillatus_Streak-chested Antpitta,0.33277392387390137,Hylopezus perspicillatus_Streak-chested Antpitta,0.33277392387390137,0.33277392387390137,True,True,False,Hylopezus perspicillatus_Streak-chested Antpitta,1,True
Audio_Moth_6_20250321_080250.wav,Audio_Moth_6,2025-03-21 08:00:00,Hylopezus perspicillatus_Streak-chested Antpitta,0.54794973,0.017072102054953575,Hylopezus perspicillatus_Streak-chested Antpitta,0.547947347164154,Hylopezus perspicillatus_Streak-chested Antpitta,0.547947347164154,0.547947347164154,True,True,True,Hylopezus perspicillatus_Streak-chested Antpitta,1,Hylopezus perspicillatus_Streak-chested Antpitta,0.5449427366256714,Hylopezus perspicillatus_Streak-chested Antpitta,0.5449427366256714,0.5449427366256714,True,True,False,Hylopezus perspicillatus_Streak-chested Antpitta,1,True
Audio_Moth_6_20250321_080256.wav,Audio_Moth_6,2025-03-21 08:00:00,Hylopezus perspicillatus_Streak-chested Antpitta,0.26929846,0.018746262416243553,Hylopezus perspicillatus_Streak-chested Antpitta,0.2692949175834656,Hylopezus perspicillatus_Streak-chested Antpitta,0.2692949175834656,0.2692949175834656,True,True,True,Hylopezus perspicillatus_Streak-chested Antpitta,1,Hylopezus perspicillatus_Streak-chested Antpitta,0.2712746858596802,Hylopezus perspicillatus_Streak-chested Antpitta,0.2712746858596802,0.2712746858596802,True,True,False,Hylopezus perspicillatus_Streak-chested Antpitta,1,True
Audio_Moth_6_20250321_080259.wav,Audio_Moth_6,2025-03-21 08:00:00,Hylopezus perspicillatus_Streak-chested Antpitta,0.34692836,0.018454382196068764,Hylopezus perspicillatus_Streak-chested Antpitta,0.34692680835723877,Hylopezus perspicillatus_Streak-chested Antpitta,0.34692680835723877,0.34692680835723877,True,True,True,Hylopezus perspicillatus_Streak-chested Antpitta,1,Hylopezus perspicillatus_Streak-chested Antpitta,0.3451616168022156,Hylopezus perspicillatus_Streak-chested Antpitta,0.3451616168022156,0.3451616168022156,True,True,False,Hylopezus perspicillatus_Streak-chested Antpitta,1,True
Audio_Moth_6_20250321_080302.wav,Audio_Moth_6,2025-03-21 08:00:00,Hylopezus perspicillatus_Streak-chested Antpitta,0.37475574,0.01882193796336651,Hylopezus perspicillatus_Streak-chested Antpitta,0.3747533857822418,Hylopezus perspicillatus_Streak-chested Antpitta,0.3747533857822418,0.3747533857822418,True,True,True,Hylopezus perspicillatus_Streak-chested Antpitta,1,Hylopezus perspicillatus_Streak-chested Antpitta,0.3766956329345703,Hylopezus perspicillatus_Streak-chested Antpitta,0.3766956329345703,0.3766956329345703,True,True,False,Hylopezus perspicillatus_Streak-chested Antpitta,1,True
Audio_Moth_6_20250321_080317.wav,Audio_Moth_6,2025-03-21 08:00:00,Hylopezus perspicillatus_Streak-chested Antpitta,0.46705014,0.018574202433228493,Hylopezus perspicillatus_Streak-chested Antpitta,0.4670478403568268,Hylopezus perspicillatus_Streak-chested Antpitta,0.4670478403568268,0.4670478403568268,True,True,True,Hylopezus perspicillatus_Streak-chested Antpitta,1,Hylopezus perspicillatus_Streak-chested Antpitta,0.46858689188957214,Hylopezus perspicillatus_Streak-chested Antpitta,0.46858689188957214,0.46858689188957214,True,True,False,Hylopezus perspicillatus_Streak-chested Antpitta,1,True
Audio_Moth_6_20250321_080320.wav,Audio_Moth_6,2025-03-21 08:00:00,Hylopezus perspicillatus_Streak-chested Antpitta,0.48348668,0.01888262666761875,Hylopezus perspicillatus_Streak-chested Antpitta,0.4834851324558258,Hylopezus perspicillatus_Streak-chested Antpitta,0.4834851324558258,0.4834851324558258,True,True,True,Hylopezus perspicillatus_Streak-chested Antpitta,1,Hylopezus perspicillatus_Streak-chested Antpitta,0.4859221279621124,Hylopezus perspicillatus_Streak-chested Antpitta,0.4859221279621124,0.4859221279621124,True,True,False,Hylopezus perspicillatus_Streak-chested Antpitta,1,True
Audio_Moth_6_20250321_080323.wav,Audio_Moth_6,2025-03-21 08:00:00,Hylopezus perspicillatus_Streak-chested Antpitta,0.29468814,0.01859746128320694,Hylopezus perspicillatus_Streak-chested Antpitta,0.2946879267692566,Hylopezus perspicillatus_Streak-chested Antpitta,0.2946879267692566,0.2946879267692566,True,True,True,Hylopezus perspicillatus_Streak-chested Antpitta,1,Hylopezus perspicillatus_Streak-chested Antpitta,0.2944315969944,Hylopezus perspicillatus_Streak-chested Antpitta,0.2944315969944,0.2944315969944,True,True,True,Hylopezus perspicillatus_Streak-chested Antpitta,1,True
Audio_Moth_6_20250321_080326.wav,Audio_Moth_6,2025-03-21 08:00:00,Hylopezus perspicillatus_Streak-chested Antpitta,0.30456832,0.021104251965880394,Hylopezus perspicillatus_Streak-chested Antpitta,0.3045617341995239,Hylopezus perspicillatus_Streak-chested Antpitta,0.3045617341995239,0.3045617341995239,True,True,True,Hylopezus perspicillatus_Streak-chested Antpitta,1,Hylopezus perspicillatus_Streak-chested Antpitta,0.30408236384391785,Hylopezus perspicillatus_Streak-chested Antpitta,0.30408236384391785,0.30408236384391785,True,True,True,Hylopezus perspicillatus_Streak-chested Antpitta,1,True
Audio_Moth_6_20250321_080347.wav,Audio_Moth_6,2025-03-21 08:00:00,Phaethornis striigularis_Stripe-throated Hermit,0.59519243,0.024749865755438805,Phaethornis striigularis_Stripe-throated Hermit,0.5951836705207825,Phaethornis striigularis_Stripe-throated Hermit,0.5951836705207825,0.5951836705207825,True,True,True,Phaethornis striigularis_Stripe-throated Hermit,1,Phaethornis striigularis_Stripe-throated Hermit,0.5991368293762207,Phaethornis striigularis_Stripe-throated Hermit,0.5991368293762207,0.5991368293762207,True,True,False,Phaethornis striigularis_Stripe-throated Hermit,1,True
Audio_Moth_6_20250321_080402.wav,Audio_Moth_6,2025-03-21 08:00:00,Hylopezus perspicillatus_Streak-chested Antpitta,0.48416993,0.019229454919695854,Hylopezus perspicillatus_Streak-chested Antpitta,0.48417001962661743,Hylopezus perspicillatus_Streak-chested Antpitta,0.48417001962661743,0.48417001962661743,True,True,True,Hylopezus perspicillatus_Streak-chested Antpitta,1,Hylopezus perspicillatus_Streak-chested Antpitta,0.48658642172813416,Hylopezus perspicillatus_Streak-chested Antpitta,0.48658642172813416,0.48658642172813416,True,True,False,Hylopezus perspicillatus_Streak-chested Antpitta,1,True
Audio_Moth_6_20250321_080441.wav,Audio_Moth_6,2025-03-21 08:00:00,Hylopezus perspicillatus_Streak-chested Antpitta,0.4043698,0.018549636006355286,Hylopezus perspicillatus_Streak-chested Antpitta,0.4043692648410797,Hylopezus perspicillatus_Streak-chested Antpitta,0.4043692648410797,0.4043692648410797,True,True,True,Hylopezus perspicillatus_Streak-chested Antpitta,1,Hylopezus perspicillatus_Streak-chested Antpitta,0.40524789690971375,Hylopezus perspicillatus_Streak-chested Antpitta,0.40524789690971375,0.40524789690971375,True,True,True,Hylopezus perspicillatus_Streak-chested Antpitta,1,True
Audio_Moth_6_20250321_080502.wav,Audio_Moth_6,2025-03-21 08:00:00,Hylopezus perspicillatus_Streak-chested Antpitta,0.2864662,0.01729993335902691,Hylopezus perspicillatus_Streak-chested Antpitta,0.28646525740623474,Hylopezus perspicillatus_Streak-chested Antpitta,0.28646525740623474,0.28646525740623474,True,True,True,Hylopezus perspicillatus_Streak-chested Antpitta,1,Hylopezus perspicillatus_Streak-chested Antpitta,0.28678128123283386,Hylopezus perspicillatus_Streak-chested Antpitta,0.28678128123283386,0.28678128123283386,True,True,True,Hylopezus perspicillatus_Streak-chested Antpitta,1,True
Audio_Moth_6_20250321_080511.wav,Audio_Moth_6,2025-03-21 08:00:00,Hylopezus perspicillatus_Streak-chested Antpitta,0.25425836,0.01731906272470951,Hylopezus perspicillatus_Streak-chested Antpitta,0.2542577385902405,Hylopezus perspicillatus_Streak-chested Antpitta,0.2542577385902405,0.2542577385902405,True,True,True,Hylopezus perspicillatus_Streak-chested Antpitta,1,Hylopezus perspicillatus_Streak-chested Antpitta,0.2548236548900604,Hylopezus perspicillatus_Streak-chested Antpitta,0.2548236548900604,0.2548236548900604,True,True,True,Hylopezus perspicillatus_Streak-chested Antpitta,1,True
Audio_Moth_6_20250321_080538.wav,Audio_Moth_6,2025-03-21 08:00:00,Hylopezus perspicillatus_Streak-chested Antpitta,0.2642574,0.020188307389616966,Hylopezus perspicillatus_Streak-chested Antpitta,0.2642563581466675,Hylopezus perspicillatus_Streak-chested Antpitta,0.2642563581466675,0.2642563581466675,True,True,True,Hylopezus perspicillatus_Streak-chested Antpitta,1,Hylopezus perspicillatus_Streak-chested Antpitta,0.2646142542362213,Hylopezus perspicillatus_Streak-chested Antpitta,0.2646142542362213,0.2646142542362213,True,True,True,Hylopezus perspicillatus_Streak-chested Antpitta,1,True
Audio_Moth_6_20250321_080650.wav,Audio_Moth_6,2025-03-21 08:00:00,Hylopezus perspicillatus_Streak-chested Antpitta,0.30849418,0.01968320645391941,Hylopezus perspicillatus_Streak-chested Antpitta,0.30849549174308777,Hylopezus perspicillatus_Streak-chested Antpitta,0.30849549174308777,0.30849549174308777,True,True,True,Hylopezus perspicillatus_Streak-chested Antpitta,1,Hylopezus perspicillatus_Streak-chested Antpitta,0.30906766653060913,Hylopezus perspicillatus_Streak-chested Antpitta,0.30906766653060913,0.30906766653060913,True,True,True,Hylopezus perspicillatus_Streak-chested Antpitta,1,True
Audio_Moth_6_20250321_080659.wav,Audio_Moth_6,2025-03-21 08:00:00,Hylopezus perspicillatus_Streak-chested Antpitta,0.25583804,0.020030055195093155,Hylopezus perspicillatus_Streak-chested Antpitta,0.25583964586257935,Hylopezus perspicillatus_Streak-chested Antpitta,0.25583964586257935,0.25583964586257935,True,True,True,Hylopezus perspicillatus_Streak-chested Antpitta,1,Hylopezus perspicillatus_Streak-chested Antpitta,0.258719801902771,Hylopezus perspicillatus_Streak-chested Antpitta,0.258719801902771,0.258719801902771,True,True,False,Hylopezus perspicillatus_Streak-chested Antpitta,1,True
Audio_Moth_6_20250321_080729.wav,Audio_Moth_6,2025-03-21 08:00:00,Hylopezus perspicillatus_Streak-chested Antpitta,0.28342828,0.021498356014490128,Hylopezus perspicillatus_Streak-chested Antpitta,0.28342631459236145,Hylopezus perspicillatus_Streak-chested Antpitta,0.28342631459236145,0.28342631459236145,True,True,True,Hylopezus perspicillatus_Streak-chested Antpitta,1,Hylopezus perspicillatus_Streak-chested Antpitta,0.28384214639663696,Hylopezus perspicillatus_Streak-chested Antpitta,0.28384214639663696,0.28384214639663696,True,True,True,Hylopezus perspicillatus_Streak-chested Antpitta,1,True
Audio_Moth_6_20250321_080738.wav,Audio_Moth_6,2025-03-21 08:00:00,Malacoptila panamensis_White-whiskered Puffbird,0.2549484,0.023441534489393234,Malacoptila panamensis_White-whiskered Puffbird,0.2549494504928589,Malacoptila panamensis_White-whiskered Puffbird,0.2549494504928589,0.2549494504928589,True,True,True,Malacoptila panamensis_White-whiskered Puffbird,1,Malacoptila panamensis_White-whiskered Puffbird,0.2563346028327942,Malacoptila panamensis_White-whiskered Puffbird,0.2563346028327942,0.2563346028327942,True,True,False,Malacoptila panamensis_White-whiskered Puffbird,1,True
Audio_Moth_6_20250321_080826.wav,Audio_Moth_6,2025-03-21 08:00:00,Hylopezus perspicillatus_Streak-chested Antpitta,0.304708,0.025026565417647362,Hylopezus perspicillatus_Streak-chested Antpitta,0.3047092854976654,Hylopezus perspicillatus_Streak-chested Antpitta,0.3047092854976654,0.3047092854976654,True,True,True,Hylopezus perspicillatus_Streak-chested Antpitta,1,Hylopezus perspicillatus_Streak-chested Antpitta,0.30637097358703613,Hylopezus perspicillatus_Streak-chested Antpitta,0.30637097358703613,0.30637097358703613,True,True,False,Hylopezus perspicillatus_Streak-chested Antpitta,1,True
Audio_Moth_6_20250321_080908.wav,Audio_Moth_6,2025-03-21 08:00:00,Hylopezus perspicillatus_Streak-chested Antpitta,0.4059281,0.021862994879484177,Hylopezus perspicillatus_Streak-chested Antpitta,0.40592414140701294,Hylopezus perspicillatus_Streak-chested Antpitta,0.40592414140701294,0.40592414140701294,True,True,True,Hylopezus perspicillatus_Streak-chested Antpitta,1,Hylopezus perspicillatus_Streak-chested Antpitta,0.4076564610004425,Hylopezus perspicillatus_Streak-chested Antpitta,0.4076564610004425,0.4076564610004425,True,True,False,Hylopezus perspicillatus_Streak-chested Antpitta,1,True
Audio_Moth_6_20250321_081008.wav,Audio_Moth_6,2025-03-21 08:00:00,Hylopezus perspicillatus_Streak-chested Antpitta,0.32283014,0.020365899428725243,Hylopezus perspicillatus_Streak-chested Antpitta,0.32283011078834534,Hylopezus perspicillatus_Streak-chested Antpitta,0.32283011078834534,0.32283011078834534,True,True,True,Hylopezus perspicillatus_Streak-chested Antpitta,1,Hylopezus perspicillatus_Streak-chested Antpitta,0.32382646203041077,Hylopezus perspicillatus_Streak-chested Antpitta,0.32382646203041077,0.32382646203041077,True,True,True,Hylopezus perspicillatus_Streak-chested Antpitta,1,True
Audio_Moth_6_20250321_081041.wav,Audio_Moth_6,2025-03-21 08:00:00,Hylopezus perspicillatus_Streak-chested Antpitta,0.3188287,0.021115047857165337,Hylopezus perspicillatus_Streak-chested Antpitta,0.3188270032405853,Hylopezus perspicillatus_Streak-chested Antpitta,0.3188270032405853,0.3188270032405853,True,True,True,Hylopezus perspicillatus_Streak-chested Antpitta,1,Hylopezus perspicillatus_Streak-chested Antpitta,0.32256829738616943,Hylopezus perspicillatus_Streak-chested Antpitta,0.32256829738616943,0.32256829738616943,True,True,False,Hylopezus perspicillatus_Streak-chested Antpitta,1,True
Audio_Moth_6_20250321_081044.wav,Audio_Moth_6,2025-03-21 08:00:00,Hylopezus perspicillatus_Streak-chested Antpitta,0.6643857,0.021703388541936874,Hylopezus perspicillatus_Streak-chested Antpitta,0.6643837094306946,Hylopezus perspicillatus_Streak-chested Antpitta,0.6643837094306946,0.6643837094306946,True,True,True,Hylopezus perspicillatus_Streak-chested Antpitta,1,Hylopezus perspicillatus_Streak-chested Antpitta,0.6656151413917542,Hylopezus perspicillatus_Streak-chested Antpitta,0.6656151413917542,0.6656151413917542,True,True,False,Hylopezus perspicillatus_Streak-chested Antpitta,1,True
Audio_Moth_6_20250321_081053.wav,Audio_Moth_6,2025-03-21 08:00:00,Hylopezus perspicillatus_Streak-chested Antpitta,0.41722903,0.023257551714777946,Hylopezus perspicillatus_Streak-chested Antpitta,0.4172266125679016,Hylopezus perspicillatus_Streak-chested Antpitta,0.4172266125679016,0.4172266125679016,True,True,True,Hylopezus perspicillatus_Streak-chested Antpitta,1,Hylopezus perspicillatus_Streak-chested Antpitta,0.41794151067733765,Hylopezus perspicillatus_Streak-chested Antpitta,0.41794151067733765,0.41794151067733765,True,True,True,Hylopezus perspicillatus_Streak-chested Antpitta,1,True
Audio_Moth_6_20250321_081056.wav,Audio_Moth_6,2025-03-21 08:00:00,Hylopezus perspicillatus_Streak-chested Antpitta,0.26955172,0.020888496190309525,Hylopezus perspicillatus_Streak-chested Antpitta,0.26954835653305054,Hylopezus perspicillatus_Streak-chested Antpitta,0.26954835653305054,0.26954835653305054,True,True,True,Hylopezus perspicillatus_Streak-chested Antpitta,1,Hylopezus perspicillatus_Streak-chested Antpitta,0.2693888545036316,Hylopezus perspicillatus_Streak-chested Antpitta,0.2693888545036316,0.2693888545036316,True,True,True,Hylopezus perspicillatus_Streak-chested Antpitta,1,True
Audio_Moth_6_20250321_081105.wav,Audio_Moth_6,2025-03-21 08:00:00,Hylopezus perspicillatus_Streak-chested Antpitta,0.3780494,0.024473797529935837,Hylopezus perspicillatus_Streak-chested Antpitta,0.37804538011550903,Hylopezus perspicillatus_Streak-chested Antpitta,0.37804538011550903,0.37804538011550903,True,True,True,Hylopezus perspicillatus_Streak-chested Antpitta,1,Hylopezus perspicillatus_Streak-chested Antpitta,0.37758588790893555,Hylopezus perspicillatus_Streak-chested Antpitta,0.37758588790893555,0.37758588790893555,True,True,True,Hylopezus perspicillatus_Streak-chested Antpitta,1,True
Audio_Moth_6_20250321_081117.wav,Audio_Moth_6,2025-03-21 08:00:00,Hylopezus perspicillatus_Streak-chested Antpitta,0.46136233,0.022248204797506332,Hylopezus perspicillatus_Streak-chested Antpitta,0.4613666832447052,Hylopezus perspicillatus_Streak-chested Antpitta,0.4613666832447052,0.4613666832447052,True,True,True,Hylopezus perspicillatus_Streak-chested Antpitta,1,Hylopezus perspicillatus_Streak-chested Antpitta,0.4619625508785248,Hylopezus perspicillatus_Streak-chested Antpitta,0.4619625508785248,0.4619625508785248,True,True,True,Hylopezus perspicillatus_Streak-chested Antpitta,1,True
Audio_Moth_6_20250321_081120.wav,Audio_Moth_6,2025-03-21 08:00:00,Hylopezus perspicillatus_Streak-chested Antpitta,0.65051985,0.023281695321202278,Hylopezus perspicillatus_Streak-chested Antpitta,0.6505226492881775,Hylopezus perspicillatus_Streak-chested Antpitta,0.6505226492881775,0.6505226492881775,True,True,True,Hylopezus perspicillatus_Streak-chested Antpitta,1,Hylopezus perspicillatus_Streak-chested Antpitta,0.6514111161231995,Hylopezus perspicillatus_Streak-chested Antpitta,0.6514111161231995,0.6514111161231995,True,True,True,Hylopezus perspicillatus_Streak-chested Antpitta,1,True
Audio_Moth_6_20250321_081123.wav,Audio_Moth_6,2025-03-21 08:00:00,Hylopezus perspicillatus_Streak-chested Antpitta,0.30979863,0.02634371444582939,Hylopezus perspicillatus_Streak-chested Antpitta,0.3097932040691376,Hylopezus perspicillatus_Streak-chested Antpitta,0.3097932040691376,0.3097932040691376,True,True,True,Hylopezus perspicillatus_Streak-chested Antpitta,1,Hylopezus perspicillatus_Streak-chested Antpitta,0.30840060114860535,Hylopezus perspicillatus_Streak-chested Antpitta,0.30840060114860535,0.30840060114860535,True,True,False,Hylopezus perspicillatus_Streak-chested Antpitta,1,True
Audio_Moth_6_20250321_081141.wav,Audio_Moth_6,2025-03-21 08:00:00,Hylopezus perspicillatus_Streak-chested Antpitta,0.51257336,0.02731134556233883,Hylopezus perspicillatus_Streak-chested Antpitta,0.5125764012336731,Hylopezus perspicillatus_Streak-chested Antpitta,0.5125764012336731,0.5125764012336731,True,True,True,Hylopezus perspicillatus_Streak-chested Antpitta,1,Hylopezus perspicillatus_Streak-chested Antpitta,0.5151787400245667,Hylopezus perspicillatus_Streak-chested Antpitta,0.5151787400245667,0.5151787400245667,True,True,False,Hylopezus perspicillatus_Streak-chested Antpitta,1,True
Audio_Moth_6_20250321_081144.wav,Audio_Moth_6,2025-03-21 08:00:00,Hylopezus perspicillatus_Streak-chested Antpitta,0.29145488,0.024106334894895554,Hylopezus perspicillatus_Streak-chested Antpitta,0.29145264625549316,Hylopezus perspicillatus_Streak-chested Antpitta,0.29145264625549316,0.29145264625549316,True,True,True,Hylopezus perspicillatus_Streak-chested Antpitta,1,Hylopezus perspicillatus_Streak-chested Antpitta,0.29184257984161377,Hylopezus perspicillatus_Streak-chested Antpitta,0.29184257984161377,0.29184257984161377,True,True,True,Hylopezus perspicillatus_Streak-chested Antpitta,1,True
Audio_Moth_6_20250321_081147.wav,Audio_Moth_6,2025-03-21 08:00:00,Hylopezus perspicillatus_Streak-chested Antpitta,0.3751228,0.027240201830863953,Hylopezus perspicillatus_Streak-chested Antpitta,0.3751164376735687,Hylopezus perspicillatus_Streak-chested Antpitta,0.3751164376735687,0.3751164376735687,True,True,True,Hylopezus perspicillatus_Streak-chested Antpitta,1,Hylopezus perspicillatus_Streak-chested Antpitta,0.37763121724128723,Hylopezus perspicillatus_Streak-chested Antpitta,0.37763121724128723,0.37763121724128723,True,True,False,Hylopezus perspicillatus_Streak-chested Antpitta,1,True
Audio_Moth_6_20250321_081159.wav,Audio_Moth_6,2025-03-21 08:00:00,Hylopezus perspicillatus_Streak-chested Antpitta,0.44045225,0.02482416294515133,Hylopezus perspicillatus_Streak-chested Antpitta,0.44045254588127136,Hylopezus perspicillatus_Streak-chested Antpitta,0.44045254588127136,0.44045254588127136,True,True,True,Hylopezus perspicillatus_Streak-chested Antpitta,1,Hylopezus perspicillatus_Streak-chested Antpitta,0.43709129095077515,Hylopezus perspicillatus_Streak-chested Antpitta,0.43709129095077515,0.43709129095077515,True,True,False,Hylopezus perspicillatus_Streak-chested Antpitta,1,True
Audio_Moth_6_20250321_081208.wav,Audio_Moth_6,2025-03-21 08:00:00,Hylopezus perspicillatus_Streak-chested Antpitta,0.34545773,0.022456949576735497,Hylopezus perspicillatus_Streak-chested Antpitta,0.3454577624797821,Hylopezus perspicillatus_Streak-chested Antpitta,0.3454577624797821,0.3454577624797821,True,True,True,Hylopezus perspicillatus_Streak-chested Antpitta,1,Hylopezus perspicillatus_Streak-chested Antpitta,0.3443571627140045,Hylopezus perspicillatus_Streak-chested Antpitta,0.3443571627140045,0.3443571627140045,True,True,False,Hylopezus perspicillatus_Streak-chested Antpitta,1,True
Audio_Moth_6_20250321_081211.wav,Audio_Moth_6,2025-03-21 08:00:00,Hylopezus perspicillatus_Streak-chested Antpitta,0.52046764,0.026107383891940117,Hylopezus perspicillatus_Streak-chested Antpitta,0.5204678177833557,Hylopezus perspicillatus_Streak-chested Antpitta,0.5204678177833557,0.5204678177833557,True,True,True,Hylopezus perspicillatus_Streak-chested Antpitta,1,Hylopezus perspicillatus_Streak-chested Antpitta,0.5173290371894836,Hylopezus perspicillatus_Streak-chested Antpitta,0.5173290371894836,0.5173290371894836,True,True,False,Hylopezus perspicillatus_Streak-chested Antpitta,1,True
Audio_Moth_6_20250321_081226.wav,Audio_Moth_6,2025-03-21 08:00:00,Hylopezus perspicillatus_Streak-chested Antpitta,0.41489372,0.02902858331799507,Hylopezus perspicillatus_Streak-chested Antpitta,0.4148971140384674,Hylopezus perspicillatus_Streak-chested Antpitta,0.4148971140384674,0.4148971140384674,True,True,True,Hylopezus perspicillatus_Streak-chested Antpitta,1,Hylopezus perspicillatus_Streak-chested Antpitta,0.4139379858970642,Hylopezus perspicillatus_Streak-chested Antpitta,0.4139379858970642,0.4139379858970642,True,True,True,Hylopezus perspicillatus_Streak-chested Antpitta,1,True
Audio_Moth_6_20250321_081302.wav,Audio_Moth_6,2025-03-21 08:00:00,Hylopezus perspicillatus_Streak-chested Antpitta,0.35104346,0.02508600987493992,Hylopezus perspicillatus_Streak-chested Antpitta,0.35104337334632874,Hylopezus perspicillatus_Streak-chested Antpitta,0.35104337334632874,0.35104337334632874,True,True,True,Hylopezus perspicillatus_Streak-chested Antpitta,1,Hylopezus perspicillatus_Streak-chested Antpitta,0.35167574882507324,Hylopezus perspicillatus_Streak-chested Antpitta,0.35167574882507324,0.35167574882507324,True,True,True,Hylopezus perspicillatus_Streak-chested Antpitta,1,True
Audio_Moth_6_20250321_081305.wav,Audio_Moth_6,2025-03-21 08:00:00,Tachyphonus delatrii_Tawny-crested Tanager,0.2808818,0.02712859772145748,Tachyphonus delatrii_Tawny-crested Tanager,0.28088366985321045,Tachyphonus delatrii_Tawny-crested Tanager,0.28088366985321045,0.28088366985321045,True,True,True,Hylopezus perspicillatus_Streak-chested Antpitta;Tachyphonus delatrii_Tawny-crested Tanager,2,Tachyphonus delatrii_Tawny-crested Tanager,0.28256964683532715,Tachyphonus delatrii_Tawny-crested Tanager,0.28256964683532715,0.28256964683532715,True,True,False,Hylopezus perspicillatus_Streak-chested Antpitta;Tachyphonus delatrii_Tawny-crested Tanager,2,True
Audio_Moth_6_20250321_081335.wav,Audio_Moth_6,2025-03-21 08:00:00,Hylopezus perspicillatus_Streak-chested Antpitta,0.36571002,0.014635923318564892,Hylopezus perspicillatus_Streak-chested Antpitta,0.3657108545303345,Hylopezus perspicillatus_Streak-chested Antpitta,0.3657108545303345,0.3657108545303345,True,True,True,Hylopezus perspicillatus_Streak-chested Antpitta,1,Hylopezus perspicillatus_Streak-chested Antpitta,0.36543402075767517,Hylopezus perspicillatus_Streak-chested Antpitta,0.36543402075767517,0.36543402075767517,True,True,True,Hylopezus perspicillatus_Streak-chested Antpitta,1,True
Audio_Moth_6_20250321_081341.wav,Audio_Moth_6,2025-03-21 08:00:00,Hylopezus perspicillatus_Streak-chested Antpitta,0.43146083,0.013892828486859798,Hylopezus perspicillatus_Streak-chested Antpitta,0.43145886063575745,Hylopezus perspicillatus_Streak-chested Antpitta,0.43145886063575745,0.43145886063575745,True,True,True,Hylopezus perspicillatus_Streak-chested Antpitta,1,Hylopezus perspicillatus_Streak-chested Antpitta,0.4313219487667084,Hylopezus perspicillatus_Streak-chested Antpitta,0.4313219487667084,0.4313219487667084,True,True,True,Hylopezus perspicillatus_Streak-chested Antpitta,1,True
Audio_Moth_6_20250321_081344.wav,Audio_Moth_6,2025-03-21 08:00:00,Hylopezus perspicillatus_Streak-chested Antpitta,0.30779663,0.015670321881771088,Hylopezus perspicillatus_Streak-chested Antpitta,0.30779269337654114,Hylopezus perspicillatus_Streak-chested Antpitta,0.30779269337654114,0.30779269337654114,True,True,True,Hylopezus perspicillatus_Streak-chested Antpitta,1,Hylopezus perspicillatus_Streak-chested Antpitta,0.306381493806839,Hylopezus perspicillatus_Streak-chested Antpitta,0.306381493806839,0.306381493806839,True,True,False,Hylopezus perspicillatus_Streak-chested Antpitta,1,True
Audio_Moth_6_20250321_081347.wav,Audio_Moth_6,2025-03-21 08:00:00,Arremon aurantiirostris_Orange-billed Sparrow,0.40684092,0.01764361374080181,Arremon aurantiirostris_Orange-billed Sparrow,0.406838983297348,Arremon aurantiirostris_Orange-billed Sparrow,0.406838983297348,0.406838983297348,True,True,True,Arremon aurantiirostris_Orange-billed Sparrow,1,Arremon aurantiirostris_Orange-billed Sparrow,0.40551647543907166,Arremon aurantiirostris_Orange-billed Sparrow,0.40551647543907166,0.40551647543907166,True,True,False,Arremon aurantiirostris_Orange-billed Sparrow,1,True
Audio_Moth_6_20250321_081353.wav,Audio_Moth_6,2025-03-21 08:00:00,Hylopezus perspicillatus_Streak-chested Antpitta,0.27039355,0.017351770773530006,Hylopezus perspicillatus_Streak-chested Antpitta,0.2703917920589447,Hylopezus perspicillatus_Streak-chested Antpitta,0.2703917920589447,0.2703917920589447,True,True,True,Hylopezus perspicillatus_Streak-chested Antpitta,1,Hylopezus perspicillatus_Streak-chested Antpitta,0.26973456144332886,Hylopezus perspicillatus_Streak-chested Antpitta,0.26973456144332886,0.26973456144332886,True,True,True,Hylopezus perspicillatus_Streak-chested Antpitta,1,True
Audio_Moth_6_20250321_081356.wav,Audio_Moth_6,2025-03-21 08:00:00,Hylopezus perspicillatus_Streak-chested Antpitta,0.25637278,0.01604398712515831,Hylopezus perspicillatus_Streak-chested Antpitta,0.25637349486351013,Hylopezus perspicillatus_Streak-chested Antpitta,0.25637349486351013,0.25637349486351013,True,True,True,Hylopezus perspicillatus_Streak-chested Antpitta,1,Hylopezus perspicillatus_Streak-chested Antpitta,0.2562713623046875,Hylopezus perspicillatus_Streak-chested Antpitta,0.2562713623046875,0.2562713623046875,True,True,True,Hylopezus perspicillatus_Streak-chested Antpitta,1,True
Audio_Moth_6_20250321_081359.wav,Audio_Moth_6,2025-03-21 08:00:00,Hylopezus perspicillatus_Streak-chested Antpitta,0.36360592,0.01776898093521595,Hylopezus perspicillatus_Streak-chested Antpitta,0.36360931396484375,Hylopezus perspicillatus_Streak-chested Antpitta,0.36360931396484375,0.36360931396484375,True,True,True,Hylopezus perspicillatus_Streak-chested Antpitta,1,Hylopezus perspicillatus_Streak-chested Antpitta,0.3626100420951843,Hylopezus perspicillatus_Streak-chested Antpitta,0.3626100420951843,0.3626100420951843,True,True,True,Hylopezus perspicillatus_Streak-chested Antpitta,1,True
Audio_Moth_6_20250321_081405.wav,Audio_Moth_6,2025-03-21 08:00:00,Hylopezus perspicillatus_Streak-chested Antpitta,0.25275126,0.016347616910934448,Hylopezus perspicillatus_Streak-chested Antpitta,0.25275135040283203,Hylopezus perspicillatus_Streak-chested Antpitta,0.25275135040283203,0.25275135040283203,True,True,True,Hylopezus perspicillatus_Streak-chested Antpitta,1,Hylopezus perspicillatus_Streak-chested Antpitta,0.25541332364082336,Hylopezus perspicillatus_Streak-chested Antpitta,0.25541332364082336,0.25541332364082336,True,True,False,Hylopezus perspicillatus_Streak-chested Antpitta,1,True
Audio_Moth_6_20250321_081505.wav,Audio_Moth_6,2025-03-21 08:00:00,Hylopezus perspicillatus_Streak-chested Antpitta,0.3112269,0.013981446623802185,Hylopezus perspicillatus_Streak-chested Antpitta,0.3112279176712036,Hylopezus perspicillatus_Streak-chested Antpitta,0.3112279176712036,0.3112279176712036,True,True,True,Hylopezus perspicillatus_Streak-chested Antpitta,1,Hylopezus perspicillatus_Streak-chested Antpitta,0.31282082200050354,Hylopezus perspicillatus_Streak-chested Antpitta,0.31282082200050354,0.31282082200050354,True,True,False,Hylopezus perspicillatus_Streak-chested Antpitta,1,True
Audio_Moth_6_20250321_081517.wav,Audio_Moth_6,2025-03-21 08:00:00,Chlorestes eliciae_Blue-throated Goldentail,0.26761,0.01734863594174385,Chlorestes eliciae_Blue-throated Goldentail,0.26761364936828613,Chlorestes eliciae_Blue-throated Goldentail,0.26761364936828613,0.26761364936828613,True,True,True,Chlorestes eliciae_Blue-throated Goldentail,1,Chlorestes eliciae_Blue-throated Goldentail,0.26797622442245483,Chlorestes eliciae_Blue-throated Goldentail,0.26797622442245483,0.26797622442245483,True,True,True,Chlorestes eliciae_Blue-throated Goldentail,1,True
Audio_Moth_6_20250321_081544.wav,Audio_Moth_6,2025-03-21 08:00:00,Hylopezus perspicillatus_Streak-chested Antpitta,0.33282283,0.015149020589888096,Hylopezus perspicillatus_Streak-chested Antpitta,0.33282193541526794,Hylopezus perspicillatus_Streak-chested Antpitta,0.33282193541526794,0.33282193541526794,True,True,True,Hylopezus perspicillatus_Streak-chested Antpitta,1,Hylopezus perspicillatus_Streak-chested Antpitta,0.33222776651382446,Hylopezus perspicillatus_Streak-chested Antpitta,0.33222776651382446,0.33222776651382446,True,True,True,Hylopezus perspicillatus_Streak-chested Antpitta,1,True
Audio_Moth_6_20250321_081550.wav,Audio_Moth_6,2025-03-21 08:00:00,Hylopezus perspicillatus_Streak-chested Antpitta,0.25597164,0.016382547095417976,Hylopezus perspicillatus_Streak-chested Antpitta,0.25597190856933594,Hylopezus perspicillatus_Streak-chested Antpitta,0.25597190856933594,0.25597190856933594,True,True,True,Hylopezus perspicillatus_Streak-chested Antpitta,1,Hylopezus perspicillatus_Streak-chested Antpitta,0.2572208046913147,Hylopezus perspicillatus_Streak-chested Antpitta,0.2572208046913147,0.2572208046913147,True,True,False,Hylopezus perspicillatus_Streak-chested Antpitta,1,True
Audio_Moth_6_20250321_081608.wav,Audio_Moth_6,2025-03-21 08:00:00,Hylopezus perspicillatus_Streak-chested Antpitta,0.2536282,0.01366398110985756,Hylopezus perspicillatus_Streak-chested Antpitta,0.25362923741340637,Hylopezus perspicillatus_Streak-chested Antpitta,0.25362923741340637,0.25362923741340637,True,True,True,Hylopezus perspicillatus_Streak-chested Antpitta,1,Hylopezus perspicillatus_Streak-chested Antpitta,0.2533937394618988,Hylopezus perspicillatus_Streak-chested Antpitta,0.2533937394618988,0.2533937394618988,True,True,True,Hylopezus perspicillatus_Streak-chested Antpitta,1,True
Audio_Moth_6_20250321_081611.wav,Audio_Moth_6,2025-03-21 08:00:00,Hylopezus perspicillatus_Streak-chested Antpitta,0.27900353,0.014765163883566856,Hylopezus perspicillatus_Streak-chested Antpitta,0.27900704741477966,Hylopezus perspicillatus_Streak-chested Antpitta,0.27900704741477966,0.27900704741477966,True,True,True,Hylopezus perspicillatus_Streak-chested Antpitta,1,Hylopezus perspicillatus_Streak-chested Antpitta,0.2782367765903473,Hylopezus perspicillatus_Streak-chested Antpitta,0.2782367765903473,0.2782367765903473,True,True,True,Hylopezus perspicillatus_Streak-chested Antpitta,1,True
Audio_Moth_6_20250321_081614.wav,Audio_Moth_6,2025-03-21 08:00:00,Hylopezus perspicillatus_Streak-chested Antpitta,0.5806638,0.01298082247376442,Hylopezus perspicillatus_Streak-chested Antpitta,0.5806636810302734,Hylopezus perspicillatus_Streak-chested Antpitta,0.5806636810302734,0.5806636810302734,True,True,True,Hylopezus perspicillatus_Streak-chested Antpitta,1,Hylopezus perspicillatus_Streak-chested Antpitta,0.5851840972900391,Hylopezus perspicillatus_Streak-chested Antpitta,0.5851840972900391,0.5851840972900391,True,True,False,Hylopezus perspicillatus_Streak-chested Antpitta,1,True
Audio_Moth_6_20250321_081620.wav,Audio_Moth_6,2025-03-21 08:00:00,Hylopezus perspicillatus_Streak-chested Antpitta,0.44857734,0.01617860235273838,Hylopezus perspicillatus_Streak-chested Antpitta,0.4485797882080078,Hylopezus perspicillatus_Streak-chested Antpitta,0.4485797882080078,0.4485797882080078,True,True,True,Hylopezus perspicillatus_Streak-chested Antpitta,1,Hylopezus perspicillatus_Streak-chested Antpitta,0.4484029710292816,Hylopezus perspicillatus_Streak-chested Antpitta,0.4484029710292816,0.4484029710292816,True,True,True,Hylopezus perspicillatus_Streak-chested Antpitta,1,True
Audio_Moth_6_20250321_081629.wav,Audio_Moth_6,2025-03-21 08:00:00,Hylopezus perspicillatus_Streak-chested Antpitta,0.25061914,0.015391815453767776,Hylopezus perspicillatus_Streak-chested Antpitta,0.2506197988986969,Hylopezus perspicillatus_Streak-chested Antpitta,0.2506197988986969,0.2506197988986969,True,True,True,Hylopezus perspicillatus_Streak-chested Antpitta,1,Hylopezus perspicillatus_Streak-chested Antpitta,0.25108397006988525,Hylopezus perspicillatus_Streak-chested Antpitta,0.25108397006988525,0.25108397006988525,True,True,True,Hylopezus perspicillatus_Streak-chested Antpitta,1,True
Audio_Moth_6_20250321_081632.wav,Audio_Moth_6,2025-03-21 08:00:00,Hylopezus perspicillatus_Streak-chested Antpitta,0.61990327,0.013755233027040958,Hylopezus perspicillatus_Streak-chested Antpitta,0.6199007630348206,Hylopezus perspicillatus_Streak-chested Antpitta,0.6199007630348206,0.6199007630348206,True,True,True,Hylopezus perspicillatus_Streak-chested Antpitta,1,Hylopezus perspicillatus_Streak-chested Antpitta,0.6213010549545288,Hylopezus perspicillatus_Streak-chested Antpitta,0.6213010549545288,0.6213010549545288,True,True,False,Hylopezus perspicillatus_Streak-chested Antpitta,1,True
Audio_Moth_6_20250321_081641.wav,Audio_Moth_6,2025-03-21 08:00:00,Hylopezus perspicillatus_Streak-chested Antpitta,0.38349092,0.0152072599157691,Hylopezus perspicillatus_Streak-chested Antpitta,0.38349270820617676,Hylopezus perspicillatus_Streak-chested Antpitta,0.38349270820617676,0.38349270820617676,True,True,True,Hylopezus perspicillatus_Streak-chested Antpitta,1,Hylopezus perspicillatus_Streak-chested Antpitta,0.3841174244880676,Hylopezus perspicillatus_Streak-chested Antpitta,0.3841174244880676,0.3841174244880676,True,True,True,Hylopezus perspicillatus_Streak-chested Antpitta,1,True
Audio_Moth_6_20250321_081650.wav,Audio_Moth_6,2025-03-21 08:00:00,Hylopezus perspicillatus_Streak-chested Antpitta,0.28660536,0.015449821017682552,Hylopezus perspicillatus_Streak-chested Antpitta,0.2866084575653076,Hylopezus perspicillatus_Streak-chested Antpitta,0.2866084575653076,0.2866084575653076,True,True,True,Hylopezus perspicillatus_Streak-chested Antpitta,1,Hylopezus perspicillatus_Streak-chested Antpitta,0.2881695032119751,Hylopezus perspicillatus_Streak-chested Antpitta,0.2881695032119751,0.2881695032119751,True,True,False,Hylopezus perspicillatus_Streak-chested Antpitta,1,True
Audio_Moth_6_20250321_081659.wav,Audio_Moth_6,2025-03-21 08:00:00,Hylopezus perspicillatus_Streak-chested Antpitta,0.40633172,0.016455335542559624,Hylopezus perspicillatus_Streak-chested Antpitta,0.4063320457935333,Hylopezus perspicillatus_Streak-chested Antpitta,0.4063320457935333,0.4063320457935333,True,True,True,Hylopezus perspicillatus_Streak-chested Antpitta,1,Hylopezus perspicillatus_Streak-chested Antpitta,0.408227801322937,Hylopezus perspicillatus_Streak-chested Antpitta,0.408227801322937,0.408227801322937,True,True,False,Hylopezus perspicillatus_Streak-chested Antpitta,1,True
Audio_Moth_6_20250321_081708.wav,Audio_Moth_6,2025-03-21 08:00:00,Hylopezus perspicillatus_Streak-chested Antpitta,0.2587931,0.017618361860513687,Hylopezus perspicillatus_Streak-chested Antpitta,0.25878801941871643,Hylopezus perspicillatus_Streak-chested Antpitta,0.25878801941871643,0.25878801941871643,True,True,True,Hylopezus perspicillatus_Streak-chested Antpitta,1,Hylopezus perspicillatus_Streak-chested Antpitta,0.2584494948387146,Hylopezus perspicillatus_Streak-chested Antpitta,0.2584494948387146,0.2584494948387146,True,True,True,Hylopezus perspicillatus_Streak-chested Antpitta,1,True
Audio_Moth_6_20250321_081714.wav,Audio_Moth_6,2025-03-21 08:00:00,Hylopezus perspicillatus_Streak-chested Antpitta,0.36147055,0.01726369559764862,Hylopezus perspicillatus_Streak-chested Antpitta,0.36146843433380127,Hylopezus perspicillatus_Streak-chested Antpitta,0.36146843433380127,0.36146843433380127,True,True,True,Hylopezus perspicillatus_Streak-chested Antpitta,1,Hylopezus perspicillatus_Streak-chested Antpitta,0.36386293172836304,Hylopezus perspicillatus_Streak-chested Antpitta,0.36386293172836304,0.36386293172836304,True,True,False,Hylopezus perspicillatus_Streak-chested Antpitta,1,True
Audio_Moth_6_20250321_081741.wav,Audio_Moth_6,2025-03-21 08:00:00,Hylopezus perspicillatus_Streak-chested Antpitta,0.3023434,0.014987762086093426,Hylopezus perspicillatus_Streak-chested Antpitta,0.30234429240226746,Hylopezus perspicillatus_Streak-chested Antpitta,0.30234429240226746,0.30234429240226746,True,True,True,Hylopezus perspicillatus_Streak-chested Antpitta,1,Hylopezus perspicillatus_Streak-chested Antpitta,0.3037065267562866,Hylopezus perspicillatus_Streak-chested Antpitta,0.3037065267562866,0.3037065267562866,True,True,False,Hylopezus perspicillatus_Streak-chested Antpitta,1,True
Audio_Moth_6_20250321_081747.wav,Audio_Moth_6,2025-03-21 08:00:00,Hylopezus perspicillatus_Streak-chested Antpitta,0.55137897,0.01649181731045246,Hylopezus perspicillatus_Streak-chested Antpitta,0.5513768196105957,Hylopezus perspicillatus_Streak-chested Antpitta,0.5513768196105957,0.5513768196105957,True,True,True,Hylopezus perspicillatus_Streak-chested Antpitta,1,Hylopezus perspicillatus_Streak-chested Antpitta,0.5515949726104736,Hylopezus perspicillatus_Streak-chested Antpitta,0.5515949726104736,0.5515949726104736,True,True,True,Hylopezus perspicillatus_Streak-chested Antpitta,1,True
Audio_Moth_6_20250321_081808.wav,Audio_Moth_6,2025-03-21 08:00:00,Hylopezus perspicillatus_Streak-chested Antpitta,0.48616445,0.015632264316082,Hylopezus perspicillatus_Streak-chested Antpitta,0.4861640930175781,Hylopezus perspicillatus_Streak-chested Antpitta,0.4861640930175781,0.4861640930175781,True,True,True,Hylopezus perspicillatus_Streak-chested Antpitta,1,Hylopezus perspicillatus_Streak-chested Antpitta,0.488299697637558,Hylopezus perspicillatus_Streak-chested Antpitta,0.488299697637558,0.488299697637558,True,True,False,Hylopezus perspicillatus_Streak-chested Antpitta,1,True
Audio_Moth_6_20250321_081811.wav,Audio_Moth_6,2025-03-21 08:00:00,Hylopezus perspicillatus_Streak-chested Antpitta,0.82177776,0.013434328138828278,Hylopezus perspicillatus_Streak-chested Antpitta,0.8217790722846985,Hylopezus perspicillatus_Streak-chested Antpitta,0.8217790722846985,0.8217790722846985,True,True,True,Hylopezus perspicillatus_Streak-chested Antpitta,1,Hylopezus perspicillatus_Streak-chested Antpitta,0.8219471573829651,Hylopezus perspicillatus_Streak-chested Antpitta,0.8219471573829651,0.8219471573829651,True,True,True,Hylopezus perspicillatus_Streak-chested Antpitta,1,True
Audio_Moth_6_20250321_081814.wav,Audio_Moth_6,2025-03-21 08:00:00,Hylopezus perspicillatus_Streak-chested Antpitta,0.31621644,0.01700720377266407,Hylopezus perspicillatus_Streak-chested Antpitta,0.31621530652046204,Hylopezus perspicillatus_Streak-chested Antpitta,0.31621530652046204,0.31621530652046204,True,True,True,Hylopezus perspicillatus_Streak-chested Antpitta,1,Hylopezus perspicillatus_Streak-chested Antpitta,0.3185599148273468,Hylopezus perspicillatus_Streak-chested Antpitta,0.3185599148273468,0.3185599148273468,True,True,False,Hylopezus perspicillatus_Streak-chested Antpitta,1,True
Audio_Moth_6_20250321_081817.wav,Audio_Moth_6,2025-03-21 08:00:00,Hylopezus perspicillatus_Streak-chested Antpitta,0.3060512,0.01623678393661976,Hylopezus perspicillatus_Streak-chested Antpitta,0.306052565574646,Hylopezus perspicillatus_Streak-chested Antpitta,0.306052565574646,0.306052565574646,True,True,True,Hylopezus perspicillatus_Streak-chested Antpitta,1,Hylopezus perspicillatus_Streak-chested Antpitta,0.30688077211380005,Hylopezus perspicillatus_Streak-chested Antpitta,0.30688077211380005,0.30688077211380005,True,True,True,Hylopezus perspicillatus_Streak-chested Antpitta,1,True
Audio_Moth_6_20250321_081820.wav,Audio_Moth_6,2025-03-21 08:00:00,Hylopezus perspicillatus_Streak-chested Antpitta,0.39147452,0.01374419778585434,Hylopezus perspicillatus_Streak-chested Antpitta,0.39147332310676575,Hylopezus perspicillatus_Streak-chested Antpitta,0.39147332310676575,0.39147332310676575,True,True,True,Hylopezus perspicillatus_Streak-chested Antpitta,1,Hylopezus perspicillatus_Streak-chested Antpitta,0.39083850383758545,Hylopezus perspicillatus_Streak-chested Antpitta,0.39083850383758545,0.39083850383758545,True,True,True,Hylopezus perspicillatus_Streak-chested Antpitta,1,True
Audio_Moth_6_20250321_081826.wav,Audio_Moth_6,2025-03-21 08:00:00,Hylopezus perspicillatus_Streak-chested Antpitta,0.301786,0.0173044353723526,Hylopezus perspicillatus_Streak-chested Antpitta,0.3017818331718445,Hylopezus perspicillatus_Streak-chested Antpitta,0.3017818331718445,0.3017818331718445,True,True,True,Hylopezus perspicillatus_Streak-chested Antpitta,1,Hylopezus perspicillatus_Streak-chested Antpitta,0.2997831702232361,Hylopezus perspicillatus_Streak-chested Antpitta,0.2997831702232361,0.2997831702232361,True,True,False,Hylopezus perspicillatus_Streak-chested Antpitta,1,True
Audio_Moth_6_20250321_081829.wav,Audio_Moth_6,2025-03-21 08:00:00,Hylopezus perspicillatus_Streak-chested Antpitta,0.26648182,0.01667420193552971,Hylopezus perspicillatus_Streak-chested Antpitta,0.2664794325828552,Hylopezus perspicillatus_Streak-chested Antpitta,0.2664794325828552,0.2664794325828552,True,True,True,Hylopezus perspicillatus_Streak-chested Antpitta,1,Hylopezus perspicillatus_Streak-chested Antpitta,0.26815491914749146,Hylopezus perspicillatus_Streak-chested Antpitta,0.26815491914749146,0.26815491914749146,True,True,False,Hylopezus perspicillatus_Streak-chested Antpitta,1,True
Audio_Moth_6_20250321_081832.wav,Audio_Moth_6,2025-03-21 08:00:00,Hylopezus perspicillatus_Streak-chested Antpitta,0.47385496,0.015251102857291698,Hylopezus perspicillatus_Streak-chested Antpitta,0.47385555505752563,Hylopezus perspicillatus_Streak-chested Antpitta,0.47385555505752563,0.47385555505752563,True,True,True,Hylopezus perspicillatus_Streak-chested Antpitta,1,Hylopezus perspicillatus_Streak-chested Antpitta,0.4745202958583832,Hylopezus perspicillatus_Streak-chested Antpitta,0.4745202958583832,0.4745202958583832,True,True,True,Hylopezus perspicillatus_Streak-chested Antpitta,1,True
Audio_Moth_6_20250321_081835.wav,Audio_Moth_6,2025-03-21 08:00:00,Hylopezus perspicillatus_Streak-chested Antpitta,0.49669328,0.015363117679953575,Hylopezus perspicillatus_Streak-chested Antpitta,0.49669432640075684,Hylopezus perspicillatus_Streak-chested Antpitta,0.49669432640075684,0.49669432640075684,True,True,True,Hylopezus perspicillatus_Streak-chested Antpitta,1,Hylopezus perspicillatus_Streak-chested Antpitta,0.49518147110939026,Hylopezus perspicillatus_Streak-chested Antpitta,0.49518147110939026,0.49518147110939026,True,True,False,Hylopezus perspicillatus_Streak-chested Antpitta,1,True
Audio_Moth_6_20250321_081838.wav,Audio_Moth_6,2025-03-21 08:00:00,Hylopezus perspicillatus_Streak-chested Antpitta,0.2741332,0.01959281601011753,Hylopezus perspicillatus_Streak-chested Antpitta,0.27413663268089294,Hylopezus perspicillatus_Streak-chested Antpitta,0.27413663268089294,0.27413663268089294,True,True,True,Hylopezus perspicillatus_Streak-chested Antpitta,1,Hylopezus perspicillatus_Streak-chested Antpitta,0.27493107318878174,Hylopezus perspicillatus_Streak-chested Antpitta,0.27493107318878174,0.27493107318878174,True,True,True,Hylopezus perspicillatus_Streak-chested Antpitta,1,True
Audio_Moth_6_20250321_081908.wav,Audio_Moth_6,2025-03-21 08:00:00,Hylopezus perspicillatus_Streak-chested Antpitta,0.28676686,0.01821025274693966,Hylopezus perspicillatus_Streak-chested Antpitta,0.28676557540893555,Hylopezus perspicillatus_Streak-chested Antpitta,0.28676557540893555,0.28676557540893555,True,True,True,Hylopezus perspicillatus_Streak-chested Antpitta,1,Hylopezus perspicillatus_Streak-chested Antpitta,0.2876177728176117,Hylopezus perspicillatus_Streak-chested Antpitta,0.2876177728176117,0.2876177728176117,True,True,True,Hylopezus perspicillatus_Streak-chested Antpitta,1,True
Audio_Moth_6_20250321_081911.wav,Audio_Moth_6,2025-03-21 08:00:00,Hylopezus perspicillatus_Streak-chested Antpitta,0.45856443,0.016046768054366112,Hylopezus perspicillatus_Streak-chested Antpitta,0.4585595726966858,Hylopezus perspicillatus_Streak-chested Antpitta,0.4585595726966858,0.4585595726966858,True,True,True,Hylopezus perspicillatus_Streak-chested Antpitta,1,Hylopezus perspicillatus_Streak-chested Antpitta,0.4608093202114105,Hylopezus perspicillatus_Streak-chested Antpitta,0.4608093202114105,0.4608093202114105,True,True,False,Hylopezus perspicillatus_Streak-chested Antpitta,1,True
Audio_Moth_6_20250321_081923.wav,Audio_Moth_6,2025-03-21 08:00:00,Hylopezus perspicillatus_Streak-chested Antpitta,0.2549834,0.01602672040462494,Hylopezus perspicillatus_Streak-chested Antpitta,0.2549860179424286,Hylopezus perspicillatus_Streak-chested Antpitta,0.2549860179424286,0.2549860179424286,True,True,True,Hylopezus perspicillatus_Streak-chested Antpitta,1,Hylopezus perspicillatus_Streak-chested Antpitta,0.2537764310836792,Hylopezus perspicillatus_Streak-chested Antpitta,0.2537764310836792,0.2537764310836792,True,True,False,Hylopezus perspicillatus_Streak-chested Antpitta,1,True
Audio_Moth_6_20250321_081926.wav,Audio_Moth_6,2025-03-21 08:00:00,Hylopezus perspicillatus_Streak-chested Antpitta,0.795944,0.01705504022538662,Hylopezus perspicillatus_Streak-chested Antpitta,0.7959420084953308,Hylopezus perspicillatus_Streak-chested Antpitta,0.7959420084953308,0.7959420084953308,True,True,True,Hylopezus perspicillatus_Streak-chested Antpitta,1,Hylopezus perspicillatus_Streak-chested Antpitta,0.7964074015617371,Hylopezus perspicillatus_Streak-chested Antpitta,0.7964074015617371,0.7964074015617371,True,True,True,Hylopezus perspicillatus_Streak-chested Antpitta,1,True
Audio_Moth_6_20250321_081929.wav,Audio_Moth_6,2025-03-21 08:00:00,Hylopezus perspicillatus_Streak-chested Antpitta,0.39413208,0.018808793276548386,Hylopezus perspicillatus_Streak-chested Antpitta,0.39413490891456604,Hylopezus perspicillatus_Streak-chested Antpitta,0.39413490891456604,0.39413490891456604,True,True,True,Hylopezus perspicillatus_Streak-chested Antpitta,1,Hylopezus perspicillatus_Streak-chested Antpitta,0.3954387307167053,Hylopezus perspicillatus_Streak-chested Antpitta,0.3954387307167053,0.3954387307167053,True,True,False,Hylopezus perspicillatus_Streak-chested Antpitta,1,True
Audio_Moth_6_20250321_081932.wav,Audio_Moth_6,2025-03-21 08:00:00,Hylopezus perspicillatus_Streak-chested Antpitta,0.4509178,0.016167398542165756,Hylopezus perspicillatus_Streak-chested Antpitta,0.45091480016708374,Hylopezus perspicillatus_Streak-chested Antpitta,0.45091480016708374,0.45091480016708374,True,True,True,Hylopezus perspicillatus_Streak-chested Antpitta,1,Hylopezus perspicillatus_Streak-chested Antpitta,0.45265188813209534,Hylopezus perspicillatus_Streak-chested Antpitta,0.45265188813209534,0.45265188813209534,True,True,False,Hylopezus perspicillatus_Streak-chested Antpitta,1,True
Audio_Moth_6_20250321_081938.wav,Audio_Moth_6,2025-03-21 08:00:00,Ramphastos ambiguus_Yellow-throated Toucan,0.31167346,0.015307854861021042,Ramphastos ambiguus_Yellow-throated Toucan,0.3116745352745056,Ramphastos ambiguus_Yellow-throated Toucan,0.3116745352745056,0.3116745352745056,True,True,True,Ramphastos ambiguus_Yellow-throated Toucan,1,Ramphastos ambiguus_Yellow-throated Toucan,0.3159598410129547,Ramphastos ambiguus_Yellow-throated Toucan,0.3159598410129547,0.3159598410129547,True,True,False,Ramphastos ambiguus_Yellow-throated Toucan,1,True
Audio_Moth_6_20250321_081944.wav,Audio_Moth_6,2025-03-21 08:00:00,Hylopezus perspicillatus_Streak-chested Antpitta,0.31459004,0.015835512429475784,Hylopezus perspicillatus_Streak-chested Antpitta,0.3145902752876282,Hylopezus perspicillatus_Streak-chested Antpitta,0.3145902752876282,0.3145902752876282,True,True,True,Hylopezus perspicillatus_Streak-chested Antpitta,1,Hylopezus perspicillatus_Streak-chested Antpitta,0.3157278597354889,Hylopezus perspicillatus_Streak-chested Antpitta,0.3157278597354889,0.3157278597354889,True,True,False,Hylopezus perspicillatus_Streak-chested Antpitta,1,True
Audio_Moth_6_20250321_081947.wav,Audio_Moth_6,2025-03-21 08:00:00,Hylopezus perspicillatus_Streak-chested Antpitta,0.47988254,0.017534634098410606,Hylopezus perspicillatus_Streak-chested Antpitta,0.4798811078071594,Hylopezus perspicillatus_Streak-chested Antpitta,0.4798811078071594,0.4798811078071594,True,True,True,Hylopezus perspicillatus_Streak-chested Antpitta,1,Hylopezus perspicillatus_Streak-chested Antpitta,0.4814782738685608,Hylopezus perspicillatus_Streak-chested Antpitta,0.4814782738685608,0.4814782738685608,True,True,False,Hylopezus perspicillatus_Streak-chested Antpitta,1,True
Audio_Moth_6_20250321_081950.wav,Audio_Moth_6,2025-03-21 08:00:00,Hylopezus perspicillatus_Streak-chested Antpitta,0.3949796,0.01691042259335518,Hylopezus perspicillatus_Streak-chested Antpitta,0.3949807286262512,Hylopezus perspicillatus_Streak-chested Antpitta,0.3949807286262512,0.3949807286262512,True,True,True,Hylopezus perspicillatus_Streak-chested Antpitta,1,Hylopezus perspicillatus_Streak-chested Antpitta,0.3953946828842163,Hylopezus perspicillatus_Streak-chested Antpitta,0.3953946828842163,0.3953946828842163,True,True,True,Hylopezus perspicillatus_Streak-chested Antpitta,1,True
Audio_Moth_6_20250321_081953.wav,Audio_Moth_6,2025-03-21 08:00:00,Hylopezus perspicillatus_Streak-chested Antpitta,0.41649264,0.017928874120116234,Hylopezus perspicillatus_Streak-chested Antpitta,0.41649311780929565,Hylopezus perspicillatus_Streak-chested Antpitta,0.41649311780929565,0.41649311780929565,True,True,True,Hylopezus perspicillatus_Streak-chested Antpitta,1,Hylopezus perspicillatus_Streak-chested Antpitta,0.41797634959220886,Hylopezus perspicillatus_Streak-chested Antpitta,0.41797634959220886,0.41797634959220886,True,True,False,Hylopezus perspicillatus_Streak-chested Antpitta,1,True
Audio_Moth_6_20250321_081959.wav,Audio_Moth_6,2025-03-21 08:00:00,Hylopezus perspicillatus_Streak-chested Antpitta,0.327875,0.016489220783114433,Hylopezus perspicillatus_Streak-chested Antpitta,0.32787397503852844,Hylopezus perspicillatus_Streak-chested Antpitta,0.32787397503852844,0.32787397503852844,True,True,True,Hylopezus perspicillatus_Streak-chested Antpitta,1,Hylopezus perspicillatus_Streak-chested Antpitta,0.32832610607147217,Hylopezus perspicillatus_Streak-chested Antpitta,0.32832610607147217,0.32832610607147217,True,True,True,Hylopezus perspicillatus_Streak-chested Antpitta,1,True
Audio_Moth_6_20250321_082005.wav,Audio_Moth_6,2025-03-21 08:00:00,Hylopezus perspicillatus_Streak-chested Antpitta,0.32807955,0.016237184405326843,Hylopezus perspicillatus_Streak-chested Antpitta,0.3280770480632782,Hylopezus perspicillatus_Streak-chested Antpitta,0.3280770480632782,0.3280770480632782,True,True,True,Hylopezus perspicillatus_Streak-chested Antpitta,1,Hylopezus perspicillatus_Streak-chested Antpitta,0.3337588310241699,Hylopezus perspicillatus_Streak-chested Antpitta,0.3337588310241699,0.3337588310241699,True,True,False,Hylopezus perspicillatus_Streak-chested Antpitta,1,True
Audio_Moth_6_20250321_082017.wav,Audio_Moth_6,2025-03-21 08:00:00,Hylopezus perspicillatus_Streak-chested Antpitta,0.34228835,0.014621850103139877,Hylopezus perspicillatus_Streak-chested Antpitta,0.3422861695289612,Hylopezus perspicillatus_Streak-chested Antpitta,0.3422861695289612,0.3422861695289612,True,True,True,Hylopezus perspicillatus_Streak-chested Antpitta,1,Hylopezus perspicillatus_Streak-chested Antpitta,0.34463292360305786,Hylopezus perspicillatus_Streak-chested Antpitta,0.34463292360305786,0.34463292360305786,True,True,False,Hylopezus perspicillatus_Streak-chested Antpitta,1,True
Audio_Moth_6_20250321_082123.wav,Audio_Moth_6,2025-03-21 08:00:00,Hylopezus perspicillatus_Streak-chested Antpitta,0.32743552,0.014292783103883266,Hylopezus perspicillatus_Streak-chested Antpitta,0.32743579149246216,Hylopezus perspicillatus_Streak-chested Antpitta,0.32743579149246216,0.32743579149246216,True,True,True,Hylopezus perspicillatus_Streak-chested Antpitta,1,Hylopezus perspicillatus_Streak-chested Antpitta,0.32891613245010376,Hylopezus perspicillatus_Streak-chested Antpitta,0.32891613245010376,0.32891613245010376,True,True,False,Hylopezus perspicillatus_Streak-chested Antpitta,1,True
Audio_Moth_6_20250321_082135.wav,Audio_Moth_6,2025-03-21 08:00:00,Myiothlypis fulvicauda_Buff-rumped Warbler,0.5160817,0.017203474417328835,Myiothlypis fulvicauda_Buff-rumped Warbler,0.5160848498344421,Myiothlypis fulvicauda_Buff-rumped Warbler,0.5160848498344421,0.5160848498344421,True,True,True,Myiothlypis fulvicauda_Buff-rumped Warbler,1,Myiothlypis fulvicauda_Buff-rumped Warbler,0.5184332132339478,Myiothlypis fulvicauda_Buff-rumped Warbler,0.5184332132339478,0.5184332132339478,True,True,False,Myiothlypis fulvicauda_Buff-rumped Warbler,1,True
Audio_Moth_6_20250321_082138.wav,Audio_Moth_6,2025-03-21 08:00:00,Myiothlypis fulvicauda_Buff-rumped Warbler,0.50305456,0.01643482595682144,Myiothlypis fulvicauda_Buff-rumped Warbler,0.5030643939971924,Myiothlypis fulvicauda_Buff-rumped Warbler,0.5030643939971924,0.5030643939971924,True,True,True,Hylopezus perspicillatus_Streak-chested Antpitta;Myiothlypis fulvicauda_Buff-rumped Warbler,2,Myiothlypis fulvicauda_Buff-rumped Warbler,0.5026659369468689,Myiothlypis fulvicauda_Buff-rumped Warbler,0.5026659369468689,0.5026659369468689,True,True,True,Hylopezus perspicillatus_Streak-chested Antpitta;Myiothlypis fulvicauda_Buff-rumped Warbler,2,True
Audio_Moth_6_20250321_082141.wav,Audio_Moth_6,2025-03-21 08:00:00,Myiothlypis fulvicauda_Buff-rumped Warbler,0.7083704,0.014645935967564583,Myiothlypis fulvicauda_Buff-rumped Warbler,0.7083771228790283,Myiothlypis fulvicauda_Buff-rumped Warbler,0.7083771228790283,0.7083771228790283,True,True,True,Myiothlypis fulvicauda_Buff-rumped Warbler,1,Myiothlypis fulvicauda_Buff-rumped Warbler,0.7080284357070923,Myiothlypis fulvicauda_Buff-rumped Warbler,0.7080284357070923,0.7080284357070923,True,True,True,Myiothlypis fulvicauda_Buff-rumped Warbler,1,True
Audio_Moth_6_20250321_082144.wav,Audio_Moth_6,2025-03-21 08:00:00,Ara macao_Scarlet Macaw,0.53353226,0.021754799410700798,Ara macao_Scarlet Macaw,0.5335339307785034,Ara macao_Scarlet Macaw,0.5335339307785034,0.5335339307785034,True,True,True,Ara macao_Scarlet Macaw,1,Ara macao_Scarlet Macaw,0.5333139896392822,Ara macao_Scarlet Macaw,0.5333139896392822,0.5333139896392822,True,True,True,Ara macao_Scarlet Macaw,1,True
Audio_Moth_6_20250321_082147.wav,Audio_Moth_6,2025-03-21 08:00:00,Myiothlypis fulvicauda_Buff-rumped Warbler,0.8539165,0.015878979116678238,Myiothlypis fulvicauda_Buff-rumped Warbler,0.853918194770813,Myiothlypis fulvicauda_Buff-rumped Warbler,0.853918194770813,0.853918194770813,True,True,True,Myiothlypis fulvicauda_Buff-rumped Warbler,1,Myiothlypis fulvicauda_Buff-rumped Warbler,0.8530601859092712,Myiothlypis fulvicauda_Buff-rumped Warbler,0.8530601859092712,0.8530601859092712,True,True,True,Myiothlypis fulvicauda_Buff-rumped Warbler,1,True
Audio_Moth_6_20250321_082150.wav,Audio_Moth_6,2025-03-21 08:00:00,Ara macao_Scarlet Macaw,0.8199112,0.018134625628590584,Ara macao_Scarlet Macaw,0.8199119567871094,Ara macao_Scarlet Macaw,0.8199119567871094,0.8199119567871094,True,True,True,Ara macao_Scarlet Macaw,1,Ara macao_Scarlet Macaw,0.8198497295379639,Ara macao_Scarlet Macaw,0.8198497295379639,0.8198497295379639,True,True,True,Ara macao_Scarlet Macaw,1,True
Audio_Moth_6_20250321_082153.wav,Audio_Moth_6,2025-03-21 08:00:00,Myiothlypis fulvicauda_Buff-rumped Warbler,0.84486467,0.02116449922323227,Myiothlypis fulvicauda_Buff-rumped Warbler,0.8448662757873535,Myiothlypis fulvicauda_Buff-rumped Warbler,0.8448662757873535,0.8448662757873535,True,True,True,Myiothlypis fulvicauda_Buff-rumped Warbler,1,Myiothlypis fulvicauda_Buff-rumped Warbler,0.8457199931144714,Myiothlypis fulvicauda_Buff-rumped Warbler,0.8457199931144714,0.8457199931144714,True,True,True,Myiothlypis fulvicauda_Buff-rumped Warbler,1,True
Audio_Moth_6_20250321_082156.wav,Audio_Moth_6,2025-03-21 08:00:00,Myiothlypis fulvicauda_Buff-rumped Warbler,0.7788236,0.0171089805662632,Myiothlypis fulvicauda_Buff-rumped Warbler,0.7788221836090088,Myiothlypis fulvicauda_Buff-rumped Warbler,0.7788221836090088,0.7788221836090088,True,True,True,Ara macao_Scarlet Macaw;Myiothlypis fulvicauda_Buff-rumped Warbler,2,Myiothlypis fulvicauda_Buff-rumped Warbler,0.7778355479240417,Myiothlypis fulvicauda_Buff-rumped Warbler,0.7778355479240417,0.7778355479240417,True,True,True,Ara macao_Scarlet Macaw;Myiothlypis fulvicauda_Buff-rumped Warbler,2,True
Audio_Moth_6_20250321_082159.wav,Audio_Moth_6,2025-03-21 08:00:00,Myiothlypis fulvicauda_Buff-rumped Warbler,0.89681494,0.015505915507674217,Myiothlypis fulvicauda_Buff-rumped Warbler,0.896813690662384,Myiothlypis fulvicauda_Buff-rumped Warbler,0.896813690662384,0.896813690662384,True,True,True,Myiothlypis fulvicauda_Buff-rumped Warbler,1,Myiothlypis fulvicauda_Buff-rumped Warbler,0.8985794186592102,Myiothlypis fulvicauda_Buff-rumped Warbler,0.8985794186592102,0.8985794186592102,True,True,False,Myiothlypis fulvicauda_Buff-rumped Warbler,1,True
Audio_Moth_6_20250321_082202.wav,Audio_Moth_6,2025-03-21 08:00:00,Myiothlypis fulvicauda_Buff-rumped Warbler,0.9307712,0.01594209112226963,Myiothlypis fulvicauda_Buff-rumped Warbler,0.9307718276977539,Myiothlypis fulvicauda_Buff-rumped Warbler,0.9307718276977539,0.9307718276977539,True,True,True,Myiothlypis fulvicauda_Buff-rumped Warbler,1,Myiothlypis fulvicauda_Buff-rumped Warbler,0.9301294684410095,Myiothlypis fulvicauda_Buff-rumped Warbler,0.9301294684410095,0.9301294684410095,True,True,True,Myiothlypis fulvicauda_Buff-rumped Warbler,1,True
Audio_Moth_6_20250321_082205.wav,Audio_Moth_6,2025-03-21 08:00:00,Myiothlypis fulvicauda_Buff-rumped Warbler,0.42658594,0.016433298587799072,Myiothlypis fulvicauda_Buff-rumped Warbler,0.42658859491348267,Myiothlypis fulvicauda_Buff-rumped Warbler,0.42658859491348267,0.42658859491348267,True,True,True,Myiothlypis fulvicauda_Buff-rumped Warbler,1,Myiothlypis fulvicauda_Buff-rumped Warbler,0.42658859491348267,Myiothlypis fulvicauda_Buff-rumped Warbler,0.42658859491348267,0.42658859491348267,True,True,True,Myiothlypis fulvicauda_Buff-rumped Warbler,1,True
Audio_Moth_6_20250321_082208.wav,Audio_Moth_6,2025-03-21 08:00:00,Myiothlypis fulvicauda_Buff-rumped Warbler,0.7864316,0.017731109634041786,Myiothlypis fulvicauda_Buff-rumped Warbler,0.7864353060722351,Myiothlypis fulvicauda_Buff-rumped Warbler,0.7864353060722351,0.7864353060722351,True,True,True,Myiothlypis fulvicauda_Buff-rumped Warbler,1,Myiothlypis fulvicauda_Buff-rumped Warbler,0.7877735495567322,Myiothlypis fulvicauda_Buff-rumped Warbler,0.7877735495567322,0.7877735495567322,True,True,False,Myiothlypis fulvicauda_Buff-rumped Warbler,1,True
Audio_Moth_6_20250321_082220.wav,Audio_Moth_6,2025-03-21 08:00:00,Ara macao_Scarlet Macaw,0.4010469,0.013632862828671932,Ara macao_Scarlet Macaw,0.4010465443134308,Ara macao_Scarlet Macaw,0.4010465443134308,0.4010465443134308,True,True,True,Ara macao_Scarlet Macaw,1,Ara macao_Scarlet Macaw,0.40390440821647644,Ara macao_Scarlet Macaw,0.40390440821647644,0.40390440821647644,True,True,False,Ara macao_Scarlet Macaw,1,True
Audio_Moth_6_20250321_082329.wav,Audio_Moth_6,2025-03-21 08:00:00,Hylopezus perspicillatus_Streak-chested Antpitta,0.5725253,0.015973394736647606,Hylopezus perspicillatus_Streak-chested Antpitta,0.5725241899490356,Hylopezus perspicillatus_Streak-chested Antpitta,0.5725241899490356,0.5725241899490356,True,True,True,Hylopezus perspicillatus_Streak-chested Antpitta,1,Hylopezus perspicillatus_Streak-chested Antpitta,0.5713590383529663,Hylopezus perspicillatus_Streak-chested Antpitta,0.5713590383529663,0.5713590383529663,True,True,False,Hylopezus perspicillatus_Streak-chested Antpitta,1,True
Audio_Moth_6_20250321_082356.wav,Audio_Moth_6,2025-03-21 08:00:00,Hylopezus perspicillatus_Streak-chested Antpitta,0.27598932,0.01484747976064682,Hylopezus perspicillatus_Streak-chested Antpitta,0.2759873569011688,Hylopezus perspicillatus_Streak-chested Antpitta,0.2759873569011688,0.2759873569011688,True,True,True,Hylopezus perspicillatus_Streak-chested Antpitta,1,Hylopezus perspicillatus_Streak-chested Antpitta,0.276516318321228,Hylopezus perspicillatus_Streak-chested Antpitta,0.276516318321228,0.276516318321228,True,True,True,Hylopezus perspicillatus_Streak-chested Antpitta,1,True
Audio_Moth_6_20250321_082411.wav,Audio_Moth_6,2025-03-21 08:00:00,Hylopezus perspicillatus_Streak-chested Antpitta,0.2602788,0.016446154564619064,Hylopezus perspicillatus_Streak-chested Antpitta,0.2602887451648712,Hylopezus perspicillatus_Streak-chested Antpitta,0.2602887451648712,0.2602887451648712,True,True,True,Hylopezus perspicillatus_Streak-chested Antpitta,1,Hylopezus perspicillatus_Streak-chested Antpitta,0.25866737961769104,Hylopezus perspicillatus_Streak-chested Antpitta,0.25866737961769104,0.25866737961769104,True,True,False,Hylopezus perspicillatus_Streak-chested Antpitta,1,True
Audio_Moth_6_20250321_082444.wav,Audio_Moth_6,2025-03-21 08:00:00,Ara macao_Scarlet Macaw,0.7961011,0.08540166169404984,Ara macao_Scarlet Macaw,0.7961011528968811,Ara macao_Scarlet Macaw,0.7961011528968811,0.7961011528968811,True,True,True,Ara macao_Scarlet Macaw,1,Ara macao_Scarlet Macaw,0.7987387776374817,Ara macao_Scarlet Macaw,0.7987387776374817,0.7987387776374817,True,True,False,Ara macao_Scarlet Macaw,1,True
Audio_Moth_6_20250321_082447.wav,Audio_Moth_6,2025-03-21 08:00:00,Ara macao_Scarlet Macaw,0.85680425,0.11324150860309601,Ara macao_Scarlet Macaw,0.8568074703216553,Ara macao_Scarlet Macaw,0.8568074703216553,0.8568074703216553,True,True,True,Ara macao_Scarlet Macaw,1,Ara macao_Scarlet Macaw,0.8596509695053101,Ara macao_Scarlet Macaw,0.8596509695053101,0.8596509695053101,True,True,False,Ara macao_Scarlet Macaw,1,True
Audio_Moth_6_20250321_082450.wav,Audio_Moth_6,2025-03-21 08:00:00,Ara macao_Scarlet Macaw,0.7722223,0.09402479976415634,Ara macao_Scarlet Macaw,0.7722263932228088,Ara macao_Scarlet Macaw,0.7722263932228088,0.7722263932228088,True,True,True,Ara macao_Scarlet Macaw,1,Ara macao_Scarlet Macaw,0.7745597958564758,Ara macao_Scarlet Macaw,0.7745597958564758,0.7745597958564758,True,True,False,Ara macao_Scarlet Macaw,1,True
Audio_Moth_6_20250321_082453.wav,Audio_Moth_6,2025-03-21 08:00:00,Ara macao_Scarlet Macaw,0.8255815,0.020451620221138,Ara macao_Scarlet Macaw,0.8255823850631714,Ara macao_Scarlet Macaw,0.8255823850631714,0.8255823850631714,True,True,True,Ara macao_Scarlet Macaw,1,Ara macao_Scarlet Macaw,0.8247217535972595,Ara macao_Scarlet Macaw,0.8247217535972595,0.8247217535972595,True,True,True,Ara macao_Scarlet Macaw,1,True
Audio_Moth_6_20250321_082456.wav,Audio_Moth_6,2025-03-21 08:00:00,Ara macao_Scarlet Macaw,0.25899103,0.016297008842229843,Ara macao_Scarlet Macaw,0.25898444652557373,Ara macao_Scarlet Macaw,0.25898444652557373,0.25898444652557373,True,True,True,Ara macao_Scarlet Macaw,1,Ara macao_Scarlet Macaw,0.2593994438648224,Ara macao_Scarlet Macaw,0.2593994438648224,0.2593994438648224,True,True,True,Ara macao_Scarlet Macaw,1,True
Audio_Moth_6_20250321_082459.wav,Audio_Moth_6,2025-03-21 08:00:00,Hylopezus perspicillatus_Streak-chested Antpitta,0.2666364,0.014054408296942711,Hylopezus perspicillatus_Streak-chested Antpitta,0.2666352093219757,Hylopezus perspicillatus_Streak-chested Antpitta,0.2666352093219757,0.2666352093219757,True,True,True,Hylopezus perspicillatus_Streak-chested Antpitta,1,Hylopezus perspicillatus_Streak-chested Antpitta,0.2667442858219147,Hylopezus perspicillatus_Streak-chested Antpitta,0.2667442858219147,0.2667442858219147,True,True,True,Hylopezus perspicillatus_Streak-chested Antpitta,1,True
Audio_Moth_6_20250321_082529.wav,Audio_Moth_6,2025-03-21 08:00:00,Hylopezus perspicillatus_Streak-chested Antpitta,0.27743676,0.015778787434101105,Hylopezus perspicillatus_Streak-chested Antpitta,0.27743786573410034,Hylopezus perspicillatus_Streak-chested Antpitta,0.27743786573410034,0.27743786573410034,True,True,True,Hylopezus perspicillatus_Streak-chested Antpitta,1,Hylopezus perspicillatus_Streak-chested Antpitta,0.27884939312934875,Hylopezus perspicillatus_Streak-chested Antpitta,0.27884939312934875,0.27884939312934875,True,True,False,Hylopezus perspicillatus_Streak-chested Antpitta,1,True
Audio_Moth_6_20250321_082635.wav,Audio_Moth_6,2025-03-21 08:00:00,Hylopezus perspicillatus_Streak-chested Antpitta,0.29829466,0.01562913879752159,Hylopezus perspicillatus_Streak-chested Antpitta,0.29829493165016174,Hylopezus perspicillatus_Streak-chested Antpitta,0.29829493165016174,0.29829493165016174,True,True,True,Hylopezus perspicillatus_Streak-chested Antpitta,1,Hylopezus perspicillatus_Streak-chested Antpitta,0.3007548153400421,Hylopezus perspicillatus_Streak-chested Antpitta,0.3007548153400421,0.3007548153400421,True,True,False,Hylopezus perspicillatus_Streak-chested Antpitta,1,True
Audio_Moth_6_20250321_082832.wav,Audio_Moth_6,2025-03-21 08:00:00,Myiothlypis fulvicauda_Buff-rumped Warbler,0.42118853,0.015378287062048912,Myiothlypis fulvicauda_Buff-rumped Warbler,0.42118650674819946,Myiothlypis fulvicauda_Buff-rumped Warbler,0.42118650674819946,0.42118650674819946,True,True,True,Myiothlypis fulvicauda_Buff-rumped Warbler,1,Myiothlypis fulvicauda_Buff-rumped Warbler,0.4207172095775604,Myiothlypis fulvicauda_Buff-rumped Warbler,0.4207172095775604,0.4207172095775604,True,True,True,Myiothlypis fulvicauda_Buff-rumped Warbler,1,True
Audio_Moth_6_20250321_082841.wav,Audio_Moth_6,2025-03-21 08:00:00,Myiothlypis fulvicauda_Buff-rumped Warbler,0.69334114,0.016410762444138527,Myiothlypis fulvicauda_Buff-rumped Warbler,0.6933398842811584,Myiothlypis fulvicauda_Buff-rumped Warbler,0.6933398842811584,0.6933398842811584,True,True,True,Myiothlypis fulvicauda_Buff-rumped Warbler,1,Myiothlypis fulvicauda_Buff-rumped Warbler,0.699837327003479,Myiothlypis fulvicauda_Buff-rumped Warbler,0.699837327003479,0.699837327003479,True,True,False,Myiothlypis fulvicauda_Buff-rumped Warbler,1,True
Audio_Moth_6_20250321_082847.wav,Audio_Moth_6,2025-03-21 08:00:00,Myiothlypis fulvicauda_Buff-rumped Warbler,0.2554719,0.01653231307864189,Myiothlypis fulvicauda_Buff-rumped Warbler,0.2554662227630615,Myiothlypis fulvicauda_Buff-rumped Warbler,0.2554662227630615,0.2554662227630615,True,True,True,Myiothlypis fulvicauda_Buff-rumped Warbler,1,Myiothlypis fulvicauda_Buff-rumped Warbler,0.2579749822616577,Myiothlypis fulvicauda_Buff-rumped Warbler,0.2579749822616577,0.2579749822616577,True,True,False,Myiothlypis fulvicauda_Buff-rumped Warbler,1,True
Audio_Moth_6_20250321_082850.wav,Audio_Moth_6,2025-03-21 08:00:00,Myiornis atricapillus_Black-capped Pygmy-Tyrant,0.3273492,0.0169643834233284,Myiornis atricapillus_Black-capped Pygmy-Tyrant,0.32734808325767517,Myiornis atricapillus_Black-capped Pygmy-Tyrant,0.32734808325767517,0.32734808325767517,True,True,True,Myiornis atricapillus_Black-capped Pygmy-Tyrant;Myiothlypis fulvicauda_Buff-rumped Warbler,2,Myiornis atricapillus_Black-capped Pygmy-Tyrant,0.3254621624946594,Myiornis atricapillus_Black-capped Pygmy-Tyrant,0.3254621624946594,0.3254621624946594,True,True,False,Myiornis atricapillus_Black-capped Pygmy-Tyrant;Myiothlypis fulvicauda_Buff-rumped Warbler,2,True
Audio_Moth_6_20250321_082853.wav,Audio_Moth_6,2025-03-21 08:00:00,Myiornis atricapillus_Black-capped Pygmy-Tyrant,0.520655,0.016469011083245277,Myiornis atricapillus_Black-capped Pygmy-Tyrant,0.5206475257873535,Myiornis atricapillus_Black-capped Pygmy-Tyrant,0.5206475257873535,0.5206475257873535,True,True,True,Myiornis atricapillus_Black-capped Pygmy-Tyrant;Myiothlypis fulvicauda_Buff-rumped Warbler,2,Myiornis atricapillus_Black-capped Pygmy-Tyrant,0.520542562007904,Myiornis atricapillus_Black-capped Pygmy-Tyrant,0.520542562007904,0.520542562007904,True,True,True,Myiornis atricapillus_Black-capped Pygmy-Tyrant;Myiothlypis fulvicauda_Buff-rumped Warbler,2,True
Audio_Moth_6_20250321_082856.wav,Audio_Moth_6,2025-03-21 08:00:00,Myiornis atricapillus_Black-capped Pygmy-Tyrant,0.6569598,0.017792319878935814,Myiornis atricapillus_Black-capped Pygmy-Tyrant,0.6569585800170898,Myiornis atricapillus_Black-capped Pygmy-Tyrant,0.6569585800170898,0.6569585800170898,True,True,True,Myiornis atricapillus_Black-capped Pygmy-Tyrant,1,Myiornis atricapillus_Black-capped Pygmy-Tyrant,0.6576767563819885,Myiornis atricapillus_Black-capped Pygmy-Tyrant,0.6576767563819885,0.6576767563819885,True,True,True,Myiornis atricapillus_Black-capped Pygmy-Tyrant,1,True
Audio_Moth_6_20250321_082859.wav,Audio_Moth_6,2025-03-21 08:00:00,Myiothlypis fulvicauda_Buff-rumped Warbler,0.6253749,0.016285818070173264,Myiothlypis fulvicauda_Buff-rumped Warbler,0.625373125076294,Myiothlypis fulvicauda_Buff-rumped Warbler,0.625373125076294,0.625373125076294,True,True,True,Hylopezus perspicillatus_Streak-chested Antpitta;Myiornis atricapillus_Black-capped Pygmy-Tyrant;Myiothlypis fulvicauda_Buff-rumped Warbler,3,Myiothlypis fulvicauda_Buff-rumped Warbler,0.6264488697052002,Myiothlypis fulvicauda_Buff-rumped Warbler,0.6264488697052002,0.6264488697052002,True,True,False,Hylopezus perspicillatus_Streak-chested Antpitta;Myiornis atricapillus_Black-capped Pygmy-Tyrant;Myiothlypis fulvicauda_Buff-rumped Warbler,3,True
Audio_Moth_6_20250321_082902.wav,Audio_Moth_6,2025-03-21 08:00:00,Myiornis atricapillus_Black-capped Pygmy-Tyrant,0.60393876,0.01733359880745411,Myiornis atricapillus_Black-capped Pygmy-Tyrant,0.6039395332336426,Myiornis atricapillus_Black-capped Pygmy-Tyrant,0.6039395332336426,0.6039395332336426,True,True,True,Myiornis atricapillus_Black-capped Pygmy-Tyrant;Myiothlypis fulvicauda_Buff-rumped Warbler,2,Myiornis atricapillus_Black-capped Pygmy-Tyrant,0.603909969329834,Myiornis atricapillus_Black-capped Pygmy-Tyrant,0.603909969329834,0.603909969329834,True,True,True,Myiornis atricapillus_Black-capped Pygmy-Tyrant;Myiothlypis fulvicauda_Buff-rumped Warbler,2,True
Audio_Moth_6_20250321_083005.wav,Audio_Moth_6,2025-03-21 09:00:00,Hylopezus perspicillatus_Streak-chested Antpitta,0.25438547,0.013523459434509277,Hylopezus perspicillatus_Streak-chested Antpitta,0.25438421964645386,Hylopezus perspicillatus_Streak-chested Antpitta,0.25438421964645386,0.25438421964645386,True,True,True,Hylopezus perspicillatus_Streak-chested Antpitta,1,Hylopezus perspicillatus_Streak-chested Antpitta,0.25521156191825867,Hylopezus perspicillatus_Streak-chested Antpitta,0.25521156191825867,0.25521156191825867,True,True,True,Hylopezus perspicillatus_Streak-chested Antpitta,1,True
Audio_Moth_6_20250321_083011.wav,Audio_Moth_6,2025-03-21 09:00:00,Hylopezus perspicillatus_Streak-chested Antpitta,0.34905365,0.014332705177366734,Hylopezus perspicillatus_Streak-chested Antpitta,0.3490541875362396,Hylopezus perspicillatus_Streak-chested Antpitta,0.3490541875362396,0.3490541875362396,True,True,True,Hylopezus perspicillatus_Streak-chested Antpitta,1,Hylopezus perspicillatus_Streak-chested Antpitta,0.34961366653442383,Hylopezus perspicillatus_Streak-chested Antpitta,0.34961366653442383,0.34961366653442383,True,True,True,Hylopezus perspicillatus_Streak-chested Antpitta,1,True
Audio_Moth_6_20250321_083014.wav,Audio_Moth_6,2025-03-21 09:00:00,Hylopezus perspicillatus_Streak-chested Antpitta,0.3158139,0.014672604389488697,Hylopezus perspicillatus_Streak-chested Antpitta,0.3158089816570282,Hylopezus perspicillatus_Streak-chested Antpitta,0.3158089816570282,0.3158089816570282,True,True,True,Hylopezus perspicillatus_Streak-chested Antpitta,1,Hylopezus perspicillatus_Streak-chested Antpitta,0.3157821595668793,Hylopezus perspicillatus_Streak-chested Antpitta,0.3157821595668793,0.3157821595668793,True,True,True,Hylopezus perspicillatus_Streak-chested Antpitta,1,True
Audio_Moth_6_20250321_083120.wav,Audio_Moth_6,2025-03-21 09:00:00,Hylopezus perspicillatus_Streak-chested Antpitta,0.34839815,0.014362259767949581,Hylopezus perspicillatus_Streak-chested Antpitta,0.34840479493141174,Hylopezus perspicillatus_Streak-chested Antpitta,0.34840479493141174,0.34840479493141174,True,True,True,Hylopezus perspicillatus_Streak-chested Antpitta,1,Hylopezus perspicillatus_Streak-chested Antpitta,0.3470059931278229,Hylopezus perspicillatus_Streak-chested Antpitta,0.3470059931278229,0.3470059931278229,True,True,False,Hylopezus perspicillatus_Streak-chested Antpitta,1,True
Audio_Moth_6_20250321_083123.wav,Audio_Moth_6,2025-03-21 09:00:00,Hylopezus perspicillatus_Streak-chested Antpitta,0.32129872,0.013830573298037052,Hylopezus perspicillatus_Streak-chested Antpitta,0.32129567861557007,Hylopezus perspicillatus_Streak-chested Antpitta,0.32129567861557007,0.32129567861557007,True,True,True,Hylopezus perspicillatus_Streak-chested Antpitta,1,Hylopezus perspicillatus_Streak-chested Antpitta,0.3224487602710724,Hylopezus perspicillatus_Streak-chested Antpitta,0.3224487602710724,0.3224487602710724,True,True,False,Hylopezus perspicillatus_Streak-chested Antpitta,1,True
Audio_Moth_6_20250321_083147.wav,Audio_Moth_6,2025-03-21 09:00:00,Threnetes ruckeri_Band-tailed Barbthroat,0.6384772,0.016176212579011917,Threnetes ruckeri_Band-tailed Barbthroat,0.6384769678115845,Threnetes ruckeri_Band-tailed Barbthroat,0.6384769678115845,0.6384769678115845,True,True,True,Arremon aurantiirostris_Orange-billed Sparrow;Threnetes ruckeri_Band-tailed Barbthroat,2,Threnetes ruckeri_Band-tailed Barbthroat,0.6387985348701477,Threnetes ruckeri_Band-tailed Barbthroat,0.6387985348701477,0.6387985348701477,True,True,True,Arremon aurantiirostris_Orange-billed Sparrow;Threnetes ruckeri_Band-tailed Barbthroat,2,True
Audio_Moth_6_20250321_083150.wav,Audio_Moth_6,2025-03-21 09:00:00,Hylopezus perspicillatus_Streak-chested Antpitta,0.31115246,0.014638089574873447,Hylopezus perspicillatus_Streak-chested Antpitta,0.31115028262138367,Hylopezus perspicillatus_Streak-chested Antpitta,0.31115028262138367,0.31115028262138367,True,True,True,Hylopezus perspicillatus_Streak-chested Antpitta,1,Hylopezus perspicillatus_Streak-chested Antpitta,0.3119856119155884,Hylopezus perspicillatus_Streak-chested Antpitta,0.3119856119155884,0.3119856119155884,True,True,True,Hylopezus perspicillatus_Streak-chested Antpitta,1,True
Audio_Moth_6_20250321_083205.wav,Audio_Moth_6,2025-03-21 09:00:00,Hylopezus perspicillatus_Streak-chested Antpitta,0.25461566,0.012996752746403217,Hylopezus perspicillatus_Streak-chested Antpitta,0.2546117901802063,Hylopezus perspicillatus_Streak-chested Antpitta,0.2546117901802063,0.2546117901802063,True,True,True,Hylopezus perspicillatus_Streak-chested Antpitta,1,Hylopezus perspicillatus_Streak-chested Antpitta,0.2539469301700592,Hylopezus perspicillatus_Streak-chested Antpitta,0.2539469301700592,0.2539469301700592,True,True,True,Hylopezus perspicillatus_Streak-chested Antpitta,1,True
Audio_Moth_6_20250321_083211.wav,Audio_Moth_6,2025-03-21 09:00:00,Myiothlypis fulvicauda_Buff-rumped Warbler,0.4765447,0.014546014368534088,Myiothlypis fulvicauda_Buff-rumped Warbler,0.47654834389686584,Myiothlypis fulvicauda_Buff-rumped Warbler,0.47654834389686584,0.47654834389686584,True,True,True,Hylopezus perspicillatus_Streak-chested Antpitta;Myiothlypis fulvicauda_Buff-rumped Warbler,2,Myiothlypis fulvicauda_Buff-rumped Warbler,0.47529906034469604,Myiothlypis fulvicauda_Buff-rumped Warbler,0.47529906034469604,0.47529906034469604,True,True,False,Hylopezus perspicillatus_Streak-chested Antpitta;Myiothlypis fulvicauda_Buff-rumped Warbler,2,True
Audio_Moth_6_20250321_083214.wav,Audio_Moth_6,2025-03-21 09:00:00,Myiothlypis fulvicauda_Buff-rumped Warbler,0.29097283,0.01568339765071869,Myiothlypis fulvicauda_Buff-rumped Warbler,0.29097896814346313,Myiothlypis fulvicauda_Buff-rumped Warbler,0.29097896814346313,0.29097896814346313,True,True,True,Myiothlypis fulvicauda_Buff-rumped Warbler,1,Myiothlypis fulvicauda_Buff-rumped Warbler,0.2930900752544403,Myiothlypis fulvicauda_Buff-rumped Warbler,0.2930900752544403,0.2930900752544403,True,True,False,Myiothlypis fulvicauda_Buff-rumped Warbler,1,True
Audio_Moth_6_20250321_083217.wav,Audio_Moth_6,2025-03-21 09:00:00,Myiothlypis fulvicauda_Buff-rumped Warbler,0.836642,0.018182119354605675,Myiothlypis fulvicauda_Buff-rumped Warbler,0.8366405963897705,Myiothlypis fulvicauda_Buff-rumped Warbler,0.8366405963897705,0.8366405963897705,True,True,True,Hylopezus perspicillatus_Streak-chested Antpitta;Myiothlypis fulvicauda_Buff-rumped Warbler,2,Myiothlypis fulvicauda_Buff-rumped Warbler,0.8378152847290039,Myiothlypis fulvicauda_Buff-rumped Warbler,0.8378152847290039,0.8378152847290039,True,True,False,Hylopezus perspicillatus_Streak-chested Antpitta;Myiothlypis fulvicauda_Buff-rumped Warbler,2,True
Audio_Moth_6_20250321_083220.wav,Audio_Moth_6,2025-03-21 09:00:00,Myiothlypis fulvicauda_Buff-rumped Warbler,0.45165956,0.016031978651881218,Myiothlypis fulvicauda_Buff-rumped Warbler,0.4516780972480774,Myiothlypis fulvicauda_Buff-rumped Warbler,0.4516780972480774,0.4516780972480774,True,True,True,Myiothlypis fulvicauda_Buff-rumped Warbler,1,Myiothlypis fulvicauda_Buff-rumped Warbler,0.453271746635437,Myiothlypis fulvicauda_Buff-rumped Warbler,0.453271746635437,0.453271746635437,True,True,False,Myiothlypis fulvicauda_Buff-rumped Warbler,1,True
Audio_Moth_6_20250321_083223.wav,Audio_Moth_6,2025-03-21 09:00:00,Myiothlypis fulvicauda_Buff-rumped Warbler,0.84938896,0.018020564690232277,Myiothlypis fulvicauda_Buff-rumped Warbler,0.8493875861167908,Myiothlypis fulvicauda_Buff-rumped Warbler,0.8493875861167908,0.8493875861167908,True,True,True,Myiothlypis fulvicauda_Buff-rumped Warbler,1,Myiothlypis fulvicauda_Buff-rumped Warbler,0.8518404364585876,Myiothlypis fulvicauda_Buff-rumped Warbler,0.8518404364585876,0.8518404364585876,True,True,False,Myiothlypis fulvicauda_Buff-rumped Warbler,1,True
Audio_Moth_6_20250321_083226.wav,Audio_Moth_6,2025-03-21 09:00:00,Myiothlypis fulvicauda_Buff-rumped Warbler,0.54818624,0.01493673026561737,Myiothlypis fulvicauda_Buff-rumped Warbler,0.5481808185577393,Myiothlypis fulvicauda_Buff-rumped Warbler,0.5481808185577393,0.5481808185577393,True,True,True,Myiothlypis fulvicauda_Buff-rumped Warbler,1,Myiothlypis fulvicauda_Buff-rumped Warbler,0.5470647811889648,Myiothlypis fulvicauda_Buff-rumped Warbler,0.5470647811889648,0.5470647811889648,True,True,False,Myiothlypis fulvicauda_Buff-rumped Warbler,1,True
Audio_Moth_6_20250321_083232.wav,Audio_Moth_6,2025-03-21 09:00:00,Hylopezus perspicillatus_Streak-chested Antpitta,0.28669375,0.012180455029010773,Hylopezus perspicillatus_Streak-chested Antpitta,0.2866919934749603,Hylopezus perspicillatus_Streak-chested Antpitta,0.2866919934749603,0.2866919934749603,True,True,True,Hylopezus perspicillatus_Streak-chested Antpitta,1,Hylopezus perspicillatus_Streak-chested Antpitta,0.28912460803985596,Hylopezus perspicillatus_Streak-chested Antpitta,0.28912460803985596,0.28912460803985596,True,True,False,Hylopezus perspicillatus_Streak-chested Antpitta,1,True
Audio_Moth_6_20250321_083235.wav,Audio_Moth_6,2025-03-21 09:00:00,Hylopezus perspicillatus_Streak-chested Antpitta,0.27623698,0.012630380690097809,Hylopezus perspicillatus_Streak-chested Antpitta,0.2762366831302643,Hylopezus perspicillatus_Streak-chested Antpitta,0.2762366831302643,0.2762366831302643,True,True,True,Hylopezus perspicillatus_Streak-chested Antpitta,1,Hylopezus perspicillatus_Streak-chested Antpitta,0.2758404016494751,Hylopezus perspicillatus_Streak-chested Antpitta,0.2758404016494751,0.2758404016494751,True,True,True,Hylopezus perspicillatus_Streak-chested Antpitta,1,True
Audio_Moth_6_20250321_083238.wav,Audio_Moth_6,2025-03-21 09:00:00,Hylopezus perspicillatus_Streak-chested Antpitta,0.31517693,0.012043419294059277,Hylopezus perspicillatus_Streak-chested Antpitta,0.31517940759658813,Hylopezus perspicillatus_Streak-chested Antpitta,0.31517940759658813,0.31517940759658813,True,True,True,Hylopezus perspicillatus_Streak-chested Antpitta,1,Hylopezus perspicillatus_Streak-chested Antpitta,0.3157849609851837,Hylopezus perspicillatus_Streak-chested Antpitta,0.3157849609851837,0.3157849609851837,True,True,True,Hylopezus perspicillatus_Streak-chested Antpitta,1,True
Audio_Moth_6_20250321_083253.wav,Audio_Moth_6,2025-03-21 09:00:00,Hylopezus perspicillatus_Streak-chested Antpitta,0.48393154,0.013611220754683018,Hylopezus perspicillatus_Streak-chested Antpitta,0.483930766582489,Hylopezus perspicillatus_Streak-chested Antpitta,0.483930766582489,0.483930766582489,True,True,True,Hylopezus perspicillatus_Streak-chested Antpitta,1,Hylopezus perspicillatus_Streak-chested Antpitta,0.48690536618232727,Hylopezus perspicillatus_Streak-chested Antpitta,0.48690536618232727,0.48690536618232727,True,True,False,Hylopezus perspicillatus_Streak-chested Antpitta,1,True
Audio_Moth_6_20250321_083256.wav,Audio_Moth_6,2025-03-21 09:00:00,Hylopezus perspicillatus_Streak-chested Antpitta,0.66870624,0.014640377834439278,Hylopezus perspicillatus_Streak-chested Antpitta,0.6687071323394775,Hylopezus perspicillatus_Streak-chested Antpitta,0.6687071323394775,0.6687071323394775,True,True,True,Hylopezus perspicillatus_Streak-chested Antpitta,1,Hylopezus perspicillatus_Streak-chested Antpitta,0.670606791973114,Hylopezus perspicillatus_Streak-chested Antpitta,0.670606791973114,0.670606791973114,True,True,False,Hylopezus perspicillatus_Streak-chested Antpitta,1,True
Audio_Moth_6_20250321_083323.wav,Audio_Moth_6,2025-03-21 09:00:00,Hylopezus perspicillatus_Streak-chested Antpitta,0.27181825,0.014810251072049141,Hylopezus perspicillatus_Streak-chested Antpitta,0.27181434631347656,Hylopezus perspicillatus_Streak-chested Antpitta,0.27181434631347656,0.27181434631347656,True,True,True,Hylopezus perspicillatus_Streak-chested Antpitta,1,Hylopezus perspicillatus_Streak-chested Antpitta,0.27157461643218994,Hylopezus perspicillatus_Streak-chested Antpitta,0.27157461643218994,0.27157461643218994,True,True,True,Hylopezus perspicillatus_Streak-chested Antpitta,1,True
Audio_Moth_6_20250321_083347.wav,Audio_Moth_6,2025-03-21 09:00:00,Hylopezus perspicillatus_Streak-chested Antpitta,0.26193976,0.012110312469303608,Hylopezus perspicillatus_Streak-chested Antpitta,0.26194027066230774,Hylopezus perspicillatus_Streak-chested Antpitta,0.26194027066230774,0.26194027066230774,True,True,True,Hylopezus perspicillatus_Streak-chested Antpitta,1,Hylopezus perspicillatus_Streak-chested Antpitta,0.26409709453582764,Hylopezus perspicillatus_Streak-chested Antpitta,0.26409709453582764,0.26409709453582764,True,True,False,Hylopezus perspicillatus_Streak-chested Antpitta,1,True
Audio_Moth_6_20250321_083502.wav,Audio_Moth_6,2025-03-21 09:00:00,Phaethornis striigularis_Stripe-throated Hermit,0.9496584,0.01945902407169342,Phaethornis striigularis_Stripe-throated Hermit,0.9496581554412842,Phaethornis striigularis_Stripe-throated Hermit,0.9496581554412842,0.9496581554412842,True,True,True,Phaethornis striigularis_Stripe-throated Hermit,1,Phaethornis striigularis_Stripe-throated Hermit,0.9501156210899353,Phaethornis striigularis_Stripe-throated Hermit,0.9501156210899353,0.9501156210899353,True,True,True,Phaethornis striigularis_Stripe-throated Hermit,1,True
Audio_Moth_6_20250321_083608.wav,Audio_Moth_6,2025-03-21 09:00:00,Eucometis penicillata_Gray-headed Tanager,0.2621569,0.012046949937939644,Eucometis penicillata_Gray-headed Tanager,0.2621559798717499,Eucometis penicillata_Gray-headed Tanager,0.2621559798717499,0.2621559798717499,True,True,True,Eucometis penicillata_Gray-headed Tanager,1,Eucometis penicillata_Gray-headed Tanager,0.26580777764320374,Eucometis penicillata_Gray-headed Tanager,0.26580777764320374,0.26580777764320374,True,True,False,Eucometis penicillata_Gray-headed Tanager,1,True
Audio_Moth_6_20250321_083623.wav,Audio_Moth_6,2025-03-21 09:00:00,Hylopezus perspicillatus_Streak-chested Antpitta,0.2734311,0.010372173972427845,Hylopezus perspicillatus_Streak-chested Antpitta,0.2734314203262329,Hylopezus perspicillatus_Streak-chested Antpitta,0.2734314203262329,0.2734314203262329,True,True,True,Hylopezus perspicillatus_Streak-chested Antpitta,1,Hylopezus perspicillatus_Streak-chested Antpitta,0.275450199842453,Hylopezus perspicillatus_Streak-chested Antpitta,0.275450199842453,0.275450199842453,True,True,False,Hylopezus perspicillatus_Streak-chested Antpitta,1,True
Audio_Moth_6_20250321_083738.wav,Audio_Moth_6,2025-03-21 09:00:00,Todirostrum nigriceps_Black-headed Tody-Flycatcher,0.3115664,0.014269818551838398,Todirostrum nigriceps_Black-headed Tody-Flycatcher,0.3115648925304413,Todirostrum nigriceps_Black-headed Tody-Flycatcher,0.3115648925304413,0.3115648925304413,True,True,True,Todirostrum nigriceps_Black-headed Tody-Flycatcher,1,Todirostrum nigriceps_Black-headed Tody-Flycatcher,0.3139484226703644,Todirostrum nigriceps_Black-headed Tody-Flycatcher,0.3139484226703644,0.3139484226703644,True,True,False,Todirostrum nigriceps_Black-headed Tody-Flycatcher,1,True
Audio_Moth_6_20250321_084017.wav,Audio_Moth_6,2025-03-21 09:00:00,Hylopezus perspicillatus_Streak-chested Antpitta,0.28040978,0.01590755023062229,Hylopezus perspicillatus_Streak-chested Antpitta,0.2804073691368103,Hylopezus perspicillatus_Streak-chested Antpitta,0.2804073691368103,0.2804073691368103,True,True,True,Hylopezus perspicillatus_Streak-chested Antpitta,1,Hylopezus perspicillatus_Streak-chested Antpitta,0.2785980999469757,Hylopezus perspicillatus_Streak-chested Antpitta,0.2785980999469757,0.2785980999469757,True,True,False,Hylopezus perspicillatus_Streak-chested Antpitta,1,True
Audio_Moth_6_20250321_084044.wav,Audio_Moth_6,2025-03-21 09:00:00,Hylopezus perspicillatus_Streak-chested Antpitta,0.34884337,0.016958381980657578,Hylopezus perspicillatus_Streak-chested Antpitta,0.3488415777683258,Hylopezus perspicillatus_Streak-chested Antpitta,0.3488415777683258,0.3488415777683258,True,True,True,Hylopezus perspicillatus_Streak-chested Antpitta,1,Hylopezus perspicillatus_Streak-chested Antpitta,0.34912532567977905,Hylopezus perspicillatus_Streak-chested Antpitta,0.34912532567977905,0.34912532567977905,True,True,True,Hylopezus perspicillatus_Streak-chested Antpitta,1,True
Audio_Moth_6_20250321_084047.wav,Audio_Moth_6,2025-03-21 09:00:00,Chlorestes eliciae_Blue-throated Goldentail,0.48767874,0.01463340688496828,Chlorestes eliciae_Blue-throated Goldentail,0.4876798689365387,Chlorestes eliciae_Blue-throated Goldentail,0.4876798689365387,0.4876798689365387,True,True,True,Chlorestes eliciae_Blue-throated Goldentail,1,Chlorestes eliciae_Blue-throated Goldentail,0.4895244240760803,Chlorestes eliciae_Blue-throated Goldentail,0.4895244240760803,0.4895244240760803,True,True,False,Chlorestes eliciae_Blue-throated Goldentail,1,True
Audio_Moth_6_20250321_084126.wav,Audio_Moth_6,2025-03-21 09:00:00,Chlorestes eliciae_Blue-throated Goldentail,0.2518899,0.01714630052447319,Chlorestes eliciae_Blue-throated Goldentail,0.25189465284347534,Chlorestes eliciae_Blue-throated Goldentail,0.25189465284347534,0.25189465284347534,True,True,True,Chlorestes eliciae_Blue-throated Goldentail,1,Chlorestes eliciae_Blue-throated Goldentail,0.25073954463005066,Chlorestes eliciae_Blue-throated Goldentail,0.25073954463005066,0.25073954463005066,True,True,False,Chlorestes eliciae_Blue-throated Goldentail,1,True
Audio_Moth_6_20250321_090214.wav,Audio_Moth_6,2025-03-21 09:00:00,Chlorestes eliciae_Blue-throated Goldentail,0.30154705,0.06950556486845016,Chlorestes eliciae_Blue-throated Goldentail,0.3015439510345459,Chlorestes eliciae_Blue-throated Goldentail,0.3015439510345459,0.3015439510345459,True,True,True,Chlorestes eliciae_Blue-throated Goldentail,1,Chlorestes eliciae_Blue-throated Goldentail,0.3064601719379425,Chlorestes eliciae_Blue-throated Goldentail,0.3064601719379425,0.3064601719379425,True,True,False,Chlorestes eliciae_Blue-throated Goldentail,1,True
Audio_Moth_6_20250321_090556.wav,Audio_Moth_6,2025-03-21 09:00:00,Ceratopipra mentalis_Red-capped Manakin,0.48432153,0.029030319303274155,Ceratopipra mentalis_Red-capped Manakin,0.48432645201683044,Ceratopipra mentalis_Red-capped Manakin,0.48432645201683044,0.48432645201683044,True,True,True,Ceratopipra mentalis_Red-capped Manakin,1,Ceratopipra mentalis_Red-capped Manakin,0.48396700620651245,Ceratopipra mentalis_Red-capped Manakin,0.48396700620651245,0.48396700620651245,True,True,True,Ceratopipra mentalis_Red-capped Manakin,1,True
Audio_Moth_6_20250321_090941.wav,Audio_Moth_6,2025-03-21 09:00:00,Cantorchilus semibadius_Riverside Wren,0.60492563,0.015041831880807877,Cantorchilus semibadius_Riverside Wren,0.6049275994300842,Cantorchilus semibadius_Riverside Wren,0.6049275994300842,0.6049275994300842,True,True,True,Cantorchilus semibadius_Riverside Wren,1,Cantorchilus semibadius_Riverside Wren,0.6060551404953003,Cantorchilus semibadius_Riverside Wren,0.6060551404953003,0.6060551404953003,True,True,False,Cantorchilus semibadius_Riverside Wren,1,True
Audio_Moth_6_20250321_090947.wav,Audio_Moth_6,2025-03-21 09:00:00,Cantorchilus semibadius_Riverside Wren,0.26140797,0.016088882461190224,Cantorchilus semibadius_Riverside Wren,0.26140710711479187,Cantorchilus semibadius_Riverside Wren,0.26140710711479187,0.26140710711479187,True,True,True,Cantorchilus semibadius_Riverside Wren,1,Cantorchilus semibadius_Riverside Wren,0.2632996737957001,Cantorchilus semibadius_Riverside Wren,0.2632996737957001,0.2632996737957001,True,True,False,Cantorchilus semibadius_Riverside Wren,1,True
Audio_Moth_6_20250321_091429.wav,Audio_Moth_6,2025-03-21 09:00:00,Arremon aurantiirostris_Orange-billed Sparrow,0.29768896,0.019255977123975754,Arremon aurantiirostris_Orange-billed Sparrow,0.29768940806388855,Arremon aurantiirostris_Orange-billed Sparrow,0.29768940806388855,0.29768940806388855,True,True,True,Arremon aurantiirostris_Orange-billed Sparrow,1,Arremon aurantiirostris_Orange-billed Sparrow,0.298841655254364,Arremon aurantiirostris_Orange-billed Sparrow,0.298841655254364,0.298841655254364,True,True,False,Arremon aurantiirostris_Orange-billed Sparrow,1,True
Audio_Moth_6_20250321_091435.wav,Audio_Moth_6,2025-03-21 09:00:00,Hylopezus perspicillatus_Streak-chested Antpitta,0.28552178,0.01937425509095192,Hylopezus perspicillatus_Streak-chested Antpitta,0.28551971912384033,Hylopezus perspicillatus_Streak-chested Antpitta,0.28551971912384033,0.28551971912384033,True,True,True,Hylopezus perspicillatus_Streak-chested Antpitta,1,Hylopezus perspicillatus_Streak-chested Antpitta,0.2828444540500641,Hylopezus perspicillatus_Streak-chested Antpitta,0.2828444540500641,0.2828444540500641,True,True,False,Hylopezus perspicillatus_Streak-chested Antpitta,1,True
Audio_Moth_6_20250321_091444.wav,Audio_Moth_6,2025-03-21 09:00:00,Myiothlypis fulvicauda_Buff-rumped Warbler,0.3465823,0.020232640206813812,Myiothlypis fulvicauda_Buff-rumped Warbler,0.3465818762779236,Myiothlypis fulvicauda_Buff-rumped Warbler,0.3465818762779236,0.3465818762779236,True,True,True,Myiothlypis fulvicauda_Buff-rumped Warbler,1,Myiothlypis fulvicauda_Buff-rumped Warbler,0.3478662371635437,Myiothlypis fulvicauda_Buff-rumped Warbler,0.3478662371635437,0.3478662371635437,True,True,False,Myiothlypis fulvicauda_Buff-rumped Warbler,1,True
Audio_Moth_6_20250321_091447.wav,Audio_Moth_6,2025-03-21 09:00:00,Myiothlypis fulvicauda_Buff-rumped Warbler,0.3567068,0.0205721165984869,Myiothlypis fulvicauda_Buff-rumped Warbler,0.35670286417007446,Myiothlypis fulvicauda_Buff-rumped Warbler,0.35670286417007446,0.35670286417007446,True,True,True,Hylopezus perspicillatus_Streak-chested Antpitta;Myiothlypis fulvicauda_Buff-rumped Warbler,2,Myiothlypis fulvicauda_Buff-rumped Warbler,0.352980375289917,Myiothlypis fulvicauda_Buff-rumped Warbler,0.352980375289917,0.352980375289917,True,True,False,Hylopezus perspicillatus_Streak-chested Antpitta;Myiothlypis fulvicauda_Buff-rumped Warbler,2,True
Audio_Moth_6_20250321_091453.wav,Audio_Moth_6,2025-03-21 09:00:00,Myiothlypis fulvicauda_Buff-rumped Warbler,0.3344434,0.01988629810512066,Myiothlypis fulvicauda_Buff-rumped Warbler,0.334443598985672,Myiothlypis fulvicauda_Buff-rumped Warbler,0.334443598985672,0.334443598985672,True,True,True,Myiothlypis fulvicauda_Buff-rumped Warbler,1,Myiothlypis fulvicauda_Buff-rumped Warbler,0.3352261483669281,Myiothlypis fulvicauda_Buff-rumped Warbler,0.3352261483669281,0.3352261483669281,True,True,True,Myiothlypis fulvicauda_Buff-rumped Warbler,1,True
Audio_Moth_6_20250321_091456.wav,Audio_Moth_6,2025-03-21 09:00:00,Myiothlypis fulvicauda_Buff-rumped Warbler,0.43334725,0.02361777238547802,Myiothlypis fulvicauda_Buff-rumped Warbler,0.4333503842353821,Myiothlypis fulvicauda_Buff-rumped Warbler,0.4333503842353821,0.4333503842353821,True,True,True,Myiothlypis fulvicauda_Buff-rumped Warbler,1,Myiothlypis fulvicauda_Buff-rumped Warbler,0.4217630922794342,Myiothlypis fulvicauda_Buff-rumped Warbler,0.4217630922794342,0.4217630922794342,True,True,False,Myiothlypis fulvicauda_Buff-rumped Warbler,1,True
Audio_Moth_6_20250321_091502.wav,Audio_Moth_6,2025-03-21 09:00:00,Myiothlypis fulvicauda_Buff-rumped Warbler,0.6729683,0.0216160099953413,Myiothlypis fulvicauda_Buff-rumped Warbler,0.6729640960693359,Myiothlypis fulvicauda_Buff-rumped Warbler,0.6729640960693359,0.6729640960693359,True,True,True,Myiothlypis fulvicauda_Buff-rumped Warbler,1,Myiothlypis fulvicauda_Buff-rumped Warbler,0.6761283874511719,Myiothlypis fulvicauda_Buff-rumped Warbler,0.6761283874511719,0.6761283874511719,True,True,False,Myiothlypis fulvicauda_Buff-rumped Warbler,1,True
Audio_Moth_6_20250321_091505.wav,Audio_Moth_6,2025-03-21 09:00:00,Myiothlypis fulvicauda_Buff-rumped Warbler,0.653901,0.02129305712878704,Myiothlypis fulvicauda_Buff-rumped Warbler,0.6539021134376526,Myiothlypis fulvicauda_Buff-rumped Warbler,0.6539021134376526,0.6539021134376526,True,True,True,Myiothlypis fulvicauda_Buff-rumped Warbler,1,Myiothlypis fulvicauda_Buff-rumped Warbler,0.6529691219329834,Myiothlypis fulvicauda_Buff-rumped Warbler,0.6529691219329834,0.6529691219329834,True,True,True,Myiothlypis fulvicauda_Buff-rumped Warbler,1,True
Audio_Moth_6_20250321_091508.wav,Audio_Moth_6,2025-03-21 09:00:00,Myiothlypis fulvicauda_Buff-rumped Warbler,0.8640056,0.019498268142342567,Myiothlypis fulvicauda_Buff-rumped Warbler,0.8640031218528748,Myiothlypis fulvicauda_Buff-rumped Warbler,0.8640031218528748,0.8640031218528748,True,True,True,Myiothlypis fulvicauda_Buff-rumped Warbler,1,Myiothlypis fulvicauda_Buff-rumped Warbler,0.8649095296859741,Myiothlypis fulvicauda_Buff-rumped Warbler,0.8649095296859741,0.8649095296859741,True,True,True,Myiothlypis fulvicauda_Buff-rumped Warbler,1,True
Audio_Moth_6_20250321_091511.wav,Audio_Moth_6,2025-03-21 09:00:00,Myiothlypis fulvicauda_Buff-rumped Warbler,0.9276888,0.0192059725522995,Myiothlypis fulvicauda_Buff-rumped Warbler,0.9276894927024841,Myiothlypis fulvicauda_Buff-rumped Warbler,0.9276894927024841,0.9276894927024841,True,True,True,Myiothlypis fulvicauda_Buff-rumped Warbler,1,Myiothlypis fulvicauda_Buff-rumped Warbler,0.9270502328872681,Myiothlypis fulvicauda_Buff-rumped Warbler,0.9270502328872681,0.9270502328872681,True,True,True,Myiothlypis fulvicauda_Buff-rumped Warbler,1,True
Audio_Moth_6_20250321_091514.wav,Audio_Moth_6,2025-03-21 09:00:00,Myiothlypis fulvicauda_Buff-rumped Warbler,0.94839406,0.01923641562461853,Myiothlypis fulvicauda_Buff-rumped Warbler,0.948394775390625,Myiothlypis fulvicauda_Buff-rumped Warbler,0.948394775390625,0.948394775390625,True,True,True,Myiothlypis fulvicauda_Buff-rumped Warbler,1,Myiothlypis fulvicauda_Buff-rumped Warbler,0.9480953216552734,Myiothlypis fulvicauda_Buff-rumped Warbler,0.9480953216552734,0.9480953216552734,True,True,True,Myiothlypis fulvicauda_Buff-rumped Warbler,1,True
Audio_Moth_6_20250321_091517.wav,Audio_Moth_6,2025-03-21 09:00:00,Myiothlypis fulvicauda_Buff-rumped Warbler,0.9701498,0.017536379396915436,Myiothlypis fulvicauda_Buff-rumped Warbler,0.9701499342918396,Myiothlypis fulvicauda_Buff-rumped Warbler,0.9701499342918396,0.9701499342918396,True,True,True,Myiothlypis fulvicauda_Buff-rumped Warbler,1,Myiothlypis fulvicauda_Buff-rumped Warbler,0.9703428149223328,Myiothlypis fulvicauda_Buff-rumped Warbler,0.9703428149223328,0.9703428149223328,True,True,True,Myiothlypis fulvicauda_Buff-rumped Warbler,1,True
Audio_Moth_6_20250321_091520.wav,Audio_Moth_6,2025-03-21 09:00:00,Myiothlypis fulvicauda_Buff-rumped Warbler,0.8947676,0.017269274219870567,Myiothlypis fulvicauda_Buff-rumped Warbler,0.8947658538818359,Myiothlypis fulvicauda_Buff-rumped Warbler,0.8947658538818359,0.8947658538818359,True,True,True,Myiothlypis fulvicauda_Buff-rumped Warbler,1,Myiothlypis fulvicauda_Buff-rumped Warbler,0.8960386514663696,Myiothlypis fulvicauda_Buff-rumped Warbler,0.8960386514663696,0.8960386514663696,True,True,False,Myiothlypis fulvicauda_Buff-rumped Warbler,1,True
Audio_Moth_6_20250321_091602.wav,Audio_Moth_6,2025-03-21 09:00:00,Hylopezus perspicillatus_Streak-chested Antpitta,0.2960648,0.01653042621910572,Hylopezus perspicillatus_Streak-chested Antpitta,0.29606467485427856,Hylopezus perspicillatus_Streak-chested Antpitta,0.29606467485427856,0.29606467485427856,True,True,True,Hylopezus perspicillatus_Streak-chested Antpitta,1,Hylopezus perspicillatus_Streak-chested Antpitta,0.2963221073150635,Hylopezus perspicillatus_Streak-chested Antpitta,0.2963221073150635,0.2963221073150635,True,True,True,Hylopezus perspicillatus_Streak-chested Antpitta,1,True
Audio_Moth_6_20250321_091626.wav,Audio_Moth_6,2025-03-21 09:00:00,Hylopezus perspicillatus_Streak-chested Antpitta,0.32412454,0.023700157180428505,Hylopezus perspicillatus_Streak-chested Antpitta,0.32412248849868774,Hylopezus perspicillatus_Streak-chested Antpitta,0.32412248849868774,0.32412248849868774,True,True,True,Hylopezus perspicillatus_Streak-chested Antpitta,1,Hylopezus perspicillatus_Streak-chested Antpitta,0.32443004846572876,Hylopezus perspicillatus_Streak-chested Antpitta,0.32443004846572876,0.32443004846572876,True,True,True,Hylopezus perspicillatus_Streak-chested Antpitta,1,True
Audio_Moth_6_20250321_091641.wav,Audio_Moth_6,2025-03-21 09:00:00,Hylopezus perspicillatus_Streak-chested Antpitta,0.36210778,0.022801293060183525,Hylopezus perspicillatus_Streak-chested Antpitta,0.3621101379394531,Hylopezus perspicillatus_Streak-chested Antpitta,0.3621101379394531,0.3621101379394531,True,True,True,Hylopezus perspicillatus_Streak-chested Antpitta,1,Hylopezus perspicillatus_Streak-chested Antpitta,0.35962042212486267,Hylopezus perspicillatus_Streak-chested Antpitta,0.35962042212486267,0.35962042212486267,True,True,False,Hylopezus perspicillatus_Streak-chested Antpitta,1,True
Audio_Moth_6_20250321_091650.wav,Audio_Moth_6,2025-03-21 09:00:00,Hylopezus perspicillatus_Streak-chested Antpitta,0.26830277,0.02164161391556263,Hylopezus perspicillatus_Streak-chested Antpitta,0.2683005630970001,Hylopezus perspicillatus_Streak-chested Antpitta,0.2683005630970001,0.2683005630970001,True,True,True,Hylopezus perspicillatus_Streak-chested Antpitta,1,Hylopezus perspicillatus_Streak-chested Antpitta,0.26998278498649597,Hylopezus perspicillatus_Streak-chested Antpitta,0.26998278498649597,0.26998278498649597,True,True,False,Hylopezus perspicillatus_Streak-chested Antpitta,1,True
Audio_Moth_6_20250321_091935.wav,Audio_Moth_6,2025-03-21 09:00:00,Hylophylax naevioides_Spotted Antbird,0.3653862,0.037678368389606476,Hylophylax naevioides_Spotted Antbird,0.36538606882095337,Hylophylax naevioides_Spotted Antbird,0.36538606882095337,0.36538606882095337,True,True,True,Hylophylax naevioides_Spotted Antbird,1,Hylophylax naevioides_Spotted Antbird,0.3676817715167999,Hylophylax naevioides_Spotted Antbird,0.3676817715167999,0.3676817715167999,True,True,False,Hylophylax naevioides_Spotted Antbird,1,True
Audio_Moth_6_20250321_092002.wav,Audio_Moth_6,2025-03-21 09:00:00,Pachysylvia decurtata_Lesser Greenlet,0.3607513,0.014752807095646858,Pachysylvia decurtata_Lesser Greenlet,0.36074936389923096,Pachysylvia decurtata_Lesser Greenlet,0.36074936389923096,0.36074936389923096,True,True,True,Pachysylvia decurtata_Lesser Greenlet,1,Pachysylvia decurtata_Lesser Greenlet,0.3590947389602661,Pachysylvia decurtata_Lesser Greenlet,0.3590947389602661,0.3590947389602661,True,True,False,Pachysylvia decurtata_Lesser Greenlet,1,True
Audio_Moth_6_20250321_092041.wav,Audio_Moth_6,2025-03-21 09:00:00,Amazilia tzacatl_Rufous-tailed Hummingbird,0.30362323,0.014905116520822048,Amazilia tzacatl_Rufous-tailed Hummingbird,0.3036268353462219,Amazilia tzacatl_Rufous-tailed Hummingbird,0.3036268353462219,0.3036268353462219,True,True,True,Amazilia tzacatl_Rufous-tailed Hummingbird,1,Amazilia tzacatl_Rufous-tailed Hummingbird,0.30596691370010376,Amazilia tzacatl_Rufous-tailed Hummingbird,0.30596691370010376,0.30596691370010376,True,True,False,Amazilia tzacatl_Rufous-tailed Hummingbird,1,True
Audio_Moth_6_20250321_092432.wav,Audio_Moth_6,2025-03-21 09:00:00,Cantorchilus semibadius_Riverside Wren,0.4566713,0.013820934109389782,Cantorchilus semibadius_Riverside Wren,0.45667052268981934,Cantorchilus semibadius_Riverside Wren,0.45667052268981934,0.45667052268981934,True,True,True,Cantorchilus semibadius_Riverside Wren,1,Cantorchilus semibadius_Riverside Wren,0.4574110209941864,Cantorchilus semibadius_Riverside Wren,0.4574110209941864,0.4574110209941864,True,True,True,Cantorchilus semibadius_Riverside Wren,1,True
Audio_Moth_6_20250321_092438.wav,Audio_Moth_6,2025-03-21 09:00:00,Ceratopipra mentalis_Red-capped Manakin,0.36083138,0.009351289831101894,Ceratopipra mentalis_Red-capped Manakin,0.36083096265792847,Ceratopipra mentalis_Red-capped Manakin,0.36083096265792847,0.36083096265792847,True,True,True,Ceratopipra mentalis_Red-capped Manakin,1,Ceratopipra mentalis_Red-capped Manakin,0.3605214059352875,Ceratopipra mentalis_Red-capped Manakin,0.3605214059352875,0.3605214059352875,True,True,True,Ceratopipra mentalis_Red-capped Manakin,1,True
Audio_Moth_6_20250321_092511.wav,Audio_Moth_6,2025-03-21 09:00:00,Epinecrophylla fulviventris_Checker-throated Stipplethroat,0.29814112,0.015161457471549511,Epinecrophylla fulviventris_Checker-throated Stipplethroat,0.2981412708759308,Epinecrophylla fulviventris_Checker-throated Stipplethroat,0.2981412708759308,0.2981412708759308,True,True,True,Epinecrophylla fulviventris_Checker-throated Stipplethroat,1,Epinecrophylla fulviventris_Checker-throated Stipplethroat,0.30140000581741333,Epinecrophylla fulviventris_Checker-throated Stipplethroat,0.30140000581741333,0.30140000581741333,True,True,False,Epinecrophylla fulviventris_Checker-throated Stipplethroat,1,True
Audio_Moth_6_20250321_092532.wav,Audio_Moth_6,2025-03-21 09:00:00,Hylopezus perspicillatus_Streak-chested Antpitta,0.26062366,0.02106252685189247,Hylopezus perspicillatus_Streak-chested Antpitta,0.2606244385242462,Hylopezus perspicillatus_Streak-chested Antpitta,0.2606244385242462,0.2606244385242462,True,True,True,Hylopezus perspicillatus_Streak-chested Antpitta,1,Hylopezus perspicillatus_Streak-chested Antpitta,0.2628698945045471,Hylopezus perspicillatus_Streak-chested Antpitta,0.2628698945045471,0.2628698945045471,True,True,False,Hylopezus perspicillatus_Streak-chested Antpitta,1,True
Audio_Moth_6_20250321_093650.wav,Audio_Moth_6,2025-03-21 10:00:00,Chlorestes eliciae_Blue-throated Goldentail,0.25851557,0.021683594211935997,Chlorestes eliciae_Blue-throated Goldentail,0.2585141658782959,Chlorestes eliciae_Blue-throated Goldentail,0.2585141658782959,0.2585141658782959,True,True,True,Chlorestes eliciae_Blue-throated Goldentail,1,Chlorestes eliciae_Blue-throated Goldentail,0.25750458240509033,Chlorestes eliciae_Blue-throated Goldentail,0.25750458240509033,0.25750458240509033,True,True,False,Chlorestes eliciae_Blue-throated Goldentail,1,True
Audio_Moth_6_20250321_093802.wav,Audio_Moth_6,2025-03-21 10:00:00,Chlorestes eliciae_Blue-throated Goldentail,0.2809288,0.017021261155605316,Chlorestes eliciae_Blue-throated Goldentail,0.2809315323829651,Chlorestes eliciae_Blue-throated Goldentail,0.2809315323829651,0.2809315323829651,True,True,True,Chlorestes eliciae_Blue-throated Goldentail,1,Chlorestes eliciae_Blue-throated Goldentail,0.28108611702919006,Chlorestes eliciae_Blue-throated Goldentail,0.28108611702919006,0.28108611702919006,True,True,True,Chlorestes eliciae_Blue-throated Goldentail,1,True
Audio_Moth_6_20250321_093847.wav,Audio_Moth_6,2025-03-21 10:00:00,Myiothlypis fulvicauda_Buff-rumped Warbler,0.26179639,0.01602890156209469,Myiothlypis fulvicauda_Buff-rumped Warbler,0.2617952525615692,Myiothlypis fulvicauda_Buff-rumped Warbler,0.2617952525615692,0.2617952525615692,True,True,True,Myiothlypis fulvicauda_Buff-rumped Warbler,1,Myiothlypis fulvicauda_Buff-rumped Warbler,0.26302453875541687,Myiothlypis fulvicauda_Buff-rumped Warbler,0.26302453875541687,0.26302453875541687,True,True,False,Myiothlypis fulvicauda_Buff-rumped Warbler,1,True
Audio_Moth_6_20250321_093856.wav,Audio_Moth_6,2025-03-21 10:00:00,Myiornis atricapillus_Black-capped Pygmy-Tyrant,0.31841657,0.014253390021622181,Myiornis atricapillus_Black-capped Pygmy-Tyrant,0.3184133768081665,Myiornis atricapillus_Black-capped Pygmy-Tyrant,0.3184133768081665,0.3184133768081665,True,True,True,Myiornis atricapillus_Black-capped Pygmy-Tyrant,1,Myiornis atricapillus_Black-capped Pygmy-Tyrant,0.30738475918769836,Myiornis atricapillus_Black-capped Pygmy-Tyrant,0.30738475918769836,0.30738475918769836,True,True,False,Myiornis atricapillus_Black-capped Pygmy-Tyrant,1,True
Audio_Moth_6_20250321_093917.wav,Audio_Moth_6,2025-03-21 10:00:00,Hylopezus perspicillatus_Streak-chested Antpitta,0.26332393,0.013265999965369701,Hylopezus perspicillatus_Streak-chested Antpitta,0.2633262276649475,Hylopezus perspicillatus_Streak-chested Antpitta,0.2633262276649475,0.2633262276649475,True,True,True,Hylopezus perspicillatus_Streak-chested Antpitta,1,Hylopezus perspicillatus_Streak-chested Antpitta,0.2652963697910309,Hylopezus perspicillatus_Streak-chested Antpitta,0.2652963697910309,0.2652963697910309,True,True,False,Hylopezus perspicillatus_Streak-chested Antpitta,1,True
Audio_Moth_6_20250321_094005.wav,Audio_Moth_6,2025-03-21 10:00:00,Chlorestes eliciae_Blue-throated Goldentail,0.54811907,0.01778353564441204,Chlorestes eliciae_Blue-throated Goldentail,0.5481143593788147,Chlorestes eliciae_Blue-throated Goldentail,0.5481143593788147,0.5481143593788147,True,True,True,Chlorestes eliciae_Blue-throated Goldentail,1,Chlorestes eliciae_Blue-throated Goldentail,0.5453708171844482,Chlorestes eliciae_Blue-throated Goldentail,0.5453708171844482,0.5453708171844482,True,True,False,Chlorestes eliciae_Blue-throated Goldentail,1,True
Audio_Moth_6_20250321_094011.wav,Audio_Moth_6,2025-03-21 10:00:00,Arremon aurantiirostris_Orange-billed Sparrow,0.3240542,0.015797976404428482,Arremon aurantiirostris_Orange-billed Sparrow,0.3240530490875244,Arremon aurantiirostris_Orange-billed Sparrow,0.3240530490875244,0.3240530490875244,True,True,True,Arremon aurantiirostris_Orange-billed Sparrow,1,Arremon aurantiirostris_Orange-billed Sparrow,0.32534259557724,Arremon aurantiirostris_Orange-billed Sparrow,0.32534259557724,0.32534259557724,True,True,False,Arremon aurantiirostris_Orange-billed Sparrow,1,True
Audio_Moth_6_20250321_094544.wav,Audio_Moth_6,2025-03-21 10:00:00,Buteo platypterus_Broad-winged Hawk,0.38797423,0.044074639678001404,Buteo platypterus_Broad-winged Hawk,0.38797158002853394,Buteo platypterus_Broad-winged Hawk,0.38797158002853394,0.38797158002853394,True,True,True,Buteo platypterus_Broad-winged Hawk,1,Buteo platypterus_Broad-winged Hawk,0.39815157651901245,Buteo platypterus_Broad-winged Hawk,0.39815157651901245,0.39815157651901245,True,True,False,Buteo platypterus_Broad-winged Hawk,1,True
Audio_Moth_6_20250321_094547.wav,Audio_Moth_6,2025-03-21 10:00:00,Chlorestes eliciae_Blue-throated Goldentail,0.44993287,0.056233059614896774,Chlorestes eliciae_Blue-throated Goldentail,0.4499358832836151,Chlorestes eliciae_Blue-throated Goldentail,0.4499358832836151,0.4499358832836151,True,True,True,Chlorestes eliciae_Blue-throated Goldentail,1,Chlorestes eliciae_Blue-throated Goldentail,0.4474646747112274,Chlorestes eliciae_Blue-throated Goldentail,0.4474646747112274,0.4474646747112274,True,True,False,Chlorestes eliciae_Blue-throated Goldentail,1,True
Audio_Moth_6_20250321_094553.wav,Audio_Moth_6,2025-03-21 10:00:00,Buteo platypterus_Broad-winged Hawk,0.34360918,0.053600020706653595,Buteo platypterus_Broad-winged Hawk,0.34360793232917786,Buteo platypterus_Broad-winged Hawk,0.34360793232917786,0.34360793232917786,True,True,True,Buteo platypterus_Broad-winged Hawk,1,Buteo platypterus_Broad-winged Hawk,0.33666300773620605,Buteo platypterus_Broad-winged Hawk,0.33666300773620605,0.33666300773620605,True,True,False,Buteo platypterus_Broad-winged Hawk,1,True
Audio_Moth_6_20250321_094556.wav,Audio_Moth_6,2025-03-21 10:00:00,Buteo platypterus_Broad-winged Hawk,0.39773715,0.02827824093401432,Buteo platypterus_Broad-winged Hawk,0.39772868156433105,Buteo platypterus_Broad-winged Hawk,0.39772868156433105,0.39772868156433105,True,True,True,Buteo platypterus_Broad-winged Hawk;Microcerculus marginatus_Scaly-breasted Wren,2,Buteo platypterus_Broad-winged Hawk,0.3948686718940735,Buteo platypterus_Broad-winged Hawk,0.3948686718940735,0.3948686718940735,True,True,False,Buteo platypterus_Broad-winged Hawk;Microcerculus marginatus_Scaly-breasted Wren,2,True
Audio_Moth_6_20250321_094620.wav,Audio_Moth_6,2025-03-21 10:00:00,Buteo platypterus_Broad-winged Hawk,0.5091437,0.020549345761537552,Buteo platypterus_Broad-winged Hawk,0.5091403722763062,Buteo platypterus_Broad-winged Hawk,0.5091403722763062,0.5091403722763062,True,True,True,Buteo platypterus_Broad-winged Hawk,1,Buteo platypterus_Broad-winged Hawk,0.4797463119029999,Buteo platypterus_Broad-winged Hawk,0.4797463119029999,0.4797463119029999,True,True,False,Buteo platypterus_Broad-winged Hawk,1,True
Audio_Moth_6_20250321_094950.wav,Audio_Moth_6,2025-03-21 10:00:00,Myiornis atricapillus_Black-capped Pygmy-Tyrant,0.40415573,0.04185304418206215,Myiornis atricapillus_Black-capped Pygmy-Tyrant,0.40415921807289124,Myiornis atricapillus_Black-capped Pygmy-Tyrant,0.40415921807289124,0.40415921807289124,True,True,True,Myiornis atricapillus_Black-capped Pygmy-Tyrant,1,Myiornis atricapillus_Black-capped Pygmy-Tyrant,0.4091082811355591,Myiornis atricapillus_Black-capped Pygmy-Tyrant,0.4091082811355591,0.4091082811355591,True,True,False,Myiornis atricapillus_Black-capped Pygmy-Tyrant,1,True
Audio_Moth_6_20250321_095138.wav,Audio_Moth_6,2025-03-21 10:00:00,Myiornis atricapillus_Black-capped Pygmy-Tyrant,0.28789827,0.015896378085017204,Myiornis atricapillus_Black-capped Pygmy-Tyrant,0.28790226578712463,Myiornis atricapillus_Black-capped Pygmy-Tyrant,0.28790226578712463,0.28790226578712463,True,True,True,Myiornis atricapillus_Black-capped Pygmy-Tyrant,1,Myiornis atricapillus_Black-capped Pygmy-Tyrant,0.28753283619880676,Myiornis atricapillus_Black-capped Pygmy-Tyrant,0.28753283619880676,0.28753283619880676,True,True,True,Myiornis atricapillus_Black-capped Pygmy-Tyrant,1,True
Audio_Moth_6_20250321_095141.wav,Audio_Moth_6,2025-03-21 10:00:00,Myiornis atricapillus_Black-capped Pygmy-Tyrant,0.30373415,0.01589420810341835,Myiornis atricapillus_Black-capped Pygmy-Tyrant,0.3037346601486206,Myiornis atricapillus_Black-capped Pygmy-Tyrant,0.3037346601486206,0.3037346601486206,True,True,True,Myiornis atricapillus_Black-capped Pygmy-Tyrant,1,Myiornis atricapillus_Black-capped Pygmy-Tyrant,0.301535427570343,Myiornis atricapillus_Black-capped Pygmy-Tyrant,0.301535427570343,0.301535427570343,True,True,False,Myiornis atricapillus_Black-capped Pygmy-Tyrant,1,True
Audio_Moth_6_20250321_095423.wav,Audio_Moth_6,2025-03-21 10:00:00,Myiothlypis fulvicauda_Buff-rumped Warbler,0.4520264,0.010646026581525803,Myiothlypis fulvicauda_Buff-rumped Warbler,0.4520268738269806,Myiothlypis fulvicauda_Buff-rumped Warbler,0.4520268738269806,0.4520268738269806,True,True,True,Myiothlypis fulvicauda_Buff-rumped Warbler,1,Myiothlypis fulvicauda_Buff-rumped Warbler,0.452053964138031,Myiothlypis fulvicauda_Buff-rumped Warbler,0.452053964138031,0.452053964138031,True,True,True,Myiothlypis fulvicauda_Buff-rumped Warbler,1,True
Audio_Moth_6_20250321_095808.wav,Audio_Moth_6,2025-03-21 10:00:00,Myiornis atricapillus_Black-capped Pygmy-Tyrant,0.7301173,0.01716281659901142,Myiornis atricapillus_Black-capped Pygmy-Tyrant,0.730111300945282,Myiornis atricapillus_Black-capped Pygmy-Tyrant,0.730111300945282,0.730111300945282,True,True,True,Myiornis atricapillus_Black-capped Pygmy-Tyrant,1,Myiornis atricapillus_Black-capped Pygmy-Tyrant,0.7398138642311096,Myiornis atricapillus_Black-capped Pygmy-Tyrant,0.7398138642311096,0.7398138642311096,True,True,False,Myiornis atricapillus_Black-capped Pygmy-Tyrant,1,True
Audio_Moth_6_20250321_100347.wav,Audio_Moth_6,2025-03-21 10:00:00,Myiornis atricapillus_Black-capped Pygmy-Tyrant,0.6872312,0.019791267812252045,Myiornis atricapillus_Black-capped Pygmy-Tyrant,0.6872305870056152,Myiornis atricapillus_Black-capped Pygmy-Tyrant,0.6872305870056152,0.6872305870056152,True,True,True,Myiornis atricapillus_Black-capped Pygmy-Tyrant,1,Myiornis atricapillus_Black-capped Pygmy-Tyrant,0.6860470175743103,Myiornis atricapillus_Black-capped Pygmy-Tyrant,0.6860470175743103,0.6860470175743103,True,True,False,Myiornis atricapillus_Black-capped Pygmy-Tyrant,1,True
Audio_Moth_6_20250321_100747.wav,Audio_Moth_6,2025-03-21 10:00:00,Myiornis atricapillus_Black-capped Pygmy-Tyrant,0.5610391,0.028282463550567627,Myiornis atricapillus_Black-capped Pygmy-Tyrant,0.5610403418540955,Myiornis atricapillus_Black-capped Pygmy-Tyrant,0.5610403418540955,0.5610403418540955,True,True,True,Myiornis atricapillus_Black-capped Pygmy-Tyrant,1,Myiornis atricapillus_Black-capped Pygmy-Tyrant,0.571567177772522,Myiornis atricapillus_Black-capped Pygmy-Tyrant,0.571567177772522,0.571567177772522,True,True,False,Myiornis atricapillus_Black-capped Pygmy-Tyrant,1,True
Audio_Moth_6_20250321_101050.wav,Audio_Moth_6,2025-03-21 10:00:00,Chlorestes eliciae_Blue-throated Goldentail,0.32890746,0.014262293465435505,Chlorestes eliciae_Blue-throated Goldentail,0.3289082944393158,Chlorestes eliciae_Blue-throated Goldentail,0.3289082944393158,0.3289082944393158,True,True,True,Chlorestes eliciae_Blue-throated Goldentail,1,Chlorestes eliciae_Blue-throated Goldentail,0.33005788922309875,Chlorestes eliciae_Blue-throated Goldentail,0.33005788922309875,0.33005788922309875,True,True,False,Chlorestes eliciae_Blue-throated Goldentail,1,True
Audio_Moth_6_20250321_101241.wav,Audio_Moth_6,2025-03-21 10:00:00,Pachysylvia decurtata_Lesser Greenlet,0.4176916,0.025358274579048157,Pachysylvia decurtata_Lesser Greenlet,0.41768956184387207,Pachysylvia decurtata_Lesser Greenlet,0.41768956184387207,0.41768956184387207,True,True,True,Pachysylvia decurtata_Lesser Greenlet,1,Pachysylvia decurtata_Lesser Greenlet,0.40528222918510437,Pachysylvia decurtata_Lesser Greenlet,0.40528222918510437,0.40528222918510437,True,True,False,Pachysylvia decurtata_Lesser Greenlet,1,True
Audio_Moth_6_20250321_101635.wav,Audio_Moth_6,2025-03-21 10:00:00,Pachysylvia decurtata_Lesser Greenlet,0.31049106,0.04146299511194229,Pachysylvia decurtata_Lesser Greenlet,0.310491681098938,Pachysylvia decurtata_Lesser Greenlet,0.310491681098938,0.310491681098938,True,True,True,Pachysylvia decurtata_Lesser Greenlet,1,Pachysylvia decurtata_Lesser Greenlet,0.30983689427375793,Pachysylvia decurtata_Lesser Greenlet,0.30983689427375793,0.30983689427375793,True,True,True,Pachysylvia decurtata_Lesser Greenlet,1,True
Audio_Moth_6_20250321_101823.wav,Audio_Moth_6,2025-03-21 10:00:00,Myiothlypis fulvicauda_Buff-rumped Warbler,0.6606193,0.01968182437121868,Myiothlypis fulvicauda_Buff-rumped Warbler,0.6606257557868958,Myiothlypis fulvicauda_Buff-rumped Warbler,0.6606257557868958,0.6606257557868958,True,True,True,Myiothlypis fulvicauda_Buff-rumped Warbler,1,Myiothlypis fulvicauda_Buff-rumped Warbler,0.6600193381309509,Myiothlypis fulvicauda_Buff-rumped Warbler,0.6600193381309509,0.6600193381309509,True,True,True,Myiothlypis fulvicauda_Buff-rumped Warbler,1,True
Audio_Moth_6_20250321_101826.wav,Audio_Moth_6,2025-03-21 10:00:00,Myiothlypis fulvicauda_Buff-rumped Warbler,0.35773513,0.027698511257767677,Myiothlypis fulvicauda_Buff-rumped Warbler,0.3577292263507843,Myiothlypis fulvicauda_Buff-rumped Warbler,0.3577292263507843,0.3577292263507843,True,True,True,Myiothlypis fulvicauda_Buff-rumped Warbler,1,Myiothlypis fulvicauda_Buff-rumped Warbler,0.357205867767334,Myiothlypis fulvicauda_Buff-rumped Warbler,0.357205867767334,0.357205867767334,True,True,True,Myiothlypis fulvicauda_Buff-rumped Warbler,1,True
Audio_Moth_6_20250321_102026.wav,Audio_Moth_6,2025-03-21 10:00:00,Myiothlypis fulvicauda_Buff-rumped Warbler,0.6078981,0.040373701602220535,Myiothlypis fulvicauda_Buff-rumped Warbler,0.607900083065033,Myiothlypis fulvicauda_Buff-rumped Warbler,0.607900083065033,0.607900083065033,True,True,True,Myiothlypis fulvicauda_Buff-rumped Warbler,1,Myiothlypis fulvicauda_Buff-rumped Warbler,0.6137367486953735,Myiothlypis fulvicauda_Buff-rumped Warbler,0.6137367486953735,0.6137367486953735,True,True,False,Myiothlypis fulvicauda_Buff-rumped Warbler,1,True
Audio_Moth_6_20250321_102035.wav,Audio_Moth_6,2025-03-21 10:00:00,Myiothlypis fulvicauda_Buff-rumped Warbler,0.7164028,0.04810887947678566,Myiothlypis fulvicauda_Buff-rumped Warbler,0.7164061069488525,Myiothlypis fulvicauda_Buff-rumped Warbler,0.7164061069488525,0.7164061069488525,True,True,True,Myiothlypis fulvicauda_Buff-rumped Warbler,1,Myiothlypis fulvicauda_Buff-rumped Warbler,0.7174975872039795,Myiothlypis fulvicauda_Buff-rumped Warbler,0.7174975872039795,0.7174975872039795,True,True,False,Myiothlypis fulvicauda_Buff-rumped Warbler,1,True
Audio_Moth_6_20250321_102038.wav,Audio_Moth_6,2025-03-21 10:00:00,Myiothlypis fulvicauda_Buff-rumped Warbler,0.75119066,0.05462690442800522,Myiothlypis fulvicauda_Buff-rumped Warbler,0.7511879205703735,Myiothlypis fulvicauda_Buff-rumped Warbler,0.7511879205703735,0.7511879205703735,True,True,True,Myiothlypis fulvicauda_Buff-rumped Warbler,1,Myiothlypis fulvicauda_Buff-rumped Warbler,0.7511270046234131,Myiothlypis fulvicauda_Buff-rumped Warbler,0.7511270046234131,0.7511270046234131,True,True,True,Myiothlypis fulvicauda_Buff-rumped Warbler,1,True
Audio_Moth_6_20250321_102041.wav,Audio_Moth_6,2025-03-21 10:00:00,Myiothlypis fulvicauda_Buff-rumped Warbler,0.26833773,0.04817206785082817,Myiothlypis fulvicauda_Buff-rumped Warbler,0.26833564043045044,Myiothlypis fulvicauda_Buff-rumped Warbler,0.26833564043045044,0.26833564043045044,True,True,True,Myiothlypis fulvicauda_Buff-rumped Warbler,1,Myiothlypis fulvicauda_Buff-rumped Warbler,0.2719825506210327,Myiothlypis fulvicauda_Buff-rumped Warbler,0.2719825506210327,0.2719825506210327,True,True,False,Myiothlypis fulvicauda_Buff-rumped Warbler,1,True
Audio_Moth_6_20250321_102044.wav,Audio_Moth_6,2025-03-21 10:00:00,Myiornis atricapillus_Black-capped Pygmy-Tyrant,0.26955968,0.04686649888753891,Myiornis atricapillus_Black-capped Pygmy-Tyrant,0.26956042647361755,Myiornis atricapillus_Black-capped Pygmy-Tyrant,0.26956042647361755,0.26956042647361755,True,True,True,Myiornis atricapillus_Black-capped Pygmy-Tyrant,1,Myiornis atricapillus_Black-capped Pygmy-Tyrant,0.2670093774795532,Myiornis atricapillus_Black-capped Pygmy-Tyrant,0.2670093774795532,0.2670093774795532,True,True,False,Myiornis atricapillus_Black-capped Pygmy-Tyrant,1,True
Audio_Moth_6_20250321_102320.wav,Audio_Moth_6,2025-03-21 10:00:00,Phaethornis striigularis_Stripe-throated Hermit,0.6749698,0.02447044476866722,Phaethornis striigularis_Stripe-throated Hermit,0.6749683022499084,Phaethornis striigularis_Stripe-throated Hermit,0.6749683022499084,0.6749683022499084,True,True,True,Phaethornis striigularis_Stripe-throated Hermit,1,Phaethornis striigularis_Stripe-throated Hermit,0.6773857474327087,Phaethornis striigularis_Stripe-throated Hermit,0.6773857474327087,0.6773857474327087,True,True,False,Phaethornis striigularis_Stripe-throated Hermit,1,True
Audio_Moth_6_20250321_103638.wav,Audio_Moth_6,2025-03-21 11:00:00,Mionectes oleagineus_Ochre-bellied Flycatcher,0.79464793,0.017375940456986427,Mionectes oleagineus_Ochre-bellied Flycatcher,0.7946456670761108,Mionectes oleagineus_Ochre-bellied Flycatcher,0.7946456670761108,0.7946456670761108,True,True,True,Mionectes oleagineus_Ochre-bellied Flycatcher,1,Mionectes oleagineus_Ochre-bellied Flycatcher,0.7997192740440369,Mionectes oleagineus_Ochre-bellied Flycatcher,0.7997192740440369,0.7997192740440369,True,True,False,Mionectes oleagineus_Ochre-bellied Flycatcher,1,True
Audio_Moth_6_20250321_103750.wav,Audio_Moth_6,2025-03-21 11:00:00,Mionectes oleagineus_Ochre-bellied Flycatcher,0.6601552,0.011411578394472599,Mionectes oleagineus_Ochre-bellied Flycatcher,0.6601531505584717,Mionectes oleagineus_Ochre-bellied Flycatcher,0.6601531505584717,0.6601531505584717,True,True,True,Mionectes oleagineus_Ochre-bellied Flycatcher,1,Mionectes oleagineus_Ochre-bellied Flycatcher,0.6630266308784485,Mionectes oleagineus_Ochre-bellied Flycatcher,0.6630266308784485,0.6630266308784485,True,True,False,Mionectes oleagineus_Ochre-bellied Flycatcher,1,True
Audio_Moth_6_20250321_104050.wav,Audio_Moth_6,2025-03-21 11:00:00,Phaethornis striigularis_Stripe-throated Hermit,0.6597655,0.03403489664196968,Phaethornis striigularis_Stripe-throated Hermit,0.6597661972045898,Phaethornis striigularis_Stripe-throated Hermit,0.6597661972045898,0.6597661972045898,True,True,True,Phaethornis striigularis_Stripe-throated Hermit,1,Phaethornis striigularis_Stripe-throated Hermit,0.6662034392356873,Phaethornis striigularis_Stripe-throated Hermit,0.6662034392356873,0.6662034392356873,True,True,False,Phaethornis striigularis_Stripe-throated Hermit,1,True
Audio_Moth_6_20250321_104132.wav,Audio_Moth_6,2025-03-21 11:00:00,Phaethornis striigularis_Stripe-throated Hermit,0.4394121,0.05408569052815437,Phaethornis striigularis_Stripe-throated Hermit,0.4394133388996124,Phaethornis striigularis_Stripe-throated Hermit,0.4394133388996124,0.4394133388996124,True,True,True,Phaethornis striigularis_Stripe-throated Hermit,1,Phaethornis striigularis_Stripe-throated Hermit,0.43901559710502625,Phaethornis striigularis_Stripe-throated Hermit,0.43901559710502625,0.43901559710502625,True,True,True,Phaethornis striigularis_Stripe-throated Hermit,1,True
Audio_Moth_6_20250321_104135.wav,Audio_Moth_6,2025-03-21 11:00:00,Phaethornis striigularis_Stripe-throated Hermit,0.29061922,0.035288676619529724,Phaethornis striigularis_Stripe-throated Hermit,0.29062026739120483,Phaethornis striigularis_Stripe-throated Hermit,0.29062026739120483,0.29062026739120483,True,True,True,Phaethornis striigularis_Stripe-throated Hermit,1,Phaethornis striigularis_Stripe-throated Hermit,0.29449355602264404,Phaethornis striigularis_Stripe-throated Hermit,0.29449355602264404,0.29449355602264404,True,True,False,Phaethornis striigularis_Stripe-throated Hermit,1,True
Audio_Moth_6_20250321_104141.wav,Audio_Moth_6,2025-03-21 11:00:00,Phaethornis striigularis_Stripe-throated Hermit,0.38847312,0.06095106899738312,Phaethornis striigularis_Stripe-throated Hermit,0.38847586512565613,Phaethornis striigularis_Stripe-throated Hermit,0.38847586512565613,0.38847586512565613,True,True,True,Phaethornis striigularis_Stripe-throated Hermit,1,Phaethornis striigularis_Stripe-throated Hermit,0.39636197686195374,Phaethornis striigularis_Stripe-throated Hermit,0.39636197686195374,0.39636197686195374,True,True,False,Phaethornis striigularis_Stripe-throated Hermit,1,True
Audio_Moth_6_20250321_104150.wav,Audio_Moth_6,2025-03-21 11:00:00,Phaethornis striigularis_Stripe-throated Hermit,0.35793233,0.024815604090690613,Phaethornis striigularis_Stripe-throated Hermit,0.35794350504875183,Phaethornis striigularis_Stripe-throated Hermit,0.35794350504875183,0.35794350504875183,True,True,True,Phaethornis striigularis_Stripe-throated Hermit,1,Phaethornis striigularis_Stripe-throated Hermit,0.36282092332839966,Phaethornis striigularis_Stripe-throated Hermit,0.36282092332839966,0.36282092332839966,True,True,False,Phaethornis striigularis_Stripe-throated Hermit,1,True
Audio_Moth_6_20250321_104153.wav,Audio_Moth_6,2025-03-21 11:00:00,Phaethornis striigularis_Stripe-throated Hermit,0.463686,0.027417372912168503,Phaethornis striigularis_Stripe-throated Hermit,0.4636901319026947,Phaethornis striigularis_Stripe-throated Hermit,0.4636901319026947,0.4636901319026947,True,True,True,Phaethornis striigularis_Stripe-throated Hermit,1,Phaethornis striigularis_Stripe-throated Hermit,0.4711987376213074,Phaethornis striigularis_Stripe-throated Hermit,0.4711987376213074,0.4711987376213074,True,True,False,Phaethornis striigularis_Stripe-throated Hermit,1,True
Audio_Moth_6_20250321_104156.wav,Audio_Moth_6,2025-03-21 11:00:00,Phaethornis striigularis_Stripe-throated Hermit,0.2762606,0.046408649533987045,Phaethornis striigularis_Stripe-throated Hermit,0.27626195549964905,Phaethornis striigularis_Stripe-throated Hermit,0.27626195549964905,0.27626195549964905,True,True,True,Phaethornis striigularis_Stripe-throated Hermit,1,Phaethornis striigularis_Stripe-throated Hermit,0.28122207522392273,Phaethornis striigularis_Stripe-throated Hermit,0.28122207522392273,0.28122207522392273,True,True,False,Phaethornis striigularis_Stripe-throated Hermit,1,True
Audio_Moth_6_20250321_104202.wav,Audio_Moth_6,2025-03-21 11:00:00,Phaethornis striigularis_Stripe-throated Hermit,0.3071281,0.05108480155467987,Phaethornis striigularis_Stripe-throated Hermit,0.3071269989013672,Phaethornis striigularis_Stripe-throated Hermit,0.3071269989013672,0.3071269989013672,True,True,True,Phaethornis striigularis_Stripe-throated Hermit,1,Phaethornis striigularis_Stripe-throated Hermit,0.30928561091423035,Phaethornis striigularis_Stripe-throated Hermit,0.30928561091423035,0.30928561091423035,True,True,False,Phaethornis striigularis_Stripe-throated Hermit,1,True
Audio_Moth_6_20250321_104205.wav,Audio_Moth_6,2025-03-21 11:00:00,Phaethornis striigularis_Stripe-throated Hermit,0.62480736,0.05484830588102341,Phaethornis striigularis_Stripe-throated Hermit,0.6248052716255188,Phaethornis striigularis_Stripe-throated Hermit,0.6248052716255188,0.6248052716255188,True,True,True,Phaethornis striigularis_Stripe-throated Hermit,1,Phaethornis striigularis_Stripe-throated Hermit,0.6304693818092346,Phaethornis striigularis_Stripe-throated Hermit,0.6304693818092346,0.6304693818092346,True,True,False,Phaethornis striigularis_Stripe-throated Hermit,1,True
Audio_Moth_6_20250321_105347.wav,Audio_Moth_6,2025-03-21 11:00:00,Chlorestes eliciae_Blue-throated Goldentail,0.29371524,0.007692592218518257,Chlorestes eliciae_Blue-throated Goldentail,0.2937158942222595,Chlorestes eliciae_Blue-throated Goldentail,0.2937158942222595,0.2937158942222595,True,True,True,Chlorestes eliciae_Blue-throated Goldentail,1,Chlorestes eliciae_Blue-throated Goldentail,0.2950090765953064,Chlorestes eliciae_Blue-throated Goldentail,0.2950090765953064,0.2950090765953064,True,True,False,Chlorestes eliciae_Blue-throated Goldentail,1,True
Audio_Moth_6_20250321_105408.wav,Audio_Moth_6,2025-03-21 11:00:00,Myiothlypis fulvicauda_Buff-rumped Warbler,0.4210553,0.01131498720496893,Myiothlypis fulvicauda_Buff-rumped Warbler,0.4210560917854309,Myiothlypis fulvicauda_Buff-rumped Warbler,0.4210560917854309,0.4210560917854309,True,True,True,Myiothlypis fulvicauda_Buff-rumped Warbler,1,Myiothlypis fulvicauda_Buff-rumped Warbler,0.4262848496437073,Myiothlypis fulvicauda_Buff-rumped Warbler,0.4262848496437073,0.4262848496437073,True,True,False,Myiothlypis fulvicauda_Buff-rumped Warbler,1,True
Audio_Moth_6_20250321_105926.wav,Audio_Moth_6,2025-03-21 11:00:00,Arremon aurantiirostris_Orange-billed Sparrow,0.52106464,0.011683912016451359,Arremon aurantiirostris_Orange-billed Sparrow,0.5210599899291992,Arremon aurantiirostris_Orange-billed Sparrow,0.5210599899291992,0.5210599899291992,True,True,True,Arremon aurantiirostris_Orange-billed Sparrow,1,Arremon aurantiirostris_Orange-billed Sparrow,0.5243095755577087,Arremon aurantiirostris_Orange-billed Sparrow,0.5243095755577087,0.5243095755577087,True,True,False,Arremon aurantiirostris_Orange-billed Sparrow,1,True
Audio_Moth_6_20250321_105932.wav,Audio_Moth_6,2025-03-21 11:00:00,Arremon aurantiirostris_Orange-billed Sparrow,0.28262925,0.010426541790366173,Arremon aurantiirostris_Orange-billed Sparrow,0.2826332151889801,Arremon aurantiirostris_Orange-billed Sparrow,0.2826332151889801,0.2826332151889801,True,True,True,Arremon aurantiirostris_Orange-billed Sparrow,1,Arremon aurantiirostris_Orange-billed Sparrow,0.28353995084762573,Arremon aurantiirostris_Orange-billed Sparrow,0.28353995084762573,0.28353995084762573,True,True,True,Arremon aurantiirostris_Orange-billed Sparrow,1,True
Audio_Moth_6_20250321_105935.wav,Audio_Moth_6,2025-03-21 11:00:00,Chlorestes eliciae_Blue-throated Goldentail,0.27963358,0.014276120811700821,Chlorestes eliciae_Blue-throated Goldentail,0.27963748574256897,Chlorestes eliciae_Blue-throated Goldentail,0.27963748574256897,0.27963748574256897,True,True,True,Chlorestes eliciae_Blue-throated Goldentail,1,Chlorestes eliciae_Blue-throated Goldentail,0.28173530101776123,Chlorestes eliciae_Blue-throated Goldentail,0.28173530101776123,0.28173530101776123,True,True,False,Chlorestes eliciae_Blue-throated Goldentail,1,True
Audio_Moth_6_20250321_110020.wav,Audio_Moth_6,2025-03-21 11:00:00,Chlorestes eliciae_Blue-throated Goldentail,0.33124295,0.016102541238069534,Chlorestes eliciae_Blue-throated Goldentail,0.3312452733516693,Chlorestes eliciae_Blue-throated Goldentail,0.3312452733516693,0.3312452733516693,True,True,True,Chlorestes eliciae_Blue-throated Goldentail,1,Chlorestes eliciae_Blue-throated Goldentail,0.3365318477153778,Chlorestes eliciae_Blue-throated Goldentail,0.3365318477153778,0.3365318477153778,True,True,False,Chlorestes eliciae_Blue-throated Goldentail,1,True
Audio_Moth_6_20250321_110041.wav,Audio_Moth_6,2025-03-21 11:00:00,Chlorestes eliciae_Blue-throated Goldentail,0.43037346,0.019571863114833832,Chlorestes eliciae_Blue-throated Goldentail,0.4303695261478424,Chlorestes eliciae_Blue-throated Goldentail,0.4303695261478424,0.4303695261478424,True,True,True,Chlorestes eliciae_Blue-throated Goldentail,1,Chlorestes eliciae_Blue-throated Goldentail,0.4306125342845917,Chlorestes eliciae_Blue-throated Goldentail,0.4306125342845917,0.4306125342845917,True,True,True,Chlorestes eliciae_Blue-throated Goldentail,1,True
Audio_Moth_6_20250321_110053.wav,Audio_Moth_6,2025-03-21 11:00:00,Chlorestes eliciae_Blue-throated Goldentail,0.30805463,0.012544487603008747,Chlorestes eliciae_Blue-throated Goldentail,0.30805715918540955,Chlorestes eliciae_Blue-throated Goldentail,0.30805715918540955,0.30805715918540955,True,True,True,Chlorestes eliciae_Blue-throated Goldentail,1,Chlorestes eliciae_Blue-throated Goldentail,0.3105466365814209,Chlorestes eliciae_Blue-throated Goldentail,0.3105466365814209,0.3105466365814209,True,True,False,Chlorestes eliciae_Blue-throated Goldentail,1,True
Audio_Moth_6_20250321_110208.wav,Audio_Moth_6,2025-03-21 11:00:00,Chlorestes eliciae_Blue-throated Goldentail,0.2821319,0.021777020767331123,Chlorestes eliciae_Blue-throated Goldentail,0.2821257412433624,Chlorestes eliciae_Blue-throated Goldentail,0.2821257412433624,0.2821257412433624,True,True,True,Chlorestes eliciae_Blue-throated Goldentail,1,Chlorestes eliciae_Blue-throated Goldentail,0.2865966856479645,Chlorestes eliciae_Blue-throated Goldentail,0.2865966856479645,0.2865966856479645,True,True,False,Chlorestes eliciae_Blue-throated Goldentail,1,True
Audio_Moth_6_20250321_110256.wav,Audio_Moth_6,2025-03-21 11:00:00,Arremon aurantiirostris_Orange-billed Sparrow,0.37558094,0.010941287502646446,Arremon aurantiirostris_Orange-billed Sparrow,0.3755800426006317,Arremon aurantiirostris_Orange-billed Sparrow,0.3755800426006317,0.3755800426006317,True,True,True,Arremon aurantiirostris_Orange-billed Sparrow,1,Arremon aurantiirostris_Orange-billed Sparrow,0.3762909173965454,Arremon aurantiirostris_Orange-billed Sparrow,0.3762909173965454,0.3762909173965454,True,True,True,Arremon aurantiirostris_Orange-billed Sparrow,1,True
Audio_Moth_6_20250321_110326.wav,Audio_Moth_6,2025-03-21 11:00:00,Myiornis atricapillus_Black-capped Pygmy-Tyrant,0.5998657,0.01732790842652321,Myiornis atricapillus_Black-capped Pygmy-Tyrant,0.5998600125312805,Myiornis atricapillus_Black-capped Pygmy-Tyrant,0.5998600125312805,0.5998600125312805,True,True,True,Myiornis atricapillus_Black-capped Pygmy-Tyrant,1,Myiornis atricapillus_Black-capped Pygmy-Tyrant,0.5928389430046082,Myiornis atricapillus_Black-capped Pygmy-Tyrant,0.5928389430046082,0.5928389430046082,True,True,False,Myiornis atricapillus_Black-capped Pygmy-Tyrant,1,True
Audio_Moth_6_20250321_110456.wav,Audio_Moth_6,2025-03-21 11:00:00,Myiothlypis fulvicauda_Buff-rumped Warbler,0.26866972,0.010429197922348976,Myiothlypis fulvicauda_Buff-rumped Warbler,0.26867130398750305,Myiothlypis fulvicauda_Buff-rumped Warbler,0.26867130398750305,0.26867130398750305,True,True,True,Myiothlypis fulvicauda_Buff-rumped Warbler,1,Myiothlypis fulvicauda_Buff-rumped Warbler,0.26966193318367004,Myiothlypis fulvicauda_Buff-rumped Warbler,0.26966193318367004,0.26966193318367004,True,True,True,Myiothlypis fulvicauda_Buff-rumped Warbler,1,True
Audio_Moth_6_20250321_110559.wav,Audio_Moth_6,2025-03-21 11:00:00,Myiothlypis fulvicauda_Buff-rumped Warbler,0.44670928,0.01198213454335928,Myiothlypis fulvicauda_Buff-rumped Warbler,0.44670960307121277,Myiothlypis fulvicauda_Buff-rumped Warbler,0.44670960307121277,0.44670960307121277,True,True,True,Myiothlypis fulvicauda_Buff-rumped Warbler,1,Myiothlypis fulvicauda_Buff-rumped Warbler,0.44347912073135376,Myiothlypis fulvicauda_Buff-rumped Warbler,0.44347912073135376,0.44347912073135376,True,True,False,Myiothlypis fulvicauda_Buff-rumped Warbler,1,True
Audio_Moth_6_20250321_110638.wav,Audio_Moth_6,2025-03-21 11:00:00,Arremon aurantiirostris_Orange-billed Sparrow,0.43483165,0.014329889789223671,Arremon aurantiirostris_Orange-billed Sparrow,0.4348404109477997,Arremon aurantiirostris_Orange-billed Sparrow,0.4348404109477997,0.4348404109477997,True,True,True,Arremon aurantiirostris_Orange-billed Sparrow,1,Arremon aurantiirostris_Orange-billed Sparrow,0.43867820501327515,Arremon aurantiirostris_Orange-billed Sparrow,0.43867820501327515,0.43867820501327515,True,True,False,Arremon aurantiirostris_Orange-billed Sparrow,1,True
Audio_Moth_6_20250321_110808.wav,Audio_Moth_6,2025-03-21 11:00:00,Myiothlypis fulvicauda_Buff-rumped Warbler,0.7517263,0.01451047882437706,Myiothlypis fulvicauda_Buff-rumped Warbler,0.751725435256958,Myiothlypis fulvicauda_Buff-rumped Warbler,0.751725435256958,0.751725435256958,True,True,True,Myiothlypis fulvicauda_Buff-rumped Warbler,1,Myiothlypis fulvicauda_Buff-rumped Warbler,0.7507171034812927,Myiothlypis fulvicauda_Buff-rumped Warbler,0.7507171034812927,0.7507171034812927,True,True,False,Myiothlypis fulvicauda_Buff-rumped Warbler,1,True
Audio_Moth_6_20250321_110811.wav,Audio_Moth_6,2025-03-21 11:00:00,Myiothlypis fulvicauda_Buff-rumped Warbler,0.74796367,0.03578188270330429,Myiothlypis fulvicauda_Buff-rumped Warbler,0.7479674220085144,Myiothlypis fulvicauda_Buff-rumped Warbler,0.7479674220085144,0.7479674220085144,True,True,True,Myiothlypis fulvicauda_Buff-rumped Warbler,1,Myiothlypis fulvicauda_Buff-rumped Warbler,0.7465764284133911,Myiothlypis fulvicauda_Buff-rumped Warbler,0.7465764284133911,0.7465764284133911,True,True,False,Myiothlypis fulvicauda_Buff-rumped Warbler,1,True
Audio_Moth_6_20250321_110814.wav,Audio_Moth_6,2025-03-21 11:00:00,Myiothlypis fulvicauda_Buff-rumped Warbler,0.71065617,0.02288968861103058,Myiothlypis fulvicauda_Buff-rumped Warbler,0.7106515765190125,Myiothlypis fulvicauda_Buff-rumped Warbler,0.7106515765190125,0.7106515765190125,True,True,True,Myiothlypis fulvicauda_Buff-rumped Warbler,1,Myiothlypis fulvicauda_Buff-rumped Warbler,0.7127208709716797,Myiothlypis fulvicauda_Buff-rumped Warbler,0.7127208709716797,0.7127208709716797,True,True,False,Myiothlypis fulvicauda_Buff-rumped Warbler,1,True
Audio_Moth_6_20250321_110820.wav,Audio_Moth_6,2025-03-21 11:00:00,Myiothlypis fulvicauda_Buff-rumped Warbler,0.3748234,0.03386898338794708,Myiothlypis fulvicauda_Buff-rumped Warbler,0.37482643127441406,Myiothlypis fulvicauda_Buff-rumped Warbler,0.37482643127441406,0.37482643127441406,True,True,True,Myiothlypis fulvicauda_Buff-rumped Warbler,1,Myiothlypis fulvicauda_Buff-rumped Warbler,0.36843374371528625,Myiothlypis fulvicauda_Buff-rumped Warbler,0.36843374371528625,0.36843374371528625,True,True,False,Myiothlypis fulvicauda_Buff-rumped Warbler,1,True
Audio_Moth_6_20250321_110829.wav,Audio_Moth_6,2025-03-21 11:00:00,Myiothlypis fulvicauda_Buff-rumped Warbler,0.641129,0.018893077969551086,Myiothlypis fulvicauda_Buff-rumped Warbler,0.6411364674568176,Myiothlypis fulvicauda_Buff-rumped Warbler,0.6411364674568176,0.6411364674568176,True,True,True,Myiothlypis fulvicauda_Buff-rumped Warbler,1,Myiothlypis fulvicauda_Buff-rumped Warbler,0.6466389894485474,Myiothlypis fulvicauda_Buff-rumped Warbler,0.6466389894485474,0.6466389894485474,True,True,False,Myiothlypis fulvicauda_Buff-rumped Warbler,1,True
Audio_Moth_6_20250321_110832.wav,Audio_Moth_6,2025-03-21 11:00:00,Myiothlypis fulvicauda_Buff-rumped Warbler,0.82693434,0.02816978096961975,Myiothlypis fulvicauda_Buff-rumped Warbler,0.826937735080719,Myiothlypis fulvicauda_Buff-rumped Warbler,0.826937735080719,0.826937735080719,True,True,True,Myiothlypis fulvicauda_Buff-rumped Warbler,1,Myiothlypis fulvicauda_Buff-rumped Warbler,0.8274644613265991,Myiothlypis fulvicauda_Buff-rumped Warbler,0.8274644613265991,0.8274644613265991,True,True,True,Myiothlypis fulvicauda_Buff-rumped Warbler,1,True
Audio_Moth_6_20250321_110835.wav,Audio_Moth_6,2025-03-21 11:00:00,Myiothlypis fulvicauda_Buff-rumped Warbler,0.6732739,0.025049909949302673,Myiothlypis fulvicauda_Buff-rumped Warbler,0.673268735408783,Myiothlypis fulvicauda_Buff-rumped Warbler,0.673268735408783,0.673268735408783,True,True,True,Myiothlypis fulvicauda_Buff-rumped Warbler,1,Myiothlypis fulvicauda_Buff-rumped Warbler,0.6583396196365356,Myiothlypis fulvicauda_Buff-rumped Warbler,0.6583396196365356,0.6583396196365356,True,True,False,Myiothlypis fulvicauda_Buff-rumped Warbler,1,True
Audio_Moth_6_20250321_111014.wav,Audio_Moth_6,2025-03-21 11:00:00,Chlorestes eliciae_Blue-throated Goldentail,0.41899624,0.021718181669712067,Chlorestes eliciae_Blue-throated Goldentail,0.41899266839027405,Chlorestes eliciae_Blue-throated Goldentail,0.41899266839027405,0.41899266839027405,True,True,True,Chlorestes eliciae_Blue-throated Goldentail,1,Chlorestes eliciae_Blue-throated Goldentail,0.41495493054389954,Chlorestes eliciae_Blue-throated Goldentail,0.41495493054389954,0.41495493054389954,True,True,False,Chlorestes eliciae_Blue-throated Goldentail,1,True
Audio_Moth_6_20250321_111023.wav,Audio_Moth_6,2025-03-21 11:00:00,Chlorestes eliciae_Blue-throated Goldentail,0.37458307,0.01809115894138813,Chlorestes eliciae_Blue-throated Goldentail,0.3745831251144409,Chlorestes eliciae_Blue-throated Goldentail,0.3745831251144409,0.3745831251144409,True,True,True,Chlorestes eliciae_Blue-throated Goldentail,1,Chlorestes eliciae_Blue-throated Goldentail,0.38333550095558167,Chlorestes eliciae_Blue-throated Goldentail,0.38333550095558167,0.38333550095558167,True,True,False,Chlorestes eliciae_Blue-throated Goldentail,1,True
Audio_Moth_6_20250321_111047.wav,Audio_Moth_6,2025-03-21 11:00:00,Chlorestes eliciae_Blue-throated Goldentail,0.31961232,0.013410123065114021,Chlorestes eliciae_Blue-throated Goldentail,0.3196117877960205,Chlorestes eliciae_Blue-throated Goldentail,0.3196117877960205,0.3196117877960205,True,True,True,Chlorestes eliciae_Blue-throated Goldentail,1,Chlorestes eliciae_Blue-throated Goldentail,0.31764766573905945,Chlorestes eliciae_Blue-throated Goldentail,0.31764766573905945,0.31764766573905945,True,True,False,Chlorestes eliciae_Blue-throated Goldentail,1,True
Audio_Moth_6_20250321_111105.wav,Audio_Moth_6,2025-03-21 11:00:00,Chlorestes eliciae_Blue-throated Goldentail,0.4197883,0.05495389550924301,Chlorestes eliciae_Blue-throated Goldentail,0.41978856921195984,Chlorestes eliciae_Blue-throated Goldentail,0.41978856921195984,0.41978856921195984,True,True,True,Chlorestes eliciae_Blue-throated Goldentail,1,Chlorestes eliciae_Blue-throated Goldentail,0.41621971130371094,Chlorestes eliciae_Blue-throated Goldentail,0.41621971130371094,0.41621971130371094,True,True,False,Chlorestes eliciae_Blue-throated Goldentail,1,True
Audio_Moth_6_20250321_111111.wav,Audio_Moth_6,2025-03-21 11:00:00,Chlorestes eliciae_Blue-throated Goldentail,0.26517284,0.030025402083992958,Chlorestes eliciae_Blue-throated Goldentail,0.26517149806022644,Chlorestes eliciae_Blue-throated Goldentail,0.26517149806022644,0.26517149806022644,True,True,True,Chlorestes eliciae_Blue-throated Goldentail,1,Chlorestes eliciae_Blue-throated Goldentail,0.26891079545021057,Chlorestes eliciae_Blue-throated Goldentail,0.26891079545021057,0.26891079545021057,True,True,False,Chlorestes eliciae_Blue-throated Goldentail,1,True
Audio_Moth_6_20250321_111120.wav,Audio_Moth_6,2025-03-21 11:00:00,Chlorestes eliciae_Blue-throated Goldentail,0.39549914,0.01778990775346756,Chlorestes eliciae_Blue-throated Goldentail,0.3954930305480957,Chlorestes eliciae_Blue-throated Goldentail,0.3954930305480957,0.3954930305480957,True,True,True,Chlorestes eliciae_Blue-throated Goldentail,1,Chlorestes eliciae_Blue-throated Goldentail,0.39246514439582825,Chlorestes eliciae_Blue-throated Goldentail,0.39246514439582825,0.39246514439582825,True,True,False,Chlorestes eliciae_Blue-throated Goldentail,1,True
Audio_Moth_6_20250321_111229.wav,Audio_Moth_6,2025-03-21 11:00:00,Chlorestes eliciae_Blue-throated Goldentail,0.40133816,0.012884766794741154,Chlorestes eliciae_Blue-throated Goldentail,0.40133675932884216,Chlorestes eliciae_Blue-throated Goldentail,0.40133675932884216,0.40133675932884216,True,True,True,Chlorestes eliciae_Blue-throated Goldentail,1,Chlorestes eliciae_Blue-throated Goldentail,0.40460556745529175,Chlorestes eliciae_Blue-throated Goldentail,0.40460556745529175,0.40460556745529175,True,True,False,Chlorestes eliciae_Blue-throated Goldentail,1,True
Audio_Moth_6_20250321_111241.wav,Audio_Moth_6,2025-03-21 11:00:00,Phaethornis striigularis_Stripe-throated Hermit,0.42754295,0.011823812499642372,Phaethornis striigularis_Stripe-throated Hermit,0.42754125595092773,Phaethornis striigularis_Stripe-throated Hermit,0.42754125595092773,0.42754125595092773,True,True,True,Epinecrophylla fulviventris_Checker-throated Stipplethroat;Phaethornis striigularis_Stripe-throated Hermit,2,Phaethornis striigularis_Stripe-throated Hermit,0.426788330078125,Phaethornis striigularis_Stripe-throated Hermit,0.426788330078125,0.426788330078125,True,True,True,Epinecrophylla fulviventris_Checker-throated Stipplethroat;Phaethornis striigularis_Stripe-throated Hermit,2,True
Audio_Moth_6_20250321_111350.wav,Audio_Moth_6,2025-03-21 11:00:00,Chlorestes eliciae_Blue-throated Goldentail,0.27673382,0.014695171266794205,Chlorestes eliciae_Blue-throated Goldentail,0.2767362594604492,Chlorestes eliciae_Blue-throated Goldentail,0.2767362594604492,0.2767362594604492,True,True,True,Chlorestes eliciae_Blue-throated Goldentail,1,Chlorestes eliciae_Blue-throated Goldentail,0.2790118157863617,Chlorestes eliciae_Blue-throated Goldentail,0.2790118157863617,0.2790118157863617,True,True,False,Chlorestes eliciae_Blue-throated Goldentail,1,True
Audio_Moth_6_20250321_111417.wav,Audio_Moth_6,2025-03-21 11:00:00,Chlorestes eliciae_Blue-throated Goldentail,0.39006656,0.014692455530166626,Chlorestes eliciae_Blue-throated Goldentail,0.39006730914115906,Chlorestes eliciae_Blue-throated Goldentail,0.39006730914115906,0.39006730914115906,True,True,True,Chlorestes eliciae_Blue-throated Goldentail,1,Chlorestes eliciae_Blue-throated Goldentail,0.38489261269569397,Chlorestes eliciae_Blue-throated Goldentail,0.38489261269569397,0.38489261269569397,True,True,False,Chlorestes eliciae_Blue-throated Goldentail,1,True
Audio_Moth_6_20250321_111426.wav,Audio_Moth_6,2025-03-21 11:00:00,Chlorestes eliciae_Blue-throated Goldentail,0.688443,0.014751669950783253,Chlorestes eliciae_Blue-throated Goldentail,0.6884477734565735,Chlorestes eliciae_Blue-throated Goldentail,0.6884477734565735,0.6884477734565735,True,True,True,Arremon aurantiirostris_Orange-billed Sparrow;Chlorestes eliciae_Blue-throated Goldentail,2,Chlorestes eliciae_Blue-throated Goldentail,0.6859638690948486,Chlorestes eliciae_Blue-throated Goldentail,0.6859638690948486,0.6859638690948486,True,True,False,Arremon aurantiirostris_Orange-billed Sparrow;Chlorestes eliciae_Blue-throated Goldentail,2,True
Audio_Moth_6_20250321_111444.wav,Audio_Moth_6,2025-03-21 11:00:00,Chlorestes eliciae_Blue-throated Goldentail,0.32120904,0.01780099794268608,Chlorestes eliciae_Blue-throated Goldentail,0.32120949029922485,Chlorestes eliciae_Blue-throated Goldentail,0.32120949029922485,0.32120949029922485,True,True,True,Chlorestes eliciae_Blue-throated Goldentail,1,Chlorestes eliciae_Blue-throated Goldentail,0.3194505572319031,Chlorestes eliciae_Blue-throated Goldentail,0.3194505572319031,0.3194505572319031,True,True,False,Chlorestes eliciae_Blue-throated Goldentail,1,True
Audio_Moth_6_20250321_111517.wav,Audio_Moth_6,2025-03-21 11:00:00,Chlorestes eliciae_Blue-throated Goldentail,0.3642512,0.03935526683926582,Chlorestes eliciae_Blue-throated Goldentail,0.3642806112766266,Chlorestes eliciae_Blue-throated Goldentail,0.3642806112766266,0.3642806112766266,True,True,True,Chlorestes eliciae_Blue-throated Goldentail,1,Chlorestes eliciae_Blue-throated Goldentail,0.36483514308929443,Chlorestes eliciae_Blue-throated Goldentail,0.36483514308929443,0.36483514308929443,True,True,True,Chlorestes eliciae_Blue-throated Goldentail,1,True
Audio_Moth_6_20250321_111532.wav,Audio_Moth_6,2025-03-21 11:00:00,Chlorestes eliciae_Blue-throated Goldentail,0.30289826,0.034099824726581573,Chlorestes eliciae_Blue-throated Goldentail,0.30289626121520996,Chlorestes eliciae_Blue-throated Goldentail,0.30289626121520996,0.30289626121520996,True,True,True,Chlorestes eliciae_Blue-throated Goldentail,1,Chlorestes eliciae_Blue-throated Goldentail,0.31691181659698486,Chlorestes eliciae_Blue-throated Goldentail,0.31691181659698486,0.31691181659698486,True,True,False,Chlorestes eliciae_Blue-throated Goldentail,1,True
Audio_Moth_6_20250321_111535.wav,Audio_Moth_6,2025-03-21 11:00:00,Chlorestes eliciae_Blue-throated Goldentail,0.2673101,0.0311698317527771,Chlorestes eliciae_Blue-throated Goldentail,0.2673075497150421,Chlorestes eliciae_Blue-throated Goldentail,0.2673075497150421,0.2673075497150421,True,True,True,Chlorestes eliciae_Blue-throated Goldentail,1,Chlorestes eliciae_Blue-throated Goldentail,0.277515709400177,Chlorestes eliciae_Blue-throated Goldentail,0.277515709400177,0.277515709400177,True,True,False,Chlorestes eliciae_Blue-throated Goldentail,1,True
Audio_Moth_6_20250321_111538.wav,Audio_Moth_6,2025-03-21 11:00:00,Chlorestes eliciae_Blue-throated Goldentail,0.56319386,0.020688097923994064,Chlorestes eliciae_Blue-throated Goldentail,0.5632040500640869,Chlorestes eliciae_Blue-throated Goldentail,0.5632040500640869,0.5632040500640869,True,True,True,Chlorestes eliciae_Blue-throated Goldentail,1,Chlorestes eliciae_Blue-throated Goldentail,0.5643877387046814,Chlorestes eliciae_Blue-throated Goldentail,0.5643877387046814,0.5643877387046814,True,True,False,Chlorestes eliciae_Blue-throated Goldentail,1,True
Audio_Moth_6_20250321_111559.wav,Audio_Moth_6,2025-03-21 11:00:00,Chlorestes eliciae_Blue-throated Goldentail,0.743712,0.05078514292836189,Chlorestes eliciae_Blue-throated Goldentail,0.7437177300453186,Chlorestes eliciae_Blue-throated Goldentail,0.7437177300453186,0.7437177300453186,True,True,True,Chlorestes eliciae_Blue-throated Goldentail,1,Chlorestes eliciae_Blue-throated Goldentail,0.7336757779121399,Chlorestes eliciae_Blue-throated Goldentail,0.7336757779121399,0.7336757779121399,True,True,False,Chlorestes eliciae_Blue-throated Goldentail,1,True
Audio_Moth_6_20250321_111644.wav,Audio_Moth_6,2025-03-21 11:00:00,Klais guimeti_Violet-headed Hummingbird,0.48807594,0.012938156723976135,Klais guimeti_Violet-headed Hummingbird,0.4880813956260681,Klais guimeti_Violet-headed Hummingbird,0.4880813956260681,0.4880813956260681,True,True,True,Klais guimeti_Violet-headed Hummingbird,1,Klais guimeti_Violet-headed Hummingbird,0.4893380105495453,Klais guimeti_Violet-headed Hummingbird,0.4893380105495453,0.4893380105495453,True,True,False,Klais guimeti_Violet-headed Hummingbird,1,True
Audio_Moth_6_20250321_111647.wav,Audio_Moth_6,2025-03-21 11:00:00,Epinecrophylla fulviventris_Checker-throated Stipplethroat,0.38640112,0.011868685483932495,Epinecrophylla fulviventris_Checker-throated Stipplethroat,0.38640281558036804,Epinecrophylla fulviventris_Checker-throated Stipplethroat,0.38640281558036804,0.38640281558036804,True,True,True,Epinecrophylla fulviventris_Checker-throated Stipplethroat,1,Epinecrophylla fulviventris_Checker-throated Stipplethroat,0.3878069221973419,Epinecrophylla fulviventris_Checker-throated Stipplethroat,0.3878069221973419,0.3878069221973419,True,True,False,Epinecrophylla fulviventris_Checker-throated Stipplethroat,1,True
Audio_Moth_6_20250321_111741.wav,Audio_Moth_6,2025-03-21 11:00:00,Phaethornis striigularis_Stripe-throated Hermit,0.4698054,0.03173114359378815,Phaethornis striigularis_Stripe-throated Hermit,0.46980348229408264,Phaethornis striigularis_Stripe-throated Hermit,0.46980348229408264,0.46980348229408264,True,True,True,Phaethornis striigularis_Stripe-throated Hermit,1,Phaethornis striigularis_Stripe-throated Hermit,0.4756678342819214,Phaethornis striigularis_Stripe-throated Hermit,0.4756678342819214,0.4756678342819214,True,True,False,Phaethornis striigularis_Stripe-throated Hermit,1,True
Audio_Moth_6_20250321_112559.wav,Audio_Moth_6,2025-03-21 11:00:00,Hylopezus perspicillatus_Streak-chested Antpitta,0.33117583,0.036581870168447495,Hylopezus perspicillatus_Streak-chested Antpitta,0.3311707377433777,Hylopezus perspicillatus_Streak-chested Antpitta,0.3311707377433777,0.3311707377433777,True,True,True,Hylopezus perspicillatus_Streak-chested Antpitta,1,Hylopezus perspicillatus_Streak-chested Antpitta,0.3379996120929718,Hylopezus perspicillatus_Streak-chested Antpitta,0.3379996120929718,0.3379996120929718,True,True,False,Hylopezus perspicillatus_Streak-chested Antpitta,1,True
Audio_Moth_6_20250321_113026.wav,Audio_Moth_6,2025-03-21 12:00:00,Myiothlypis fulvicauda_Buff-rumped Warbler,0.61510473,0.014537316747009754,Myiothlypis fulvicauda_Buff-rumped Warbler,0.6151033639907837,Myiothlypis fulvicauda_Buff-rumped Warbler,0.6151033639907837,0.6151033639907837,True,True,True,Myiothlypis fulvicauda_Buff-rumped Warbler,1,Myiothlypis fulvicauda_Buff-rumped Warbler,0.6152490973472595,Myiothlypis fulvicauda_Buff-rumped Warbler,0.6152490973472595,0.6152490973472595,True,True,True,Myiothlypis fulvicauda_Buff-rumped Warbler,1,True
Audio_Moth_6_20250321_113035.wav,Audio_Moth_6,2025-03-21 12:00:00,Myiothlypis fulvicauda_Buff-rumped Warbler,0.30182454,0.01683475635945797,Myiothlypis fulvicauda_Buff-rumped Warbler,0.30182120203971863,Myiothlypis fulvicauda_Buff-rumped Warbler,0.30182120203971863,0.30182120203971863,True,True,True,Myiothlypis fulvicauda_Buff-rumped Warbler,1,Myiothlypis fulvicauda_Buff-rumped Warbler,0.2862829566001892,Myiothlypis fulvicauda_Buff-rumped Warbler,0.2862829566001892,0.2862829566001892,True,True,False,Myiothlypis fulvicauda_Buff-rumped Warbler,1,True
Audio_Moth_6_20250321_113320.wav,Audio_Moth_6,2025-03-21 12:00:00,Myiothlypis fulvicauda_Buff-rumped Warbler,0.27373523,0.016137324273586273,Myiothlypis fulvicauda_Buff-rumped Warbler,0.2737392783164978,Myiothlypis fulvicauda_Buff-rumped Warbler,0.2737392783164978,0.2737392783164978,True,True,True,Myiothlypis fulvicauda_Buff-rumped Warbler,1,Myiothlypis fulvicauda_Buff-rumped Warbler,0.27725574374198914,Myiothlypis fulvicauda_Buff-rumped Warbler,0.27725574374198914,0.27725574374198914,True,True,False,Myiothlypis fulvicauda_Buff-rumped Warbler,1,True
Audio_Moth_6_20250321_113335.wav,Audio_Moth_6,2025-03-21 12:00:00,Myiothlypis fulvicauda_Buff-rumped Warbler,0.29601526,0.01781514659523964,Myiothlypis fulvicauda_Buff-rumped Warbler,0.29602164030075073,Myiothlypis fulvicauda_Buff-rumped Warbler,0.29602164030075073,0.29602164030075073,True,True,True,Myiothlypis fulvicauda_Buff-rumped Warbler,1,Myiothlypis fulvicauda_Buff-rumped Warbler,0.2955685555934906,Myiothlypis fulvicauda_Buff-rumped Warbler,0.2955685555934906,0.2955685555934906,True,True,True,Myiothlypis fulvicauda_Buff-rumped Warbler,1,True
Audio_Moth_6_20250321_113550.wav,Audio_Moth_6,2025-03-21 12:00:00,Myiornis atricapillus_Black-capped Pygmy-Tyrant,0.36218095,0.01935320347547531,Myiornis atricapillus_Black-capped Pygmy-Tyrant,0.3621818423271179,Myiornis atricapillus_Black-capped Pygmy-Tyrant,0.3621818423271179,0.3621818423271179,True,True,True,Myiornis atricapillus_Black-capped Pygmy-Tyrant,1,Myiornis atricapillus_Black-capped Pygmy-Tyrant,0.360469788312912,Myiornis atricapillus_Black-capped Pygmy-Tyrant,0.360469788312912,0.360469788312912,True,True,False,Myiornis atricapillus_Black-capped Pygmy-Tyrant,1,True
Audio_Moth_6_20250321_113629.wav,Audio_Moth_6,2025-03-21 12:00:00,Myiothlypis fulvicauda_Buff-rumped Warbler,0.74434924,0.017088908702135086,Myiothlypis fulvicauda_Buff-rumped Warbler,0.7443482875823975,Myiothlypis fulvicauda_Buff-rumped Warbler,0.7443482875823975,0.7443482875823975,True,True,True,Myiothlypis fulvicauda_Buff-rumped Warbler,1,Myiothlypis fulvicauda_Buff-rumped Warbler,0.7438585758209229,Myiothlypis fulvicauda_Buff-rumped Warbler,0.7438585758209229,0.7438585758209229,True,True,True,Myiothlypis fulvicauda_Buff-rumped Warbler,1,True
Audio_Moth_6_20250321_114238.wav,Audio_Moth_6,2025-03-21 12:00:00,Myiothlypis fulvicauda_Buff-rumped Warbler,0.258997,0.05291873589158058,Myiothlypis fulvicauda_Buff-rumped Warbler,0.2590295076370239,Myiothlypis fulvicauda_Buff-rumped Warbler,0.2590295076370239,0.2590295076370239,True,True,True,Myiothlypis fulvicauda_Buff-rumped Warbler,1,Myiothlypis fulvicauda_Buff-rumped Warbler,0.2584099769592285,Myiothlypis fulvicauda_Buff-rumped Warbler,0.2584099769592285,0.2584099769592285,True,True,True,Myiothlypis fulvicauda_Buff-rumped Warbler,1,True
Audio_Moth_6_20250321_114450.wav,Audio_Moth_6,2025-03-21 12:00:00,Epinecrophylla fulviventris_Checker-throated Stipplethroat,0.31007162,0.025232186540961266,Epinecrophylla fulviventris_Checker-throated Stipplethroat,0.3100728392601013,Epinecrophylla fulviventris_Checker-throated Stipplethroat,0.3100728392601013,0.3100728392601013,True,True,True,Epinecrophylla fulviventris_Checker-throated Stipplethroat,1,Epinecrophylla fulviventris_Checker-throated Stipplethroat,0.3119019567966461,Epinecrophylla fulviventris_Checker-throated Stipplethroat,0.3119019567966461,0.3119019567966461,True,True,False,Epinecrophylla fulviventris_Checker-throated Stipplethroat,1,True
Audio_Moth_6_20250321_115020.wav,Audio_Moth_6,2025-03-21 12:00:00,Myiothlypis fulvicauda_Buff-rumped Warbler,0.732888,0.01732223853468895,Myiothlypis fulvicauda_Buff-rumped Warbler,0.732886791229248,Myiothlypis fulvicauda_Buff-rumped Warbler,0.732886791229248,0.732886791229248,True,True,True,Myiothlypis fulvicauda_Buff-rumped Warbler,1,Myiothlypis fulvicauda_Buff-rumped Warbler,0.7341199517250061,Myiothlypis fulvicauda_Buff-rumped Warbler,0.7341199517250061,0.7341199517250061,True,True,False,Myiothlypis fulvicauda_Buff-rumped Warbler,1,True
Audio_Moth_6_20250321_115029.wav,Audio_Moth_6,2025-03-21 12:00:00,Myiothlypis fulvicauda_Buff-rumped Warbler,0.45565102,0.012797648087143898,Myiothlypis fulvicauda_Buff-rumped Warbler,0.45565101504325867,Myiothlypis fulvicauda_Buff-rumped Warbler,0.45565101504325867,0.45565101504325867,True,True,True,Myiothlypis fulvicauda_Buff-rumped Warbler,1,Myiothlypis fulvicauda_Buff-rumped Warbler,0.45650702714920044,Myiothlypis fulvicauda_Buff-rumped Warbler,0.45650702714920044,0.45650702714920044,True,True,True,Myiothlypis fulvicauda_Buff-rumped Warbler,1,True
Audio_Moth_6_20250321_115223.wav,Audio_Moth_6,2025-03-21 12:00:00,Myiornis atricapillus_Black-capped Pygmy-Tyrant,0.3059169,0.015965765342116356,Myiornis atricapillus_Black-capped Pygmy-Tyrant,0.30591917037963867,Myiornis atricapillus_Black-capped Pygmy-Tyrant,0.30591917037963867,0.30591917037963867,True,True,True,Myiornis atricapillus_Black-capped Pygmy-Tyrant,1,Myiornis atricapillus_Black-capped Pygmy-Tyrant,0.3060044050216675,Myiornis atricapillus_Black-capped Pygmy-Tyrant,0.3060044050216675,0.3060044050216675,True,True,True,Myiornis atricapillus_Black-capped Pygmy-Tyrant,1,True
Audio_Moth_6_20250321_115226.wav,Audio_Moth_6,2025-03-21 12:00:00,Myiornis atricapillus_Black-capped Pygmy-Tyrant,0.69388676,0.046718668192625046,Myiornis atricapillus_Black-capped Pygmy-Tyrant,0.6938896775245667,Myiornis atricapillus_Black-capped Pygmy-Tyrant,0.6938896775245667,0.6938896775245667,True,True,True,Myiornis atricapillus_Black-capped Pygmy-Tyrant,1,Myiornis atricapillus_Black-capped Pygmy-Tyrant,0.6867896318435669,Myiornis atricapillus_Black-capped Pygmy-Tyrant,0.6867896318435669,0.6867896318435669,True,True,False,Myiornis atricapillus_Black-capped Pygmy-Tyrant,1,True
Audio_Moth_6_20250321_115229.wav,Audio_Moth_6,2025-03-21 12:00:00,Myiornis atricapillus_Black-capped Pygmy-Tyrant,0.50519246,0.02566775679588318,Myiornis atricapillus_Black-capped Pygmy-Tyrant,0.5051887631416321,Myiornis atricapillus_Black-capped Pygmy-Tyrant,0.5051887631416321,0.5051887631416321,True,True,True,Myiornis atricapillus_Black-capped Pygmy-Tyrant,1,Myiornis atricapillus_Black-capped Pygmy-Tyrant,0.4838378131389618,Myiornis atricapillus_Black-capped Pygmy-Tyrant,0.4838378131389618,0.4838378131389618,True,True,False,Myiornis atricapillus_Black-capped Pygmy-Tyrant,1,True
Audio_Moth_6_20250321_115629.wav,Audio_Moth_6,2025-03-21 12:00:00,Chlorestes eliciae_Blue-throated Goldentail,0.44040242,0.03753901273012161,Chlorestes eliciae_Blue-throated Goldentail,0.44040435552597046,Chlorestes eliciae_Blue-throated Goldentail,0.44040435552597046,0.44040435552597046,True,True,True,Chlorestes eliciae_Blue-throated Goldentail,1,Chlorestes eliciae_Blue-throated Goldentail,0.44053077697753906,Chlorestes eliciae_Blue-throated Goldentail,0.44053077697753906,0.44053077697753906,True,True,True,Chlorestes eliciae_Blue-throated Goldentail,1,True
Audio_Moth_6_20250321_115647.wav,Audio_Moth_6,2025-03-21 12:00:00,Myiothlypis fulvicauda_Buff-rumped Warbler,0.29394567,0.025489915162324905,Myiothlypis fulvicauda_Buff-rumped Warbler,0.2939452528953552,Myiothlypis fulvicauda_Buff-rumped Warbler,0.2939452528953552,0.2939452528953552,True,True,True,Myiothlypis fulvicauda_Buff-rumped Warbler,1,Myiothlypis fulvicauda_Buff-rumped Warbler,0.2866210341453552,Myiothlypis fulvicauda_Buff-rumped Warbler,0.2866210341453552,0.2866210341453552,True,True,False,Myiothlypis fulvicauda_Buff-rumped Warbler,1,True
Audio_Moth_6_20250321_115656.wav,Audio_Moth_6,2025-03-21 12:00:00,Epinecrophylla fulviventris_Checker-throated Stipplethroat,0.61581725,0.01727554388344288,Epinecrophylla fulviventris_Checker-throated Stipplethroat,0.6158139705657959,Epinecrophylla fulviventris_Checker-throated Stipplethroat,0.6158139705657959,0.6158139705657959,True,True,True,Epinecrophylla fulviventris_Checker-throated Stipplethroat;Myiothlypis fulvicauda_Buff-rumped Warbler,2,Epinecrophylla fulviventris_Checker-throated Stipplethroat,0.6148117184638977,Epinecrophylla fulviventris_Checker-throated Stipplethroat,0.6148117184638977,0.6148117184638977,True,True,False,Epinecrophylla fulviventris_Checker-throated Stipplethroat;Myiothlypis fulvicauda_Buff-rumped Warbler,2,True
Audio_Moth_6_20250321_115705.wav,Audio_Moth_6,2025-03-21 12:00:00,Myiothlypis fulvicauda_Buff-rumped Warbler,0.31019118,0.01710161194205284,Myiothlypis fulvicauda_Buff-rumped Warbler,0.31018924713134766,Myiothlypis fulvicauda_Buff-rumped Warbler,0.31018924713134766,0.31018924713134766,True,True,True,Myiothlypis fulvicauda_Buff-rumped Warbler,1,Myiothlypis fulvicauda_Buff-rumped Warbler,0.3067040741443634,Myiothlypis fulvicauda_Buff-rumped Warbler,0.3067040741443634,0.3067040741443634,True,True,False,Myiothlypis fulvicauda_Buff-rumped Warbler,1,True
Audio_Moth_6_20250321_115802.wav,Audio_Moth_6,2025-03-21 12:00:00,Epinecrophylla fulviventris_Checker-throated Stipplethroat,0.53629684,0.02131153829395771,Epinecrophylla fulviventris_Checker-throated Stipplethroat,0.5362955927848816,Epinecrophylla fulviventris_Checker-throated Stipplethroat,0.5362955927848816,0.5362955927848816,True,True,True,Epinecrophylla fulviventris_Checker-throated Stipplethroat,1,Epinecrophylla fulviventris_Checker-throated Stipplethroat,0.5373764634132385,Epinecrophylla fulviventris_Checker-throated Stipplethroat,0.5373764634132385,0.5373764634132385,True,True,False,Epinecrophylla fulviventris_Checker-throated Stipplethroat,1,True
Audio_Moth_6_20250321_115850.wav,Audio_Moth_6,2025-03-21 12:00:00,Hylopezus perspicillatus_Streak-chested Antpitta,0.3459195,0.026305129751563072,Hylopezus perspicillatus_Streak-chested Antpitta,0.34591421484947205,Hylopezus perspicillatus_Streak-chested Antpitta,0.34591421484947205,0.34591421484947205,True,True,True,Epinecrophylla fulviventris_Checker-throated Stipplethroat;Hylopezus perspicillatus_Streak-chested Antpitta,2,Hylopezus perspicillatus_Streak-chested Antpitta,0.3431604504585266,Hylopezus perspicillatus_Streak-chested Antpitta,0.3431604504585266,0.3431604504585266,True,True,False,Epinecrophylla fulviventris_Checker-throated Stipplethroat;Hylopezus perspicillatus_Streak-chested Antpitta,2,True
Audio_Moth_6_20250321_115926.wav,Audio_Moth_6,2025-03-21 12:00:00,Epinecrophylla fulviventris_Checker-throated Stipplethroat,0.26841694,0.02558179944753647,Epinecrophylla fulviventris_Checker-throated Stipplethroat,0.26841580867767334,Epinecrophylla fulviventris_Checker-throated Stipplethroat,0.26841580867767334,0.26841580867767334,True,True,True,Epinecrophylla fulviventris_Checker-throated Stipplethroat,1,Epinecrophylla fulviventris_Checker-throated Stipplethroat,0.2641213536262512,Epinecrophylla fulviventris_Checker-throated Stipplethroat,0.2641213536262512,0.2641213536262512,True,True,False,Epinecrophylla fulviventris_Checker-throated Stipplethroat,1,True
Audio_Moth_6_20250321_115944.wav,Audio_Moth_6,2025-03-21 12:00:00,Chlorestes eliciae_Blue-throated Goldentail,0.2620832,0.017407508566975594,Chlorestes eliciae_Blue-throated Goldentail,0.26207515597343445,Chlorestes eliciae_Blue-throated Goldentail,0.26207515597343445,0.26207515597343445,True,True,True,Chlorestes eliciae_Blue-throated Goldentail,1,Chlorestes eliciae_Blue-throated Goldentail,0.26023727655410767,Chlorestes eliciae_Blue-throated Goldentail,0.26023727655410767,0.26023727655410767,True,True,False,Chlorestes eliciae_Blue-throated Goldentail,1,True
Audio_Moth_6_20250321_120002.wav,Audio_Moth_6,2025-03-21 12:00:00,Chlorestes eliciae_Blue-throated Goldentail,0.33690402,0.019252274185419083,Chlorestes eliciae_Blue-throated Goldentail,0.3369004428386688,Chlorestes eliciae_Blue-throated Goldentail,0.3369004428386688,0.3369004428386688,True,True,True,Chlorestes eliciae_Blue-throated Goldentail,1,Chlorestes eliciae_Blue-throated Goldentail,0.3326861560344696,Chlorestes eliciae_Blue-throated Goldentail,0.3326861560344696,0.3326861560344696,True,True,False,Chlorestes eliciae_Blue-throated Goldentail,1,True
Audio_Moth_6_20250321_120423.wav,Audio_Moth_6,2025-03-21 12:00:00,Hylopezus perspicillatus_Streak-chested Antpitta,0.26805708,0.016894506290555,Hylopezus perspicillatus_Streak-chested Antpitta,0.26806119084358215,Hylopezus perspicillatus_Streak-chested Antpitta,0.26806119084358215,0.26806119084358215,True,True,True,Hylopezus perspicillatus_Streak-chested Antpitta,1,Hylopezus perspicillatus_Streak-chested Antpitta,0.2672531306743622,Hylopezus perspicillatus_Streak-chested Antpitta,0.2672531306743622,0.2672531306743622,True,True,True,Hylopezus perspicillatus_Streak-chested Antpitta,1,True
Audio_Moth_6_20250321_120611.wav,Audio_Moth_6,2025-03-21 12:00:00,Hylopezus perspicillatus_Streak-chested Antpitta,0.2527349,0.01346002146601677,Hylopezus perspicillatus_Streak-chested Antpitta,0.25273457169532776,Hylopezus perspicillatus_Streak-chested Antpitta,0.25273457169532776,0.25273457169532776,True,True,True,Hylopezus perspicillatus_Streak-chested Antpitta,1,Hylopezus perspicillatus_Streak-chested Antpitta,0.25465962290763855,Hylopezus perspicillatus_Streak-chested Antpitta,0.25465962290763855,0.25465962290763855,True,True,False,Hylopezus perspicillatus_Streak-chested Antpitta,1,True
Audio_Moth_6_20250321_120808.wav,Audio_Moth_6,2025-03-21 12:00:00,Chlorestes eliciae_Blue-throated Goldentail,0.535438,0.01715812273323536,Chlorestes eliciae_Blue-throated Goldentail,0.5354360938072205,Chlorestes eliciae_Blue-throated Goldentail,0.5354360938072205,0.5354360938072205,True,True,True,Chlorestes eliciae_Blue-throated Goldentail,1,Chlorestes eliciae_Blue-throated Goldentail,0.5358240008354187,Chlorestes eliciae_Blue-throated Goldentail,0.5358240008354187,0.5358240008354187,True,True,True,Chlorestes eliciae_Blue-throated Goldentail,1,True
Audio_Moth_6_20250321_120811.wav,Audio_Moth_6,2025-03-21 12:00:00,Chlorestes eliciae_Blue-throated Goldentail,0.25438145,0.016574084758758545,Chlorestes eliciae_Blue-throated Goldentail,0.2543889582157135,Chlorestes eliciae_Blue-throated Goldentail,0.2543889582157135,0.2543889582157135,True,True,True,Chlorestes eliciae_Blue-throated Goldentail,1,Chlorestes eliciae_Blue-throated Goldentail,0.25340181589126587,Chlorestes eliciae_Blue-throated Goldentail,0.25340181589126587,0.25340181589126587,True,True,True,Chlorestes eliciae_Blue-throated Goldentail,1,True
Audio_Moth_6_20250321_120844.wav,Audio_Moth_6,2025-03-21 12:00:00,Chlorestes eliciae_Blue-throated Goldentail,0.3838426,0.015255529433488846,Chlorestes eliciae_Blue-throated Goldentail,0.3838505148887634,Chlorestes eliciae_Blue-throated Goldentail,0.3838505148887634,0.3838505148887634,True,True,True,Chlorestes eliciae_Blue-throated Goldentail,1,Chlorestes eliciae_Blue-throated Goldentail,0.3872627019882202,Chlorestes eliciae_Blue-throated Goldentail,0.3872627019882202,0.3872627019882202,True,True,False,Chlorestes eliciae_Blue-throated Goldentail,1,True
Audio_Moth_6_20250321_120850.wav,Audio_Moth_6,2025-03-21 12:00:00,Chlorestes eliciae_Blue-throated Goldentail,0.2755679,0.0174053143709898,Chlorestes eliciae_Blue-throated Goldentail,0.275561660528183,Chlorestes eliciae_Blue-throated Goldentail,0.275561660528183,0.275561660528183,True,True,True,Chlorestes eliciae_Blue-throated Goldentail,1,Chlorestes eliciae_Blue-throated Goldentail,0.2723713517189026,Chlorestes eliciae_Blue-throated Goldentail,0.2723713517189026,0.2723713517189026,True,True,False,Chlorestes eliciae_Blue-throated Goldentail,1,True
Audio_Moth_6_20250321_120902.wav,Audio_Moth_6,2025-03-21 12:00:00,Chlorestes eliciae_Blue-throated Goldentail,0.3435165,0.017910024151206017,Chlorestes eliciae_Blue-throated Goldentail,0.34351450204849243,Chlorestes eliciae_Blue-throated Goldentail,0.34351450204849243,0.34351450204849243,True,True,True,Chlorestes eliciae_Blue-throated Goldentail;Tachyphonus delatrii_Tawny-crested Tanager,2,Chlorestes eliciae_Blue-throated Goldentail,0.34596580266952515,Chlorestes eliciae_Blue-throated Goldentail,0.34596580266952515,0.34596580266952515,True,True,False,Chlorestes eliciae_Blue-throated Goldentail;Tachyphonus delatrii_Tawny-crested Tanager,2,True
Audio_Moth_6_20250321_120917.wav,Audio_Moth_6,2025-03-21 12:00:00,Chlorestes eliciae_Blue-throated Goldentail,0.38526827,0.014390558004379272,Chlorestes eliciae_Blue-throated Goldentail,0.3852718472480774,Chlorestes eliciae_Blue-throated Goldentail,0.3852718472480774,0.3852718472480774,True,True,True,Chlorestes eliciae_Blue-throated Goldentail,1,Chlorestes eliciae_Blue-throated Goldentail,0.3847600519657135,Chlorestes eliciae_Blue-throated Goldentail,0.3847600519657135,0.3847600519657135,True,True,True,Chlorestes eliciae_Blue-throated Goldentail,1,True
Audio_Moth_6_20250321_120950.wav,Audio_Moth_6,2025-03-21 12:00:00,Chlorestes eliciae_Blue-throated Goldentail,0.6499489,0.009933946654200554,Chlorestes eliciae_Blue-throated Goldentail,0.6499463319778442,Chlorestes eliciae_Blue-throated Goldentail,0.6499463319778442,0.6499463319778442,True,True,True,Chlorestes eliciae_Blue-throated Goldentail,1,Chlorestes eliciae_Blue-throated Goldentail,0.6508805155754089,Chlorestes eliciae_Blue-throated Goldentail,0.6508805155754089,0.6508805155754089,True,True,True,Chlorestes eliciae_Blue-throated Goldentail,1,True
Audio_Moth_6_20250321_120953.wav,Audio_Moth_6,2025-03-21 12:00:00,Chlorestes eliciae_Blue-throated Goldentail,0.4421269,0.015433350577950478,Chlorestes eliciae_Blue-throated Goldentail,0.4421258568763733,Chlorestes eliciae_Blue-throated Goldentail,0.4421258568763733,0.4421258568763733,True,True,True,Chlorestes eliciae_Blue-throated Goldentail,1,Chlorestes eliciae_Blue-throated Goldentail,0.4385528862476349,Chlorestes eliciae_Blue-throated Goldentail,0.4385528862476349,0.4385528862476349,True,True,False,Chlorestes eliciae_Blue-throated Goldentail,1,True
Audio_Moth_6_20250321_121002.wav,Audio_Moth_6,2025-03-21 12:00:00,Chlorestes eliciae_Blue-throated Goldentail,0.2875291,0.013218186795711517,Chlorestes eliciae_Blue-throated Goldentail,0.2875273823738098,Chlorestes eliciae_Blue-throated Goldentail,0.2875273823738098,0.2875273823738098,True,True,True,Chlorestes eliciae_Blue-throated Goldentail,1,Chlorestes eliciae_Blue-throated Goldentail,0.2867933213710785,Chlorestes eliciae_Blue-throated Goldentail,0.2867933213710785,0.2867933213710785,True,True,True,Chlorestes eliciae_Blue-throated Goldentail,1,True
Audio_Moth_6_20250321_121023.wav,Audio_Moth_6,2025-03-21 12:00:00,Chlorestes eliciae_Blue-throated Goldentail,0.26866394,0.016797348856925964,Chlorestes eliciae_Blue-throated Goldentail,0.26866528391838074,Chlorestes eliciae_Blue-throated Goldentail,0.26866528391838074,0.26866528391838074,True,True,True,Chlorestes eliciae_Blue-throated Goldentail,1,Chlorestes eliciae_Blue-throated Goldentail,0.2678176462650299,Chlorestes eliciae_Blue-throated Goldentail,0.2678176462650299,0.2678176462650299,True,True,True,Chlorestes eliciae_Blue-throated Goldentail,1,True
Audio_Moth_6_20250321_121032.wav,Audio_Moth_6,2025-03-21 12:00:00,Epinecrophylla fulviventris_Checker-throated Stipplethroat,0.31117186,0.011010325513780117,Epinecrophylla fulviventris_Checker-throated Stipplethroat,0.31117576360702515,Epinecrophylla fulviventris_Checker-throated Stipplethroat,0.31117576360702515,0.31117576360702515,True,True,True,Epinecrophylla fulviventris_Checker-throated Stipplethroat,1,Epinecrophylla fulviventris_Checker-throated Stipplethroat,0.3107849955558777,Epinecrophylla fulviventris_Checker-throated Stipplethroat,0.3107849955558777,0.3107849955558777,True,True,True,Epinecrophylla fulviventris_Checker-throated Stipplethroat,1,True
Audio_Moth_6_20250321_121108.wav,Audio_Moth_6,2025-03-21 12:00:00,Chlorestes eliciae_Blue-throated Goldentail,0.36648256,0.018406173214316368,Chlorestes eliciae_Blue-throated Goldentail,0.3664787709712982,Chlorestes eliciae_Blue-throated Goldentail,0.3664787709712982,0.3664787709712982,True,True,True,Chlorestes eliciae_Blue-throated Goldentail,1,Chlorestes eliciae_Blue-throated Goldentail,0.3668568730354309,Chlorestes eliciae_Blue-throated Goldentail,0.3668568730354309,0.3668568730354309,True,True,True,Chlorestes eliciae_Blue-throated Goldentail,1,True
Audio_Moth_6_20250321_121520.wav,Audio_Moth_6,2025-03-21 12:00:00,Myiothlypis fulvicauda_Buff-rumped Warbler,0.30152595,0.028581107035279274,Myiothlypis fulvicauda_Buff-rumped Warbler,0.3015264868736267,Myiothlypis fulvicauda_Buff-rumped Warbler,0.3015264868736267,0.3015264868736267,True,True,True,Myiothlypis fulvicauda_Buff-rumped Warbler,1,Myiothlypis fulvicauda_Buff-rumped Warbler,0.31084105372428894,Myiothlypis fulvicauda_Buff-rumped Warbler,0.31084105372428894,0.31084105372428894,True,True,False,Myiothlypis fulvicauda_Buff-rumped Warbler,1,True
Audio_Moth_6_20250321_121526.wav,Audio_Moth_6,2025-03-21 12:00:00,Myiothlypis fulvicauda_Buff-rumped Warbler,0.28508753,0.0355493389070034,Myiothlypis fulvicauda_Buff-rumped Warbler,0.2850945293903351,Myiothlypis fulvicauda_Buff-rumped Warbler,0.2850945293903351,0.2850945293903351,True,True,True,Myiothlypis fulvicauda_Buff-rumped Warbler,1,Myiothlypis fulvicauda_Buff-rumped Warbler,0.2965582013130188,Myiothlypis fulvicauda_Buff-rumped Warbler,0.2965582013130188,0.2965582013130188,True,True,False,Myiothlypis fulvicauda_Buff-rumped Warbler,1,True
Audio_Moth_6_20250321_121535.wav,Audio_Moth_6,2025-03-21 12:00:00,Myiothlypis fulvicauda_Buff-rumped Warbler,0.802682,0.011918921023607254,Myiothlypis fulvicauda_Buff-rumped Warbler,0.8026790022850037,Myiothlypis fulvicauda_Buff-rumped Warbler,0.8026790022850037,0.8026790022850037,True,True,True,Myiothlypis fulvicauda_Buff-rumped Warbler,1,Myiothlypis fulvicauda_Buff-rumped Warbler,0.8027626276016235,Myiothlypis fulvicauda_Buff-rumped Warbler,0.8027626276016235,0.8027626276016235,True,True,True,Myiothlypis fulvicauda_Buff-rumped Warbler,1,True
Audio_Moth_6_20250321_121556.wav,Audio_Moth_6,2025-03-21 12:00:00,Threnetes ruckeri_Band-tailed Barbthroat,0.43349874,0.01620563119649887,Threnetes ruckeri_Band-tailed Barbthroat,0.433499276638031,Threnetes ruckeri_Band-tailed Barbthroat,0.433499276638031,0.433499276638031,True,True,True,Threnetes ruckeri_Band-tailed Barbthroat,1,Threnetes ruckeri_Band-tailed Barbthroat,0.43757081031799316,Threnetes ruckeri_Band-tailed Barbthroat,0.43757081031799316,0.43757081031799316,True,True,False,Threnetes ruckeri_Band-tailed Barbthroat,1,True
Audio_Moth_6_20250321_121853.wav,Audio_Moth_6,2025-03-21 12:00:00,Hylopezus perspicillatus_Streak-chested Antpitta,0.26325536,0.01711268350481987,Hylopezus perspicillatus_Streak-chested Antpitta,0.26325517892837524,Hylopezus perspicillatus_Streak-chested Antpitta,0.26325517892837524,0.26325517892837524,True,True,True,Hylopezus perspicillatus_Streak-chested Antpitta,1,Hylopezus perspicillatus_Streak-chested Antpitta,0.2627917528152466,Hylopezus perspicillatus_Streak-chested Antpitta,0.2627917528152466,0.2627917528152466,True,True,True,Hylopezus perspicillatus_Streak-chested Antpitta,1,True
Audio_Moth_6_20250321_122323.wav,Audio_Moth_6,2025-03-21 12:00:00,Myiothlypis fulvicauda_Buff-rumped Warbler,0.6856775,0.014706052839756012,Myiothlypis fulvicauda_Buff-rumped Warbler,0.6856740117073059,Myiothlypis fulvicauda_Buff-rumped Warbler,0.6856740117073059,0.6856740117073059,True,True,True,Myiothlypis fulvicauda_Buff-rumped Warbler,1,Myiothlypis fulvicauda_Buff-rumped Warbler,0.6847112774848938,Myiothlypis fulvicauda_Buff-rumped Warbler,0.6847112774848938,0.6847112774848938,True,True,True,Myiothlypis fulvicauda_Buff-rumped Warbler,1,True
Audio_Moth_6_20250321_122326.wav,Audio_Moth_6,2025-03-21 12:00:00,Myiothlypis fulvicauda_Buff-rumped Warbler,0.65342236,0.014645333401858807,Myiothlypis fulvicauda_Buff-rumped Warbler,0.653419554233551,Myiothlypis fulvicauda_Buff-rumped Warbler,0.653419554233551,0.653419554233551,True,True,True,Myiothlypis fulvicauda_Buff-rumped Warbler,1,Myiothlypis fulvicauda_Buff-rumped Warbler,0.6518434882164001,Myiothlypis fulvicauda_Buff-rumped Warbler,0.6518434882164001,0.6518434882164001,True,True,False,Myiothlypis fulvicauda_Buff-rumped Warbler,1,True
Audio_Moth_6_20250321_122911.wav,Audio_Moth_6,2025-03-21 12:00:00,Ramphastos ambiguus_Yellow-throated Toucan,0.30717415,0.015119376592338085,Ramphastos ambiguus_Yellow-throated Toucan,0.30717551708221436,Ramphastos ambiguus_Yellow-throated Toucan,0.30717551708221436,0.30717551708221436,True,True,True,Ramphastos ambiguus_Yellow-throated Toucan,1,Ramphastos ambiguus_Yellow-throated Toucan,0.3087874948978424,Ramphastos ambiguus_Yellow-throated Toucan,0.3087874948978424,0.3087874948978424,True,True,False,Ramphastos ambiguus_Yellow-throated Toucan,1,True
Audio_Moth_6_20250321_123520.wav,Audio_Moth_6,2025-03-21 13:00:00,Chlorestes eliciae_Blue-throated Goldentail,0.25055245,0.014989710412919521,Chlorestes eliciae_Blue-throated Goldentail,0.2505418062210083,Chlorestes eliciae_Blue-throated Goldentail,0.2505418062210083,0.2505418062210083,True,True,True,Chlorestes eliciae_Blue-throated Goldentail,1,Chlorestes eliciae_Blue-throated Goldentail,0.24872760474681854,Chlorestes eliciae_Blue-throated Goldentail,0.24872760474681854,0.24872760474681854,True,True,False,,0,False
Audio_Moth_6_20250321_123811.wav,Audio_Moth_6,2025-03-21 13:00:00,Ramphastos ambiguus_Yellow-throated Toucan,0.26328054,0.010492278262972832,Ramphastos ambiguus_Yellow-throated Toucan,0.2632793188095093,Ramphastos ambiguus_Yellow-throated Toucan,0.2632793188095093,0.2632793188095093,True,True,True,Ramphastos ambiguus_Yellow-throated Toucan,1,Ramphastos ambiguus_Yellow-throated Toucan,0.26275429129600525,Ramphastos ambiguus_Yellow-throated Toucan,0.26275429129600525,0.26275429129600525,True,True,True,Ramphastos ambiguus_Yellow-throated Toucan,1,True
Audio_Moth_6_20250321_123817.wav,Audio_Moth_6,2025-03-21 13:00:00,Ramphastos ambiguus_Yellow-throated Toucan,0.3364212,0.012990760616958141,Ramphastos ambiguus_Yellow-throated Toucan,0.33641794323921204,Ramphastos ambiguus_Yellow-throated Toucan,0.33641794323921204,0.33641794323921204,True,True,True,Ramphastos ambiguus_Yellow-throated Toucan,1,Ramphastos ambiguus_Yellow-throated Toucan,0.3362736105918884,Ramphastos ambiguus_Yellow-throated Toucan,0.3362736105918884,0.3362736105918884,True,True,True,Ramphastos ambiguus_Yellow-throated Toucan,1,True
Audio_Moth_6_20250321_123829.wav,Audio_Moth_6,2025-03-21 13:00:00,Ramphastos ambiguus_Yellow-throated Toucan,0.5236933,0.013809102587401867,Ramphastos ambiguus_Yellow-throated Toucan,0.5236974358558655,Ramphastos ambiguus_Yellow-throated Toucan,0.5236974358558655,0.5236974358558655,True,True,True,Ramphastos ambiguus_Yellow-throated Toucan,1,Ramphastos ambiguus_Yellow-throated Toucan,0.5245286226272583,Ramphastos ambiguus_Yellow-throated Toucan,0.5245286226272583,0.5245286226272583,True,True,True,Ramphastos ambiguus_Yellow-throated Toucan,1,True
Audio_Moth_6_20250321_123832.wav,Audio_Moth_6,2025-03-21 13:00:00,Ramphastos ambiguus_Yellow-throated Toucan,0.3436046,0.01455274224281311,Ramphastos ambiguus_Yellow-throated Toucan,0.3435985743999481,Ramphastos ambiguus_Yellow-throated Toucan,0.3435985743999481,0.3435985743999481,True,True,True,Ramphastos ambiguus_Yellow-throated Toucan,1,Ramphastos ambiguus_Yellow-throated Toucan,0.344922810792923,Ramphastos ambiguus_Yellow-throated Toucan,0.344922810792923,0.344922810792923,True,True,False,Ramphastos ambiguus_Yellow-throated Toucan,1,True
Audio_Moth_6_20250321_123838.wav,Audio_Moth_6,2025-03-21 13:00:00,Ramphastos ambiguus_Yellow-throated Toucan,0.5348509,0.013566500507295132,Ramphastos ambiguus_Yellow-throated Toucan,0.5348484516143799,Ramphastos ambiguus_Yellow-throated Toucan,0.5348484516143799,0.5348484516143799,True,True,True,Ramphastos ambiguus_Yellow-throated Toucan,1,Ramphastos ambiguus_Yellow-throated Toucan,0.536918044090271,Ramphastos ambiguus_Yellow-throated Toucan,0.536918044090271,0.536918044090271,True,True,False,Ramphastos ambiguus_Yellow-throated Toucan,1,True
Audio_Moth_6_20250321_123841.wav,Audio_Moth_6,2025-03-21 13:00:00,Ramphastos ambiguus_Yellow-throated Toucan,0.5690382,0.013784344308078289,Ramphastos ambiguus_Yellow-throated Toucan,0.5690385103225708,Ramphastos ambiguus_Yellow-throated Toucan,0.5690385103225708,0.5690385103225708,True,True,True,Ramphastos ambiguus_Yellow-throated Toucan,1,Ramphastos ambiguus_Yellow-throated Toucan,0.569800078868866,Ramphastos ambiguus_Yellow-throated Toucan,0.569800078868866,0.569800078868866,True,True,True,Ramphastos ambiguus_Yellow-throated Toucan,1,True
Audio_Moth_6_20250321_123844.wav,Audio_Moth_6,2025-03-21 13:00:00,Ramphastos ambiguus_Yellow-throated Toucan,0.4919592,0.012427293695509434,Ramphastos ambiguus_Yellow-throated Toucan,0.49196019768714905,Ramphastos ambiguus_Yellow-throated Toucan,0.49196019768714905,0.49196019768714905,True,True,True,Ramphastos ambiguus_Yellow-throated Toucan,1,Ramphastos ambiguus_Yellow-throated Toucan,0.49114689230918884,Ramphastos ambiguus_Yellow-throated Toucan,0.49114689230918884,0.49114689230918884,True,True,True,Ramphastos ambiguus_Yellow-throated Toucan,1,True
Audio_Moth_6_20250321_123850.wav,Audio_Moth_6,2025-03-21 13:00:00,Ramphastos ambiguus_Yellow-throated Toucan,0.68388146,0.012832199223339558,Ramphastos ambiguus_Yellow-throated Toucan,0.6838797330856323,Ramphastos ambiguus_Yellow-throated Toucan,0.6838797330856323,0.6838797330856323,True,True,True,Ramphastos ambiguus_Yellow-throated Toucan,1,Ramphastos ambiguus_Yellow-throated Toucan,0.6852427124977112,Ramphastos ambiguus_Yellow-throated Toucan,0.6852427124977112,0.6852427124977112,True,True,False,Ramphastos ambiguus_Yellow-throated Toucan,1,True
Audio_Moth_6_20250321_123914.wav,Audio_Moth_6,2025-03-21 13:00:00,Ramphastos ambiguus_Yellow-throated Toucan,0.42260593,0.014725130051374435,Ramphastos ambiguus_Yellow-throated Toucan,0.4226009249687195,Ramphastos ambiguus_Yellow-throated Toucan,0.4226009249687195,0.4226009249687195,True,True,True,Ramphastos ambiguus_Yellow-throated Toucan,1,Ramphastos ambiguus_Yellow-throated Toucan,0.424276739358902,Ramphastos ambiguus_Yellow-throated Toucan,0.424276739358902,0.424276739358902,True,True,False,Ramphastos ambiguus_Yellow-throated Toucan,1,True
Audio_Moth_6_20250321_123917.wav,Audio_Moth_6,2025-03-21 13:00:00,Ramphastos ambiguus_Yellow-throated Toucan,0.4383043,0.013080241158604622,Ramphastos ambiguus_Yellow-throated Toucan,0.4383026659488678,Ramphastos ambiguus_Yellow-throated Toucan,0.4383026659488678,0.4383026659488678,True,True,True,Ramphastos ambiguus_Yellow-throated Toucan,1,Ramphastos ambiguus_Yellow-throated Toucan,0.44048061966896057,Ramphastos ambiguus_Yellow-throated Toucan,0.44048061966896057,0.44048061966896057,True,True,False,Ramphastos ambiguus_Yellow-throated Toucan,1,True
Audio_Moth_6_20250321_123920.wav,Audio_Moth_6,2025-03-21 13:00:00,Ramphastos ambiguus_Yellow-throated Toucan,0.40638334,0.013885789550840855,Ramphastos ambiguus_Yellow-throated Toucan,0.4063834547996521,Ramphastos ambiguus_Yellow-throated Toucan,0.4063834547996521,0.4063834547996521,True,True,True,Ramphastos ambiguus_Yellow-throated Toucan,1,Ramphastos ambiguus_Yellow-throated Toucan,0.40913939476013184,Ramphastos ambiguus_Yellow-throated Toucan,0.40913939476013184,0.40913939476013184,True,True,False,Ramphastos ambiguus_Yellow-throated Toucan,1,True
Audio_Moth_6_20250321_123932.wav,Audio_Moth_6,2025-03-21 13:00:00,Ramphastos ambiguus_Yellow-throated Toucan,0.7130679,0.010571127757430077,Ramphastos ambiguus_Yellow-throated Toucan,0.7130692601203918,Ramphastos ambiguus_Yellow-throated Toucan,0.7130692601203918,0.7130692601203918,True,True,True,Ramphastos ambiguus_Yellow-throated Toucan,1,Ramphastos ambiguus_Yellow-throated Toucan,0.718697726726532,Ramphastos ambiguus_Yellow-throated Toucan,0.718697726726532,0.718697726726532,True,True,False,Ramphastos ambiguus_Yellow-throated Toucan,1,True
Audio_Moth_6_20250321_123935.wav,Audio_Moth_6,2025-03-21 13:00:00,Ramphastos ambiguus_Yellow-throated Toucan,0.30545232,0.012843132950365543,Ramphastos ambiguus_Yellow-throated Toucan,0.3054526448249817,Ramphastos ambiguus_Yellow-throated Toucan,0.3054526448249817,0.3054526448249817,True,True,True,Ramphastos ambiguus_Yellow-throated Toucan,1,Ramphastos ambiguus_Yellow-throated Toucan,0.30529895424842834,Ramphastos ambiguus_Yellow-throated Toucan,0.30529895424842834,0.30529895424842834,True,True,True,Ramphastos ambiguus_Yellow-throated Toucan,1,True
Audio_Moth_6_20250321_123938.wav,Audio_Moth_6,2025-03-21 13:00:00,Ramphastos ambiguus_Yellow-throated Toucan,0.88188165,0.010675942525267601,Ramphastos ambiguus_Yellow-throated Toucan,0.8818808794021606,Ramphastos ambiguus_Yellow-throated Toucan,0.8818808794021606,0.8818808794021606,True,True,True,Ramphastos ambiguus_Yellow-throated Toucan,1,Ramphastos ambiguus_Yellow-throated Toucan,0.8815232515335083,Ramphastos ambiguus_Yellow-throated Toucan,0.8815232515335083,0.8815232515335083,True,True,True,Ramphastos ambiguus_Yellow-throated Toucan,1,True
Audio_Moth_6_20250321_123941.wav,Audio_Moth_6,2025-03-21 13:00:00,Ramphastos ambiguus_Yellow-throated Toucan,0.59097725,0.010656611993908882,Ramphastos ambiguus_Yellow-throated Toucan,0.5909772515296936,Ramphastos ambiguus_Yellow-throated Toucan,0.5909772515296936,0.5909772515296936,True,True,True,Ramphastos ambiguus_Yellow-throated Toucan,1,Ramphastos ambiguus_Yellow-throated Toucan,0.5922779440879822,Ramphastos ambiguus_Yellow-throated Toucan,0.5922779440879822,0.5922779440879822,True,True,False,Ramphastos ambiguus_Yellow-throated Toucan,1,True
Audio_Moth_6_20250321_123944.wav,Audio_Moth_6,2025-03-21 13:00:00,Ramphastos ambiguus_Yellow-throated Toucan,0.91238725,0.01223637256771326,Ramphastos ambiguus_Yellow-throated Toucan,0.9123874306678772,Ramphastos ambiguus_Yellow-throated Toucan,0.9123874306678772,0.9123874306678772,True,True,True,Ramphastos ambiguus_Yellow-throated Toucan,1,Ramphastos ambiguus_Yellow-throated Toucan,0.9123935103416443,Ramphastos ambiguus_Yellow-throated Toucan,0.9123935103416443,0.9123935103416443,True,True,True,Ramphastos ambiguus_Yellow-throated Toucan,1,True
Audio_Moth_6_20250321_123950.wav,Audio_Moth_6,2025-03-21 13:00:00,Ramphastos ambiguus_Yellow-throated Toucan,0.32363313,0.012359006330370903,Ramphastos ambiguus_Yellow-throated Toucan,0.3236317038536072,Ramphastos ambiguus_Yellow-throated Toucan,0.3236317038536072,0.3236317038536072,True,True,True,Ramphastos ambiguus_Yellow-throated Toucan,1,Ramphastos ambiguus_Yellow-throated Toucan,0.323785662651062,Ramphastos ambiguus_Yellow-throated Toucan,0.323785662651062,0.323785662651062,True,True,True,Ramphastos ambiguus_Yellow-throated Toucan,1,True
Audio_Moth_6_20250321_124005.wav,Audio_Moth_6,2025-03-21 13:00:00,Ramphastos ambiguus_Yellow-throated Toucan,0.3464159,0.013779672794044018,Ramphastos ambiguus_Yellow-throated Toucan,0.3464193642139435,Ramphastos ambiguus_Yellow-throated Toucan,0.3464193642139435,0.3464193642139435,True,True,True,Ramphastos ambiguus_Yellow-throated Toucan,1,Ramphastos ambiguus_Yellow-throated Toucan,0.34888797998428345,Ramphastos ambiguus_Yellow-throated Toucan,0.34888797998428345,0.34888797998428345,True,True,False,Ramphastos ambiguus_Yellow-throated Toucan,1,True
Audio_Moth_6_20250321_124017.wav,Audio_Moth_6,2025-03-21 13:00:00,Ramphastos ambiguus_Yellow-throated Toucan,0.64693445,0.01353880763053894,Ramphastos ambiguus_Yellow-throated Toucan,0.6469360589981079,Ramphastos ambiguus_Yellow-throated Toucan,0.6469360589981079,0.6469360589981079,True,True,True,Ramphastos ambiguus_Yellow-throated Toucan,1,Ramphastos ambiguus_Yellow-throated Toucan,0.6479076743125916,Ramphastos ambiguus_Yellow-throated Toucan,0.6479076743125916,0.6479076743125916,True,True,True,Ramphastos ambiguus_Yellow-throated Toucan,1,True
Audio_Moth_6_20250321_124029.wav,Audio_Moth_6,2025-03-21 13:00:00,Ramphastos ambiguus_Yellow-throated Toucan,0.84008706,0.01478844415396452,Ramphastos ambiguus_Yellow-throated Toucan,0.8400872349739075,Ramphastos ambiguus_Yellow-throated Toucan,0.8400872349739075,0.8400872349739075,True,True,True,Ramphastos ambiguus_Yellow-throated Toucan,1,Ramphastos ambiguus_Yellow-throated Toucan,0.8402803540229797,Ramphastos ambiguus_Yellow-throated Toucan,0.8402803540229797,0.8402803540229797,True,True,True,Ramphastos ambiguus_Yellow-throated Toucan,1,True
Audio_Moth_6_20250321_124035.wav,Audio_Moth_6,2025-03-21 13:00:00,Ramphastos ambiguus_Yellow-throated Toucan,0.5839199,0.017237871885299683,Ramphastos ambiguus_Yellow-throated Toucan,0.5839217901229858,Ramphastos ambiguus_Yellow-throated Toucan,0.5839217901229858,0.5839217901229858,True,True,True,Ramphastos ambiguus_Yellow-throated Toucan,1,Ramphastos ambiguus_Yellow-throated Toucan,0.588243305683136,Ramphastos ambiguus_Yellow-throated Toucan,0.588243305683136,0.588243305683136,True,True,False,Ramphastos ambiguus_Yellow-throated Toucan,1,True
Audio_Moth_6_20250321_124038.wav,Audio_Moth_6,2025-03-21 13:00:00,Ramphastos ambiguus_Yellow-throated Toucan,0.6111717,0.016397621482610703,Ramphastos ambiguus_Yellow-throated Toucan,0.6111701726913452,Ramphastos ambiguus_Yellow-throated Toucan,0.6111701726913452,0.6111701726913452,True,True,True,Ramphastos ambiguus_Yellow-throated Toucan,1,Ramphastos ambiguus_Yellow-throated Toucan,0.6102246642112732,Ramphastos ambiguus_Yellow-throated Toucan,0.6102246642112732,0.6102246642112732,True,True,True,Ramphastos ambiguus_Yellow-throated Toucan,1,True
Audio_Moth_6_20250321_124041.wav,Audio_Moth_6,2025-03-21 13:00:00,Ramphastos ambiguus_Yellow-throated Toucan,0.8903611,0.018262244760990143,Ramphastos ambiguus_Yellow-throated Toucan,0.8903613686561584,Ramphastos ambiguus_Yellow-throated Toucan,0.8903613686561584,0.8903613686561584,True,True,True,Ramphastos ambiguus_Yellow-throated Toucan,1,Ramphastos ambiguus_Yellow-throated Toucan,0.8921486735343933,Ramphastos ambiguus_Yellow-throated Toucan,0.8921486735343933,0.8921486735343933,True,True,False,Ramphastos ambiguus_Yellow-throated Toucan,1,True
Audio_Moth_6_20250321_124044.wav,Audio_Moth_6,2025-03-21 13:00:00,Ramphastos ambiguus_Yellow-throated Toucan,0.4603854,0.01671622134745121,Ramphastos ambiguus_Yellow-throated Toucan,0.4603897035121918,Ramphastos ambiguus_Yellow-throated Toucan,0.4603897035121918,0.4603897035121918,True,True,True,Ramphastos ambiguus_Yellow-throated Toucan,1,Ramphastos ambiguus_Yellow-throated Toucan,0.46156907081604004,Ramphastos ambiguus_Yellow-throated Toucan,0.46156907081604004,0.46156907081604004,True,True,False,Ramphastos ambiguus_Yellow-throated Toucan,1,True
Audio_Moth_6_20250321_124417.wav,Audio_Moth_6,2025-03-21 13:00:00,Epinecrophylla fulviventris_Checker-throated Stipplethroat,0.45277107,0.02315538562834263,Epinecrophylla fulviventris_Checker-throated Stipplethroat,0.45277300477027893,Epinecrophylla fulviventris_Checker-throated Stipplethroat,0.45277300477027893,0.45277300477027893,True,True,True,Epinecrophylla fulviventris_Checker-throated Stipplethroat,1,Epinecrophylla fulviventris_Checker-throated Stipplethroat,0.4592989385128021,Epinecrophylla fulviventris_Checker-throated Stipplethroat,0.4592989385128021,0.4592989385128021,True,True,False,Epinecrophylla fulviventris_Checker-throated Stipplethroat,1,True
Audio_Moth_6_20250321_124935.wav,Audio_Moth_6,2025-03-21 13:00:00,Myiornis atricapillus_Black-capped Pygmy-Tyrant,0.28007,0.01546441949903965,Myiornis atricapillus_Black-capped Pygmy-Tyrant,0.2800670564174652,Myiornis atricapillus_Black-capped Pygmy-Tyrant,0.2800670564174652,0.2800670564174652,True,True,True,Myiornis atricapillus_Black-capped Pygmy-Tyrant,1,Myiornis atricapillus_Black-capped Pygmy-Tyrant,0.28099846839904785,Myiornis atricapillus_Black-capped Pygmy-Tyrant,0.28099846839904785,0.28099846839904785,True,True,True,Myiornis atricapillus_Black-capped Pygmy-Tyrant,1,True
Audio_Moth_6_20250321_125023.wav,Audio_Moth_6,2025-03-21 13:00:00,Myiothlypis fulvicauda_Buff-rumped Warbler,0.2819708,0.015712739899754524,Myiothlypis fulvicauda_Buff-rumped Warbler,0.28197169303894043,Myiothlypis fulvicauda_Buff-rumped Warbler,0.28197169303894043,0.28197169303894043,True,True,True,Myiothlypis fulvicauda_Buff-rumped Warbler,1,Myiothlypis fulvicauda_Buff-rumped Warbler,0.2822311818599701,Myiothlypis fulvicauda_Buff-rumped Warbler,0.2822311818599701,0.2822311818599701,True,True,True,Myiothlypis fulvicauda_Buff-rumped Warbler,1,True
Audio_Moth_6_20250321_125338.wav,Audio_Moth_6,2025-03-21 13:00:00,Myiothlypis fulvicauda_Buff-rumped Warbler,0.28843364,0.010791504755616188,Myiothlypis fulvicauda_Buff-rumped Warbler,0.2884325683116913,Myiothlypis fulvicauda_Buff-rumped Warbler,0.2884325683116913,0.2884325683116913,True,True,True,Myiothlypis fulvicauda_Buff-rumped Warbler,1,Myiothlypis fulvicauda_Buff-rumped Warbler,0.28878769278526306,Myiothlypis fulvicauda_Buff-rumped Warbler,0.28878769278526306,0.28878769278526306,True,True,True,Myiothlypis fulvicauda_Buff-rumped Warbler,1,True
Audio_Moth_6_20250321_125344.wav,Audio_Moth_6,2025-03-21 13:00:00,Myiothlypis fulvicauda_Buff-rumped Warbler,0.38864458,0.009388149715960026,Myiothlypis fulvicauda_Buff-rumped Warbler,0.38864976167678833,Myiothlypis fulvicauda_Buff-rumped Warbler,0.38864976167678833,0.38864976167678833,True,True,True,Myiothlypis fulvicauda_Buff-rumped Warbler,1,Myiothlypis fulvicauda_Buff-rumped Warbler,0.39240244030952454,Myiothlypis fulvicauda_Buff-rumped Warbler,0.39240244030952454,0.39240244030952454,True,True,False,Myiothlypis fulvicauda_Buff-rumped Warbler,1,True
Audio_Moth_6_20250321_125620.wav,Audio_Moth_6,2025-03-21 13:00:00,Myiothlypis fulvicauda_Buff-rumped Warbler,0.62546337,0.015608606860041618,Myiothlypis fulvicauda_Buff-rumped Warbler,0.6254646182060242,Myiothlypis fulvicauda_Buff-rumped Warbler,0.6254646182060242,0.6254646182060242,True,True,True,Myiothlypis fulvicauda_Buff-rumped Warbler,1,Myiothlypis fulvicauda_Buff-rumped Warbler,0.6221887469291687,Myiothlypis fulvicauda_Buff-rumped Warbler,0.6221887469291687,0.6221887469291687,True,True,False,Myiothlypis fulvicauda_Buff-rumped Warbler,1,True
Audio_Moth_6_20250321_125623.wav,Audio_Moth_6,2025-03-21 13:00:00,Myiothlypis fulvicauda_Buff-rumped Warbler,0.8342639,0.03327903151512146,Myiothlypis fulvicauda_Buff-rumped Warbler,0.8342653512954712,Myiothlypis fulvicauda_Buff-rumped Warbler,0.8342653512954712,0.8342653512954712,True,True,True,Myiothlypis fulvicauda_Buff-rumped Warbler,1,Myiothlypis fulvicauda_Buff-rumped Warbler,0.8357374668121338,Myiothlypis fulvicauda_Buff-rumped Warbler,0.8357374668121338,0.8357374668121338,True,True,False,Myiothlypis fulvicauda_Buff-rumped Warbler,1,True
Audio_Moth_6_20250321_125626.wav,Audio_Moth_6,2025-03-21 13:00:00,Myiothlypis fulvicauda_Buff-rumped Warbler,0.71679187,0.012338570319116116,Myiothlypis fulvicauda_Buff-rumped Warbler,0.7167917490005493,Myiothlypis fulvicauda_Buff-rumped Warbler,0.7167917490005493,0.7167917490005493,True,True,True,Myiothlypis fulvicauda_Buff-rumped Warbler,1,Myiothlypis fulvicauda_Buff-rumped Warbler,0.7198855876922607,Myiothlypis fulvicauda_Buff-rumped Warbler,0.7198855876922607,0.7198855876922607,True,True,False,Myiothlypis fulvicauda_Buff-rumped Warbler,1,True
Audio_Moth_6_20250321_125632.wav,Audio_Moth_6,2025-03-21 13:00:00,Myiothlypis fulvicauda_Buff-rumped Warbler,0.25045577,0.011559461243450642,Myiothlypis fulvicauda_Buff-rumped Warbler,0.2504613995552063,Myiothlypis fulvicauda_Buff-rumped Warbler,0.2504613995552063,0.2504613995552063,True,True,True,Myiothlypis fulvicauda_Buff-rumped Warbler,1,Myiothlypis fulvicauda_Buff-rumped Warbler,0.24693886935710907,Myiothlypis fulvicauda_Buff-rumped Warbler,0.24693886935710907,0.24693886935710907,True,True,False,,0,False
Audio_Moth_6_20250321_125911.wav,Audio_Moth_6,2025-03-21 13:00:00,Hylopezus perspicillatus_Streak-chested Antpitta,0.3697819,0.014477317221462727,Hylopezus perspicillatus_Streak-chested Antpitta,0.3697800934314728,Hylopezus perspicillatus_Streak-chested Antpitta,0.3697800934314728,0.3697800934314728,True,True,True,Hylopezus perspicillatus_Streak-chested Antpitta,1,Hylopezus perspicillatus_Streak-chested Antpitta,0.37331217527389526,Hylopezus perspicillatus_Streak-chested Antpitta,0.37331217527389526,0.37331217527389526,True,True,False,Hylopezus perspicillatus_Streak-chested Antpitta,1,True
Audio_Moth_6_20250321_130108.wav,Audio_Moth_6,2025-03-21 13:00:00,Hylopezus perspicillatus_Streak-chested Antpitta,0.29857638,0.01322784274816513,Hylopezus perspicillatus_Streak-chested Antpitta,0.2985754609107971,Hylopezus perspicillatus_Streak-chested Antpitta,0.2985754609107971,0.2985754609107971,True,True,True,Hylopezus perspicillatus_Streak-chested Antpitta,1,Hylopezus perspicillatus_Streak-chested Antpitta,0.30279138684272766,Hylopezus perspicillatus_Streak-chested Antpitta,0.30279138684272766,0.30279138684272766,True,True,False,Hylopezus perspicillatus_Streak-chested Antpitta,1,True
Audio_Moth_6_20250321_130117.wav,Audio_Moth_6,2025-03-21 13:00:00,Epinecrophylla fulviventris_Checker-throated Stipplethroat,0.30127388,0.010766198858618736,Epinecrophylla fulviventris_Checker-throated Stipplethroat,0.3012765645980835,Epinecrophylla fulviventris_Checker-throated Stipplethroat,0.3012765645980835,0.3012765645980835,True,True,True,Epinecrophylla fulviventris_Checker-throated Stipplethroat,1,Epinecrophylla fulviventris_Checker-throated Stipplethroat,0.2994414269924164,Epinecrophylla fulviventris_Checker-throated Stipplethroat,0.2994414269924164,0.2994414269924164,True,True,False,Epinecrophylla fulviventris_Checker-throated Stipplethroat,1,True
Audio_Moth_6_20250321_130129.wav,Audio_Moth_6,2025-03-21 13:00:00,Threnetes ruckeri_Band-tailed Barbthroat,0.29950255,0.013758362270891666,Threnetes ruckeri_Band-tailed Barbthroat,0.29950475692749023,Threnetes ruckeri_Band-tailed Barbthroat,0.29950475692749023,0.29950475692749023,True,True,True,Chlorestes eliciae_Blue-throated Goldentail;Threnetes ruckeri_Band-tailed Barbthroat,2,Threnetes ruckeri_Band-tailed Barbthroat,0.29825514554977417,Threnetes ruckeri_Band-tailed Barbthroat,0.29825514554977417,0.29825514554977417,True,True,False,Chlorestes eliciae_Blue-throated Goldentail;Threnetes ruckeri_Band-tailed Barbthroat,2,True
Audio_Moth_6_20250321_130135.wav,Audio_Moth_6,2025-03-21 13:00:00,Threnetes ruckeri_Band-tailed Barbthroat,0.2771528,0.010937720537185669,Threnetes ruckeri_Band-tailed Barbthroat,0.2771550118923187,Threnetes ruckeri_Band-tailed Barbthroat,0.2771550118923187,0.2771550118923187,True,True,True,Threnetes ruckeri_Band-tailed Barbthroat,1,Threnetes ruckeri_Band-tailed Barbthroat,0.2759864032268524,Threnetes ruckeri_Band-tailed Barbthroat,0.2759864032268524,0.2759864032268524,True,True,False,Threnetes ruckeri_Band-tailed Barbthroat,1,True
Audio_Moth_6_20250321_130150.wav,Audio_Moth_6,2025-03-21 13:00:00,Chlorestes eliciae_Blue-throated Goldentail,0.4694747,0.01342687476426363,Chlorestes eliciae_Blue-throated Goldentail,0.46947523951530457,Chlorestes eliciae_Blue-throated Goldentail,0.46947523951530457,0.46947523951530457,True,True,True,Chlorestes eliciae_Blue-throated Goldentail,1,Chlorestes eliciae_Blue-throated Goldentail,0.470933198928833,Chlorestes eliciae_Blue-throated Goldentail,0.470933198928833,0.470933198928833,True,True,False,Chlorestes eliciae_Blue-throated Goldentail,1,True
Audio_Moth_6_20250321_130156.wav,Audio_Moth_6,2025-03-21 13:00:00,Myiothlypis fulvicauda_Buff-rumped Warbler,0.3061659,0.013127696700394154,Myiothlypis fulvicauda_Buff-rumped Warbler,0.3061613440513611,Myiothlypis fulvicauda_Buff-rumped Warbler,0.3061613440513611,0.3061613440513611,True,True,True,Myiothlypis fulvicauda_Buff-rumped Warbler,1,Myiothlypis fulvicauda_Buff-rumped Warbler,0.3067243695259094,Myiothlypis fulvicauda_Buff-rumped Warbler,0.3067243695259094,0.3067243695259094,True,True,True,Myiothlypis fulvicauda_Buff-rumped Warbler,1,True
Audio_Moth_6_20250321_130202.wav,Audio_Moth_6,2025-03-21 13:00:00,Chlorestes eliciae_Blue-throated Goldentail,0.33685753,0.013440865091979504,Chlorestes eliciae_Blue-throated Goldentail,0.33685559034347534,Chlorestes eliciae_Blue-throated Goldentail,0.33685559034347534,0.33685559034347534,True,True,True,Chlorestes eliciae_Blue-throated Goldentail,1,Chlorestes eliciae_Blue-throated Goldentail,0.33551082015037537,Chlorestes eliciae_Blue-throated Goldentail,0.33551082015037537,0.33551082015037537,True,True,False,Chlorestes eliciae_Blue-throated Goldentail,1,True
Audio_Moth_6_20250321_130205.wav,Audio_Moth_6,2025-03-21 13:00:00,Myiothlypis fulvicauda_Buff-rumped Warbler,0.2797915,0.01078752800822258,Myiothlypis fulvicauda_Buff-rumped Warbler,0.2798035442829132,Myiothlypis fulvicauda_Buff-rumped Warbler,0.2798035442829132,0.2798035442829132,True,True,True,Myiothlypis fulvicauda_Buff-rumped Warbler,1,Myiothlypis fulvicauda_Buff-rumped Warbler,0.2809273600578308,Myiothlypis fulvicauda_Buff-rumped Warbler,0.2809273600578308,0.2809273600578308,True,True,False,Myiothlypis fulvicauda_Buff-rumped Warbler,1,True
Audio_Moth_6_20250321_130214.wav,Audio_Moth_6,2025-03-21 13:00:00,Myiothlypis fulvicauda_Buff-rumped Warbler,0.33119312,0.010157184675335884,Myiothlypis fulvicauda_Buff-rumped Warbler,0.3311939239501953,Myiothlypis fulvicauda_Buff-rumped Warbler,0.3311939239501953,0.3311939239501953,True,True,True,Myiothlypis fulvicauda_Buff-rumped Warbler,1,Myiothlypis fulvicauda_Buff-rumped Warbler,0.3340516984462738,Myiothlypis fulvicauda_Buff-rumped Warbler,0.3340516984462738,0.3340516984462738,True,True,False,Myiothlypis fulvicauda_Buff-rumped Warbler,1,True
Audio_Moth_6_20250321_130226.wav,Audio_Moth_6,2025-03-21 13:00:00,Chlorestes eliciae_Blue-throated Goldentail,0.30562514,0.013502697460353374,Chlorestes eliciae_Blue-throated Goldentail,0.30562499165534973,Chlorestes eliciae_Blue-throated Goldentail,0.30562499165534973,0.30562499165534973,True,True,True,Chlorestes eliciae_Blue-throated Goldentail,1,Chlorestes eliciae_Blue-throated Goldentail,0.3063361942768097,Chlorestes eliciae_Blue-throated Goldentail,0.3063361942768097,0.3063361942768097,True,True,True,Chlorestes eliciae_Blue-throated Goldentail,1,True
Audio_Moth_6_20250321_130229.wav,Audio_Moth_6,2025-03-21 13:00:00,Chlorestes eliciae_Blue-throated Goldentail,0.28625998,0.013812396675348282,Chlorestes eliciae_Blue-throated Goldentail,0.2862561345100403,Chlorestes eliciae_Blue-throated Goldentail,0.2862561345100403,0.2862561345100403,True,True,True,Chlorestes eliciae_Blue-throated Goldentail,1,Chlorestes eliciae_Blue-throated Goldentail,0.28434011340141296,Chlorestes eliciae_Blue-throated Goldentail,0.28434011340141296,0.28434011340141296,True,True,False,Chlorestes eliciae_Blue-throated Goldentail,1,True
Audio_Moth_6_20250321_130323.wav,Audio_Moth_6,2025-03-21 13:00:00,Arremon aurantiirostris_Orange-billed Sparrow,0.4799885,0.015379751101136208,Arremon aurantiirostris_Orange-billed Sparrow,0.4799947440624237,Arremon aurantiirostris_Orange-billed Sparrow,0.4799947440624237,0.4799947440624237,True,True,True,Arremon aurantiirostris_Orange-billed Sparrow,1,Arremon aurantiirostris_Orange-billed Sparrow,0.4756223261356354,Arremon aurantiirostris_Orange-billed Sparrow,0.4756223261356354,0.4756223261356354,True,True,False,Arremon aurantiirostris_Orange-billed Sparrow,1,True
Audio_Moth_6_20250321_130350.wav,Audio_Moth_6,2025-03-21 13:00:00,Hylopezus perspicillatus_Streak-chested Antpitta,0.264009,0.014520361088216305,Hylopezus perspicillatus_Streak-chested Antpitta,0.264008104801178,Hylopezus perspicillatus_Streak-chested Antpitta,0.264008104801178,0.264008104801178,True,True,True,Hylopezus perspicillatus_Streak-chested Antpitta,1,Hylopezus perspicillatus_Streak-chested Antpitta,0.2640877962112427,Hylopezus perspicillatus_Streak-chested Antpitta,0.2640877962112427,0.2640877962112427,True,True,True,Hylopezus perspicillatus_Streak-chested Antpitta,1,True
Audio_Moth_6_20250321_130529.wav,Audio_Moth_6,2025-03-21 13:00:00,Threnetes ruckeri_Band-tailed Barbthroat,0.26680234,0.015526744537055492,Threnetes ruckeri_Band-tailed Barbthroat,0.26679784059524536,Threnetes ruckeri_Band-tailed Barbthroat,0.26679784059524536,0.26679784059524536,True,True,True,Threnetes ruckeri_Band-tailed Barbthroat,1,Threnetes ruckeri_Band-tailed Barbthroat,0.2682870924472809,Threnetes ruckeri_Band-tailed Barbthroat,0.2682870924472809,0.2682870924472809,True,True,False,Threnetes ruckeri_Band-tailed Barbthroat,1,True
Audio_Moth_6_20250321_130608.wav,Audio_Moth_6,2025-03-21 13:00:00,Phaethornis striigularis_Stripe-throated Hermit,0.62987673,0.013976102694869041,Phaethornis striigularis_Stripe-throated Hermit,0.6298820376396179,Phaethornis striigularis_Stripe-throated Hermit,0.6298820376396179,0.6298820376396179,True,True,True,Phaethornis striigularis_Stripe-throated Hermit,1,Phaethornis striigularis_Stripe-throated Hermit,0.6476656198501587,Phaethornis striigularis_Stripe-throated Hermit,0.6476656198501587,0.6476656198501587,True,True,False,Phaethornis striigularis_Stripe-throated Hermit,1,True
Audio_Moth_6_20250321_130714.wav,Audio_Moth_6,2025-03-21 13:00:00,Myiothlypis fulvicauda_Buff-rumped Warbler,0.4169866,0.008481204509735107,Myiothlypis fulvicauda_Buff-rumped Warbler,0.4169972240924835,Myiothlypis fulvicauda_Buff-rumped Warbler,0.4169972240924835,0.4169972240924835,True,True,True,Myiothlypis fulvicauda_Buff-rumped Warbler,1,Myiothlypis fulvicauda_Buff-rumped Warbler,0.419018417596817,Myiothlypis fulvicauda_Buff-rumped Warbler,0.419018417596817,0.419018417596817,True,True,False,Myiothlypis fulvicauda_Buff-rumped Warbler,1,True
Audio_Moth_6_20250321_130805.wav,Audio_Moth_6,2025-03-21 13:00:00,Chlorestes eliciae_Blue-throated Goldentail,0.4771426,0.016494465991854668,Chlorestes eliciae_Blue-throated Goldentail,0.47714218497276306,Chlorestes eliciae_Blue-throated Goldentail,0.47714218497276306,0.47714218497276306,True,True,True,Chlorestes eliciae_Blue-throated Goldentail,1,Chlorestes eliciae_Blue-throated Goldentail,0.470375120639801,Chlorestes eliciae_Blue-throated Goldentail,0.470375120639801,0.470375120639801,True,True,False,Chlorestes eliciae_Blue-throated Goldentail,1,True
Audio_Moth_6_20250321_130808.wav,Audio_Moth_6,2025-03-21 13:00:00,Chlorestes eliciae_Blue-throated Goldentail,0.5274448,0.01409559603780508,Chlorestes eliciae_Blue-throated Goldentail,0.52745121717453,Chlorestes eliciae_Blue-throated Goldentail,0.52745121717453,0.52745121717453,True,True,True,Chlorestes eliciae_Blue-throated Goldentail,1,Chlorestes eliciae_Blue-throated Goldentail,0.5302714109420776,Chlorestes eliciae_Blue-throated Goldentail,0.5302714109420776,0.5302714109420776,True,True,False,Chlorestes eliciae_Blue-throated Goldentail,1,True
Audio_Moth_6_20250321_130814.wav,Audio_Moth_6,2025-03-21 13:00:00,Chlorestes eliciae_Blue-throated Goldentail,0.29784673,0.015336291864514351,Chlorestes eliciae_Blue-throated Goldentail,0.29784876108169556,Chlorestes eliciae_Blue-throated Goldentail,0.29784876108169556,0.29784876108169556,True,True,True,Chlorestes eliciae_Blue-throated Goldentail,1,Chlorestes eliciae_Blue-throated Goldentail,0.31205490231513977,Chlorestes eliciae_Blue-throated Goldentail,0.31205490231513977,0.31205490231513977,True,True,False,Chlorestes eliciae_Blue-throated Goldentail,1,True
Audio_Moth_6_20250321_130823.wav,Audio_Moth_6,2025-03-21 13:00:00,Chlorestes eliciae_Blue-throated Goldentail,0.4842304,0.012067878618836403,Chlorestes eliciae_Blue-throated Goldentail,0.48421546816825867,Chlorestes eliciae_Blue-throated Goldentail,0.48421546816825867,0.48421546816825867,True,True,True,Chlorestes eliciae_Blue-throated Goldentail,1,Chlorestes eliciae_Blue-throated Goldentail,0.4800552427768707,Chlorestes eliciae_Blue-throated Goldentail,0.4800552427768707,0.4800552427768707,True,True,False,Chlorestes eliciae_Blue-throated Goldentail,1,True
Audio_Moth_6_20250321_130829.wav,Audio_Moth_6,2025-03-21 13:00:00,Chlorestes eliciae_Blue-throated Goldentail,0.27209505,0.013476859778165817,Chlorestes eliciae_Blue-throated Goldentail,0.27209028601646423,Chlorestes eliciae_Blue-throated Goldentail,0.27209028601646423,0.27209028601646423,True,True,True,Chlorestes eliciae_Blue-throated Goldentail,1,Chlorestes eliciae_Blue-throated Goldentail,0.2698298394680023,Chlorestes eliciae_Blue-throated Goldentail,0.2698298394680023,0.2698298394680023,True,True,False,Chlorestes eliciae_Blue-throated Goldentail,1,True
Audio_Moth_6_20250321_130835.wav,Audio_Moth_6,2025-03-21 13:00:00,Eucometis penicillata_Gray-headed Tanager,0.3193276,0.013503557071089745,Eucometis penicillata_Gray-headed Tanager,0.31932756304740906,Eucometis penicillata_Gray-headed Tanager,0.31932756304740906,0.31932756304740906,True,True,True,Eucometis penicillata_Gray-headed Tanager,1,Eucometis penicillata_Gray-headed Tanager,0.31497371196746826,Eucometis penicillata_Gray-headed Tanager,0.31497371196746826,0.31497371196746826,True,True,False,Eucometis penicillata_Gray-headed Tanager,1,True
Audio_Moth_6_20250321_130853.wav,Audio_Moth_6,2025-03-21 13:00:00,Chlorestes eliciae_Blue-throated Goldentail,0.56139696,0.01262436993420124,Chlorestes eliciae_Blue-throated Goldentail,0.5614010095596313,Chlorestes eliciae_Blue-throated Goldentail,0.5614010095596313,0.5614010095596313,True,True,True,Chlorestes eliciae_Blue-throated Goldentail,1,Chlorestes eliciae_Blue-throated Goldentail,0.5590384006500244,Chlorestes eliciae_Blue-throated Goldentail,0.5590384006500244,0.5590384006500244,True,True,False,Chlorestes eliciae_Blue-throated Goldentail,1,True
